qid,docid,docno,rank,score,query,run_id
MB01,133,2045393501299548572,0,1.8458459867705683,regime change iran,BM25_lexemes
MB01,131,2045398108817830004,1,1.5705479472772255,regime change iran,BM25_lexemes
MB01,123,2045399803203592596,2,1.5702277062928636,regime change iran,BM25_lexemes
MB01,124,2045399721959977051,3,1.5702277062928636,regime change iran,BM25_lexemes
MB01,125,2045399616376758278,4,1.5702277062928636,regime change iran,BM25_lexemes
MB01,127,2045399529609183420,5,1.5702277062928636,regime change iran,BM25_lexemes
MB01,128,2045399431688945699,6,1.5702277062928636,regime change iran,BM25_lexemes
MB01,129,2045399378849104068,7,1.5702277062928636,regime change iran,BM25_lexemes
MB01,130,2045399286964535695,8,1.5702277062928636,regime change iran,BM25_lexemes
MB01,190,2045298074671804579,9,1.5702277062928636,regime change iran,BM25_lexemes
MB01,191,2045297910871634089,10,1.5702277062928636,regime change iran,BM25_lexemes
MB01,193,2045297668034019582,11,1.5702277062928636,regime change iran,BM25_lexemes
MB01,194,2045297466426466554,12,1.5702277062928636,regime change iran,BM25_lexemes
MB01,195,2045297284687266289,13,1.5702277062928636,regime change iran,BM25_lexemes
MB01,196,2045297112997621986,14,1.5702277062928636,regime change iran,BM25_lexemes
MB01,197,2045296944323666106,15,1.5702277062928636,regime change iran,BM25_lexemes
MB01,198,2045296726551220349,16,1.5702277062928636,regime change iran,BM25_lexemes
MB01,199,2045295996088025484,17,1.5702277062928636,regime change iran,BM25_lexemes
MB01,168,2045332267162276135,18,1.518010706676162,regime change iran,BM25_lexemes
MB01,186,2045306716091281769,19,1.3860928776853518,regime change iran,BM25_lexemes
MB01,188,2045306321793433782,20,1.3768912344413493,regime change iran,BM25_lexemes
MB01,122,2045400293710471508,21,1.3250983341777371,regime change iran,BM25_lexemes
MB01,74,2045436304238764390,22,1.316586042699281,regime change iran,BM25_lexemes
MB01,46,2045443906599346534,23,1.2107883434058677,regime change iran,BM25_lexemes
MB01,93,2045433390967517552,24,1.2094413730998186,regime change iran,BM25_lexemes
MB01,20,2045453809359462654,25,1.1758239790315512,regime change iran,BM25_lexemes
MB01,23,2045453020553695609,26,1.10199134370347,regime change iran,BM25_lexemes
MB01,45,2045444062484804010,27,1.0657274299626,regime change iran,BM25_lexemes
MB01,3,2045459926248829101,28,1.0387433926885359,regime change iran,BM25_lexemes
MB01,2,2045460590563410352,29,1.0083433220132776,regime change iran,BM25_lexemes
MB02,112,2045427519814312418,0,3.476598134881536,regime collapse,BM25_lexemes
MB02,142,2045381055708860714,1,3.371783805572695,regime collapse,BM25_lexemes
MB02,152,2045364763312455785,2,3.371783805572695,regime collapse,BM25_lexemes
MB02,101,2045458769492979802,3,3.273104510269743,regime collapse,BM25_lexemes
MB02,135,2045392180802396314,4,3.180036917519705,regime collapse,BM25_lexemes
MB02,156,2045358981343072490,5,3.180036917519705,regime collapse,BM25_lexemes
MB02,176,2045318504618868886,6,3.180036917519705,regime collapse,BM25_lexemes
MB02,126,2045399549531890158,7,3.0089251086839486,regime collapse,BM25_lexemes
MB02,162,2045348543255150822,8,3.0089251086839486,regime collapse,BM25_lexemes
MB02,164,2045345115867349323,9,3.0089251086839486,regime collapse,BM25_lexemes
MB02,182,2045310621353177590,10,3.0089251086839486,regime collapse,BM25_lexemes
MB02,133,2045393501299548572,11,2.9300936918368317,regime collapse,BM25_lexemes
MB02,178,2045315972463047147,12,2.884763301605079,regime collapse,BM25_lexemes
MB02,65,2045438432747667600,13,2.8552874578243967,regime collapse,BM25_lexemes
MB02,66,2045438384320205216,14,2.8552874578243967,regime collapse,BM25_lexemes
MB02,103,2045455413861023835,15,2.8552874578243967,regime collapse,BM25_lexemes
MB02,144,2045379660976939335,16,2.8552874578243967,regime collapse,BM25_lexemes
MB02,146,2045379059228487850,17,2.8552874578243967,regime collapse,BM25_lexemes
MB02,147,2045377434011488749,18,2.8552874578243967,regime collapse,BM25_lexemes
MB02,173,2045325917611049104,19,2.8552874578243967,regime collapse,BM25_lexemes
MB02,189,2045305048268484832,20,2.8455285095373943,regime collapse,BM25_lexemes
MB02,172,2045326421111820314,21,2.8185961481922432,regime collapse,BM25_lexemes
MB02,134,2045393312979542087,22,2.7554491906033722,regime collapse,BM25_lexemes
MB02,107,2045442657254564083,23,2.7165772753228477,regime collapse,BM25_lexemes
MB02,115,2045423484126351672,24,2.7165772753228477,regime collapse,BM25_lexemes
MB02,148,2045373342442475887,25,2.6521562523573654,regime collapse,BM25_lexemes
MB02,155,2045360032850559102,26,2.590719818201214,regime collapse,BM25_lexemes
MB02,145,2045379394219208886,27,2.476007805745254,regime collapse,BM25_lexemes
MB02,175,2045321292937679212,28,2.476007805745254,regime collapse,BM25_lexemes
MB02,177,2045318021556924429,29,2.476007805745254,regime collapse,BM25_lexemes
MB03,274,2045449825953415622,0,5.1772600291082425,closing hormuz strait,BM25_lexemes
MB03,210,2045460430038925635,1,5.137367885915627,closing hormuz strait,BM25_lexemes
MB03,243,2045455038752190844,2,5.137367885915627,closing hormuz strait,BM25_lexemes
MB03,246,2045454947257577803,3,5.137367885915627,closing hormuz strait,BM25_lexemes
MB03,299,2045446092720882085,4,5.137367885915627,closing hormuz strait,BM25_lexemes
MB03,217,2045459430100058130,5,5.117249796789262,closing hormuz strait,BM25_lexemes
MB03,204,2045461488979112332,6,5.03613061018119,closing hormuz strait,BM25_lexemes
MB03,231,2045456663184847359,7,4.991291749112371,closing hormuz strait,BM25_lexemes
MB03,247,2045454542460850480,8,4.991291749112371,closing hormuz strait,BM25_lexemes
MB03,250,2045453773682671952,9,4.991291749112371,closing hormuz strait,BM25_lexemes
MB03,253,2045452671298007229,10,4.991291749112371,closing hormuz strait,BM25_lexemes
MB03,275,2045449695489892499,11,4.991291749112371,closing hormuz strait,BM25_lexemes
MB03,292,2045447076343951468,12,4.991291749112371,closing hormuz strait,BM25_lexemes
MB03,212,2045460030061772928,13,4.872125218617751,closing hormuz strait,BM25_lexemes
MB03,220,2045459033885491314,14,4.853293009420394,closing hormuz strait,BM25_lexemes
MB03,244,2045454999518339562,15,4.853293009420394,closing hormuz strait,BM25_lexemes
MB03,294,2045446979543585187,16,4.853293009420394,closing hormuz strait,BM25_lexemes
MB03,200,2045461866365718542,17,4.722719722507176,closing hormuz strait,BM25_lexemes
MB03,270,2045450185514344567,18,4.722719722507176,closing hormuz strait,BM25_lexemes
MB03,205,2045461058244976964,19,4.65043140312742,closing hormuz strait,BM25_lexemes
MB03,203,2045461578875912680,20,4.598988265708006,closing hormuz strait,BM25_lexemes
MB03,239,2045455725711986694,21,4.598988265708006,closing hormuz strait,BM25_lexemes
MB03,201,2045461708303724675,22,4.504122542989398,closing hormuz strait,BM25_lexemes
MB03,226,2045457568517218638,23,4.4815746166552595,closing hormuz strait,BM25_lexemes
MB03,268,2045450251713049084,24,4.4815746166552595,closing hormuz strait,BM25_lexemes
MB03,283,2045448604580515929,25,4.4815746166552595,closing hormuz strait,BM25_lexemes
MB03,288,2045447819608326344,26,4.4815746166552595,closing hormuz strait,BM25_lexemes
MB03,213,2045459959824228366,27,4.47683459255794,closing hormuz strait,BM25_lexemes
MB03,242,2045455214837117361,28,4.47683459255794,closing hormuz strait,BM25_lexemes
MB03,284,2045448439035793778,29,4.47683459255794,closing hormuz strait,BM25_lexemes
MB04,304,2044685310668226788,0,8.643012231097423,intercepting missiles drones,BM25_lexemes
MB04,338,2042715314702426508,1,8.390064116556424,intercepting missiles drones,BM25_lexemes
MB04,316,2043887981031776405,2,8.350109171830372,intercepting missiles drones,BM25_lexemes
MB04,370,2042119334873723208,3,8.15150067689344,intercepting missiles drones,BM25_lexemes
MB04,362,2042254651806888064,4,8.02939677570898,intercepting missiles drones,BM25_lexemes
MB04,300,2045394836304650479,5,7.712883748308526,intercepting missiles drones,BM25_lexemes
MB04,324,2043347478355788094,6,7.712883748308526,intercepting missiles drones,BM25_lexemes
MB04,379,2041973143313735695,7,7.702811156988961,intercepting missiles drones,BM25_lexemes
MB04,315,2043932773380174155,8,7.510812399938475,intercepting missiles drones,BM25_lexemes
MB04,328,2043225079988048080,9,7.510812399938475,intercepting missiles drones,BM25_lexemes
MB04,307,2044427189308022874,10,7.3825123219599025,intercepting missiles drones,BM25_lexemes
MB04,317,2043841294741688481,11,7.336021623229322,intercepting missiles drones,BM25_lexemes
MB04,381,2041956881044824180,12,7.192011704762077,intercepting missiles drones,BM25_lexemes
MB04,394,2041887102116217327,13,7.172440660538509,intercepting missiles drones,BM25_lexemes
MB04,325,2043272541414826137,14,7.1368527980362595,intercepting missiles drones,BM25_lexemes
MB04,333,2042965263859999161,15,7.1368527980362595,intercepting missiles drones,BM25_lexemes
MB04,359,2042302133610168738,16,7.128737663546217,intercepting missiles drones,BM25_lexemes
MB04,383,2041910637744284140,17,7.113065321827096,intercepting missiles drones,BM25_lexemes
MB04,301,2045227088437997935,18,6.963498246397421,intercepting missiles drones,BM25_lexemes
MB04,345,2042554367539044512,19,6.963498246397421,intercepting missiles drones,BM25_lexemes
MB04,306,2044436974035980766,20,6.798365568403584,intercepting missiles drones,BM25_lexemes
MB04,342,2042606291000979818,21,6.798365568403584,intercepting missiles drones,BM25_lexemes
MB04,346,2042491002603061392,22,6.798365568403584,intercepting missiles drones,BM25_lexemes
MB04,386,2041903437932020199,23,6.771273349168768,intercepting missiles drones,BM25_lexemes
MB04,335,2042910570622357536,24,6.675109513795166,intercepting missiles drones,BM25_lexemes
MB04,320,2043598876813467803,25,6.670030652857042,intercepting missiles drones,BM25_lexemes
MB04,380,2041961120723038433,26,6.640883392064451,intercepting missiles drones,BM25_lexemes
MB04,311,2044037152716013858,27,6.635321319255212,intercepting missiles drones,BM25_lexemes
MB04,314,2043934581552787948,28,6.635321319255212,intercepting missiles drones,BM25_lexemes
MB04,305,2044674816972890502,29,6.564455302691811,intercepting missiles drones,BM25_lexemes
MB05,405,2045459126311067980,0,5.1604183212901225,revolutionary guard iran,BM25_lexemes
MB05,437,2045424407573635553,1,4.146727126798587,revolutionary guard iran,BM25_lexemes
MB05,436,2045426561290285330,2,3.844554428757548,revolutionary guard iran,BM25_lexemes
MB05,498,2045310239486915006,3,3.844554428757548,revolutionary guard iran,BM25_lexemes
MB05,410,2045451395625619495,4,3.6664384412005084,revolutionary guard iran,BM25_lexemes
MB05,415,2045446936527024532,5,3.583429334859716,revolutionary guard iran,BM25_lexemes
MB05,488,2045338968556810498,6,3.583429334859716,revolutionary guard iran,BM25_lexemes
MB05,207,2045460899629027460,7,3.52148131612967,revolutionary guard iran,BM25_lexemes
MB05,416,2045446414579253519,8,3.492656954705885,revolutionary guard iran,BM25_lexemes
MB05,428,2045435273732047300,9,3.4281987380983545,revolutionary guard iran,BM25_lexemes
MB05,467,2045392249698041875,10,3.3555198459728914,revolutionary guard iran,BM25_lexemes
MB05,474,2045366687168401511,11,3.3555198459728914,revolutionary guard iran,BM25_lexemes
MB05,413,2045449234804068693,12,3.3175085160282327,revolutionary guard iran,BM25_lexemes
MB05,407,2045453851889950937,13,3.2858586093718523,revolutionary guard iran,BM25_lexemes
MB05,424,2045436789557764567,14,3.2361195311664543,revolutionary guard iran,BM25_lexemes
MB05,438,2045423473380532720,15,3.2361195311664543,revolutionary guard iran,BM25_lexemes
MB05,472,2045370881032265777,16,3.2190309093154785,revolutionary guard iran,BM25_lexemes
MB05,403,2045460939474968746,17,3.1548673066918203,revolutionary guard iran,BM25_lexemes
MB05,419,2045444225110626383,18,3.1548673066918203,revolutionary guard iran,BM25_lexemes
MB05,404,2045460237138997688,19,3.093211607810493,revolutionary guard iran,BM25_lexemes
MB05,417,2045446184953671969,20,3.093211607810493,revolutionary guard iran,BM25_lexemes
MB05,422,2045437779526738109,21,3.093211607810493,revolutionary guard iran,BM25_lexemes
MB05,448,2045406410104594882,22,3.093211607810493,revolutionary guard iran,BM25_lexemes
MB05,449,2045406049868382666,23,3.093211607810493,revolutionary guard iran,BM25_lexemes
MB05,450,2045405977751560313,24,3.093211607810493,revolutionary guard iran,BM25_lexemes
MB05,451,2045405875834105981,25,3.093211607810493,revolutionary guard iran,BM25_lexemes
MB05,452,2045405640600809490,26,3.093211607810493,revolutionary guard iran,BM25_lexemes
MB05,453,2045405560237940938,27,3.093211607810493,revolutionary guard iran,BM25_lexemes
MB05,454,2045404875396202597,28,3.093211607810493,revolutionary guard iran,BM25_lexemes
MB05,455,2045404681820688467,29,3.093211607810493,revolutionary guard iran,BM25_lexemes
MB01,74,2045436304238764390,0,4.187885510361576,regime change iran,TF_IDF_lexemes
MB01,3,2045459926248829101,1,4.172555856411254,regime change iran,TF_IDF_lexemes
MB01,2,2045460590563410352,2,4.050441007042098,regime change iran,TF_IDF_lexemes
MB01,53,2045441340368957757,3,4.050441007042098,regime change iran,TF_IDF_lexemes
MB01,89,2045434295410462920,4,4.050441007042098,regime change iran,TF_IDF_lexemes
MB01,20,2045453809359462654,5,3.95128318987664,regime change iran,TF_IDF_lexemes
MB01,36,2045447868765687984,6,3.9352705953064886,regime change iran,TF_IDF_lexemes
MB01,43,2045445702428315950,7,3.9352705953064886,regime change iran,TF_IDF_lexemes
MB01,25,2045452145101619611,8,3.82646862383372,regime change iran,TF_IDF_lexemes
MB01,28,2045451431981748380,9,3.82646862383372,regime change iran,TF_IDF_lexemes
MB01,44,2045444785696076112,10,3.82646862383372,regime change iran,TF_IDF_lexemes
MB01,76,2045436169584808399,11,3.82646862383372,regime change iran,TF_IDF_lexemes
MB01,95,2045433045063258122,12,3.82646862383372,regime change iran,TF_IDF_lexemes
MB01,69,2045437692511711397,13,3.723521081924657,regime change iran,TF_IDF_lexemes
MB01,81,2045435852072092103,14,3.723521081924657,regime change iran,TF_IDF_lexemes
MB01,99,2045432568154042718,15,3.723521081924657,regime change iran,TF_IDF_lexemes
MB01,31,2045450762353090823,16,3.625967825547127,regime change iran,TF_IDF_lexemes
MB01,93,2045433390967517552,17,3.6143964488331495,regime change iran,TF_IDF_lexemes
MB01,59,2045440283559784730,18,3.5386951970454787,regime change iran,TF_IDF_lexemes
MB01,65,2045438432747667600,19,3.533395701169289,regime change iran,TF_IDF_lexemes
MB01,66,2045438384320205216,20,3.533395701169289,regime change iran,TF_IDF_lexemes
MB01,72,2045436749246255493,21,3.533395701169289,regime change iran,TF_IDF_lexemes
MB01,98,2045432583836598399,22,3.533395701169289,regime change iran,TF_IDF_lexemes
MB01,144,2045379660976939335,23,3.533395701169289,regime change iran,TF_IDF_lexemes
MB01,146,2045379059228487850,24,3.533395701169289,regime change iran,TF_IDF_lexemes
MB01,46,2045443906599346534,25,3.4770848196166115,regime change iran,TF_IDF_lexemes
MB01,0,2045461003153162682,26,3.445432696675722,regime change iran,TF_IDF_lexemes
MB01,38,2045447137094230451,27,3.445432696675722,regime change iran,TF_IDF_lexemes
MB01,42,2045446143811768783,28,3.445432696675722,regime change iran,TF_IDF_lexemes
MB01,83,2045435452400796018,29,3.445432696675722,regime change iran,TF_IDF_lexemes
MB02,112,2045427519814312418,0,3.5664838144419586,regime collapse,TF_IDF_lexemes
MB02,142,2045381055708860714,1,3.458959563867537,regime collapse,TF_IDF_lexemes
MB02,152,2045364763312455785,2,3.458959563867537,regime collapse,TF_IDF_lexemes
MB02,101,2045458769492979802,3,3.3577289654882083,regime collapse,TF_IDF_lexemes
MB02,135,2045392180802396314,4,3.2622551573819987,regime collapse,TF_IDF_lexemes
MB02,156,2045358981343072490,5,3.2622551573819987,regime collapse,TF_IDF_lexemes
MB02,176,2045318504618868886,6,3.2622551573819987,regime collapse,TF_IDF_lexemes
MB02,178,2045315972463047147,7,3.176650870523467,regime collapse,TF_IDF_lexemes
MB02,172,2045326421111820314,8,3.1119309792378527,regime collapse,TF_IDF_lexemes
MB02,126,2045399549531890158,9,3.0867193396095467,regime collapse,TF_IDF_lexemes
MB02,162,2045348543255150822,10,3.0867193396095467,regime collapse,TF_IDF_lexemes
MB02,164,2045345115867349323,11,3.0867193396095467,regime collapse,TF_IDF_lexemes
MB02,182,2045310621353177590,12,3.0867193396095467,regime collapse,TF_IDF_lexemes
MB02,134,2045393312979542087,13,3.0499046278480444,regime collapse,TF_IDF_lexemes
MB02,133,2045393501299548572,14,3.0058497765059142,regime collapse,TF_IDF_lexemes
MB02,65,2045438432747667600,15,2.929109465295399,regime collapse,TF_IDF_lexemes
MB02,66,2045438384320205216,16,2.929109465295399,regime collapse,TF_IDF_lexemes
MB02,103,2045455413861023835,17,2.929109465295399,regime collapse,TF_IDF_lexemes
MB02,144,2045379660976939335,18,2.929109465295399,regime collapse,TF_IDF_lexemes
MB02,146,2045379059228487850,19,2.929109465295399,regime collapse,TF_IDF_lexemes
MB02,147,2045377434011488749,20,2.929109465295399,regime collapse,TF_IDF_lexemes
MB02,173,2045325917611049104,21,2.929109465295399,regime collapse,TF_IDF_lexemes
MB02,189,2045305048268484832,22,2.9190982043554703,regime collapse,TF_IDF_lexemes
MB02,123,2045399803203592596,23,2.815547382138427,regime collapse,TF_IDF_lexemes
MB02,124,2045399721959977051,24,2.815547382138427,regime collapse,TF_IDF_lexemes
MB02,125,2045399616376758278,25,2.815547382138427,regime collapse,TF_IDF_lexemes
MB02,127,2045399529609183420,26,2.815547382138427,regime collapse,TF_IDF_lexemes
MB02,128,2045399431688945699,27,2.815547382138427,regime collapse,TF_IDF_lexemes
MB02,129,2045399378849104068,28,2.815547382138427,regime collapse,TF_IDF_lexemes
MB02,130,2045399286964535695,29,2.815547382138427,regime collapse,TF_IDF_lexemes
MB03,210,2045460430038925635,0,4.987170878672838,closing hormuz strait,TF_IDF_lexemes
MB03,243,2045455038752190844,1,4.987170878672838,closing hormuz strait,TF_IDF_lexemes
MB03,246,2045454947257577803,2,4.987170878672838,closing hormuz strait,TF_IDF_lexemes
MB03,299,2045446092720882085,3,4.987170878672838,closing hormuz strait,TF_IDF_lexemes
MB03,217,2045459430100058130,4,4.967640965601863,closing hormuz strait,TF_IDF_lexemes
MB03,204,2045461488979112332,5,4.938877860902809,closing hormuz strait,TF_IDF_lexemes
MB03,274,2045449825953415622,6,4.9055880232891225,closing hormuz strait,TF_IDF_lexemes
MB03,231,2045456663184847359,7,4.845365449956808,closing hormuz strait,TF_IDF_lexemes
MB03,247,2045454542460850480,8,4.845365449956808,closing hormuz strait,TF_IDF_lexemes
MB03,250,2045453773682671952,9,4.845365449956808,closing hormuz strait,TF_IDF_lexemes
MB03,253,2045452671298007229,10,4.845365449956808,closing hormuz strait,TF_IDF_lexemes
MB03,275,2045449695489892499,11,4.845365449956808,closing hormuz strait,TF_IDF_lexemes
MB03,292,2045447076343951468,12,4.845365449956808,closing hormuz strait,TF_IDF_lexemes
MB03,220,2045459033885491314,13,4.711401266124037,closing hormuz strait,TF_IDF_lexemes
MB03,244,2045454999518339562,14,4.711401266124037,closing hormuz strait,TF_IDF_lexemes
MB03,294,2045446979543585187,15,4.711401266124037,closing hormuz strait,TF_IDF_lexemes
MB03,212,2045460030061772928,16,4.603133926882829,closing hormuz strait,TF_IDF_lexemes
MB03,200,2045461866365718542,17,4.5846454432032235,closing hormuz strait,TF_IDF_lexemes
MB03,270,2045450185514344567,18,4.5846454432032235,closing hormuz strait,TF_IDF_lexemes
MB03,205,2045461058244976964,19,4.557677559684733,closing hormuz strait,TF_IDF_lexemes
MB03,203,2045461578875912680,20,4.464531421426368,closing hormuz strait,TF_IDF_lexemes
MB03,239,2045455725711986694,21,4.464531421426368,closing hormuz strait,TF_IDF_lexemes
MB03,229,2045456698228330845,22,4.449470699014304,closing hormuz strait,TF_IDF_lexemes
MB03,201,2045461708303724675,23,4.426883808049582,closing hormuz strait,TF_IDF_lexemes
MB03,213,2045459959824228366,24,4.419633833540741,closing hormuz strait,TF_IDF_lexemes
MB03,242,2045455214837117361,25,4.419633833540741,closing hormuz strait,TF_IDF_lexemes
MB03,284,2045448439035793778,26,4.419633833540741,closing hormuz strait,TF_IDF_lexemes
MB03,226,2045457568517218638,27,4.350550498837601,closing hormuz strait,TF_IDF_lexemes
MB03,268,2045450251713049084,28,4.350550498837601,closing hormuz strait,TF_IDF_lexemes
MB03,283,2045448604580515929,29,4.350550498837601,closing hormuz strait,TF_IDF_lexemes
MB04,304,2044685310668226788,0,6.200364253495124,intercepting missiles drones,TF_IDF_lexemes
MB04,338,2042715314702426508,1,6.018903160365345,intercepting missiles drones,TF_IDF_lexemes
MB04,316,2043887981031776405,2,5.995189897697914,intercepting missiles drones,TF_IDF_lexemes
MB04,370,2042119334873723208,3,5.847761412103651,intercepting missiles drones,TF_IDF_lexemes
MB04,362,2042254651806888064,4,5.756642787155604,intercepting missiles drones,TF_IDF_lexemes
MB04,300,2045394836304650479,5,5.533104362887558,intercepting missiles drones,TF_IDF_lexemes
MB04,324,2043347478355788094,6,5.533104362887558,intercepting missiles drones,TF_IDF_lexemes
MB04,379,2041973143313735695,7,5.522278597375261,intercepting missiles drones,TF_IDF_lexemes
MB04,315,2043932773380174155,8,5.38814148055109,intercepting missiles drones,TF_IDF_lexemes
MB04,328,2043225079988048080,9,5.38814148055109,intercepting missiles drones,TF_IDF_lexemes
MB04,307,2044427189308022874,10,5.29896791972042,intercepting missiles drones,TF_IDF_lexemes
MB04,317,2043841294741688481,11,5.264276658074802,intercepting missiles drones,TF_IDF_lexemes
MB04,381,2041956881044824180,12,5.160980087610614,intercepting missiles drones,TF_IDF_lexemes
MB04,394,2041887102116217327,13,5.1577111147002235,intercepting missiles drones,TF_IDF_lexemes
MB04,359,2042302133610168738,14,5.122816309396477,intercepting missiles drones,TF_IDF_lexemes
MB04,325,2043272541414826137,15,5.119868604626749,intercepting missiles drones,TF_IDF_lexemes
MB04,333,2042965263859999161,16,5.119868604626749,intercepting missiles drones,TF_IDF_lexemes
MB04,383,2041910637744284140,17,5.102803834472024,intercepting missiles drones,TF_IDF_lexemes
MB04,301,2045227088437997935,18,4.99550671129345,intercepting missiles drones,TF_IDF_lexemes
MB04,345,2042554367539044512,19,4.99550671129345,intercepting missiles drones,TF_IDF_lexemes
MB04,306,2044436974035980766,20,4.877043063858936,intercepting missiles drones,TF_IDF_lexemes
MB04,342,2042606291000979818,21,4.877043063858936,intercepting missiles drones,TF_IDF_lexemes
MB04,346,2042491002603061392,22,4.877043063858936,intercepting missiles drones,TF_IDF_lexemes
MB04,386,2041903437932020199,23,4.866374949201304,intercepting missiles drones,TF_IDF_lexemes
MB04,320,2043598876813467803,24,4.786556244797526,intercepting missiles drones,TF_IDF_lexemes
MB04,335,2042910570622357536,25,4.782321368848752,intercepting missiles drones,TF_IDF_lexemes
MB04,311,2044037152716013858,26,4.767972515327705,intercepting missiles drones,TF_IDF_lexemes
MB04,314,2043934581552787948,27,4.767972515327705,intercepting missiles drones,TF_IDF_lexemes
MB04,380,2041961120723038433,28,4.764067768831292,intercepting missiles drones,TF_IDF_lexemes
MB04,305,2044674816972890502,29,4.7230339087155935,intercepting missiles drones,TF_IDF_lexemes
MB05,405,2045459126311067980,0,5.160523917456422,revolutionary guard iran,TF_IDF_lexemes
MB05,437,2045424407573635553,1,4.59521651624891,revolutionary guard iran,TF_IDF_lexemes
MB05,416,2045446414579253519,2,4.428424959268955,revolutionary guard iran,TF_IDF_lexemes
MB05,436,2045426561290285330,3,4.260362321521686,revolutionary guard iran,TF_IDF_lexemes
MB05,498,2045310239486915006,4,4.260362321521686,revolutionary guard iran,TF_IDF_lexemes
MB05,413,2045449234804068693,5,4.2454481673377575,revolutionary guard iran,TF_IDF_lexemes
MB05,424,2045436789557764567,6,4.159655517717253,revolutionary guard iran,TF_IDF_lexemes
MB05,438,2045423473380532720,7,4.159655517717253,revolutionary guard iran,TF_IDF_lexemes
MB05,410,2045451395625619495,8,4.062982194302659,revolutionary guard iran,TF_IDF_lexemes
MB05,402,2045460941240746469,9,3.9983065612764053,revolutionary guard iran,TF_IDF_lexemes
MB05,411,2045451275244868029,10,3.9983065612764053,revolutionary guard iran,TF_IDF_lexemes
MB05,415,2045446936527024532,11,3.9709952357224454,revolutionary guard iran,TF_IDF_lexemes
MB05,488,2045338968556810498,12,3.9709952357224454,revolutionary guard iran,TF_IDF_lexemes
MB05,463,2045400738021687376,13,3.882151051044041,revolutionary guard iran,TF_IDF_lexemes
MB05,428,2045435273732047300,14,3.798975669386598,revolutionary guard iran,TF_IDF_lexemes
MB05,467,2045392249698041875,15,3.7184361896317695,revolutionary guard iran,TF_IDF_lexemes
MB05,474,2045366687168401511,16,3.7184361896317695,revolutionary guard iran,TF_IDF_lexemes
MB05,456,2045404629916090450,17,3.7111899141141147,revolutionary guard iran,TF_IDF_lexemes
MB05,469,2045390981793747013,18,3.7111899141141147,revolutionary guard iran,TF_IDF_lexemes
MB05,442,2045421242166235469,19,3.6774173993014747,revolutionary guard iran,TF_IDF_lexemes
MB05,445,2045416995433136438,20,3.6774173993014747,revolutionary guard iran,TF_IDF_lexemes
MB05,407,2045453851889950937,21,3.641240740019787,revolutionary guard iran,TF_IDF_lexemes
MB05,444,2045418445286854958,22,3.6199103933171095,revolutionary guard iran,TF_IDF_lexemes
MB05,400,2045462527568736598,23,3.5828603384176416,revolutionary guard iran,TF_IDF_lexemes
MB05,443,2045418988746703185,24,3.5828603384176416,revolutionary guard iran,TF_IDF_lexemes
MB05,497,2045311700803666228,25,3.5828603384176416,revolutionary guard iran,TF_IDF_lexemes
MB05,472,2045370881032265777,26,3.5671852881774426,revolutionary guard iran,TF_IDF_lexemes
MB05,430,2045432805434560942,27,3.5220325359969014,revolutionary guard iran,TF_IDF_lexemes
MB05,464,2045399533887029655,28,3.5220325359969014,revolutionary guard iran,TF_IDF_lexemes
MB05,403,2045460939474968746,29,3.49608206930085,revolutionary guard iran,TF_IDF_lexemes
MB01,74,2045436304238764390,0,4.160445947407241,regime change iran,PL2_lexemes
MB01,3,2045459926248829101,1,4.044269290243524,regime change iran,PL2_lexemes
MB01,2,2045460590563410352,2,3.7920898645602303,regime change iran,PL2_lexemes
MB01,53,2045441340368957757,3,3.7920898645602303,regime change iran,PL2_lexemes
MB01,89,2045434295410462920,4,3.7920898645602303,regime change iran,PL2_lexemes
MB01,20,2045453809359462654,5,3.6836800136453896,regime change iran,PL2_lexemes
MB01,36,2045447868765687984,6,3.586876255434687,regime change iran,PL2_lexemes
MB01,43,2045445702428315950,7,3.586876255434687,regime change iran,PL2_lexemes
MB01,25,2045452145101619611,8,3.415269999511641,regime change iran,PL2_lexemes
MB01,28,2045451431981748380,9,3.415269999511641,regime change iran,PL2_lexemes
MB01,44,2045444785696076112,10,3.415269999511641,regime change iran,PL2_lexemes
MB01,76,2045436169584808399,11,3.415269999511641,regime change iran,PL2_lexemes
MB01,95,2045433045063258122,12,3.415269999511641,regime change iran,PL2_lexemes
MB01,93,2045433390967517552,13,3.3304930137607824,regime change iran,PL2_lexemes
MB01,69,2045437692511711397,14,3.2689370956301107,regime change iran,PL2_lexemes
MB01,81,2045435852072092103,15,3.2689370956301107,regime change iran,PL2_lexemes
MB01,99,2045432568154042718,16,3.2689370956301107,regime change iran,PL2_lexemes
MB01,46,2045443906599346534,17,3.1495910085646073,regime change iran,PL2_lexemes
MB01,31,2045450762353090823,18,3.1422932859260553,regime change iran,PL2_lexemes
MB01,59,2045440283559784730,19,3.096752937242607,regime change iran,PL2_lexemes
MB01,65,2045438432747667600,20,3.031397676361676,regime change iran,PL2_lexemes
MB01,66,2045438384320205216,21,3.031397676361676,regime change iran,PL2_lexemes
MB01,72,2045436749246255493,22,3.031397676361676,regime change iran,PL2_lexemes
MB01,98,2045432583836598399,23,3.031397676361676,regime change iran,PL2_lexemes
MB01,144,2045379660976939335,24,3.031397676361676,regime change iran,PL2_lexemes
MB01,146,2045379059228487850,25,3.031397676361676,regime change iran,PL2_lexemes
MB01,0,2045461003153162682,26,2.933357708134644,regime change iran,PL2_lexemes
MB01,38,2045447137094230451,27,2.933357708134644,regime change iran,PL2_lexemes
MB01,42,2045446143811768783,28,2.933357708134644,regime change iran,PL2_lexemes
MB01,83,2045435452400796018,29,2.933357708134644,regime change iran,PL2_lexemes
MB02,112,2045427519814312418,0,3.724288641799278,regime collapse,PL2_lexemes
MB02,142,2045381055708860714,1,3.4643624923768375,regime collapse,PL2_lexemes
MB02,152,2045364763312455785,2,3.4643624923768375,regime collapse,PL2_lexemes
MB02,101,2045458769492979802,3,3.2568664479024303,regime collapse,PL2_lexemes
MB02,135,2045392180802396314,4,3.084490359737471,regime collapse,PL2_lexemes
MB02,156,2045358981343072490,5,3.084490359737471,regime collapse,PL2_lexemes
MB02,176,2045318504618868886,6,3.084490359737471,regime collapse,PL2_lexemes
MB02,178,2045315972463047147,7,2.9601115331898002,regime collapse,PL2_lexemes
MB02,172,2045326421111820314,8,2.859142187052262,regime collapse,PL2_lexemes
MB02,126,2045399549531890158,9,2.8097047414139196,regime collapse,PL2_lexemes
MB02,162,2045348543255150822,10,2.8097047414139196,regime collapse,PL2_lexemes
MB02,164,2045345115867349323,11,2.8097047414139196,regime collapse,PL2_lexemes
MB02,182,2045310621353177590,12,2.8097047414139196,regime collapse,PL2_lexemes
MB02,134,2045393312979542087,13,2.7665579775803275,regime collapse,PL2_lexemes
MB02,133,2045393501299548572,14,2.697075393552818,regime collapse,PL2_lexemes
MB02,189,2045305048268484832,15,2.6134062373503135,regime collapse,PL2_lexemes
MB02,65,2045438432747667600,16,2.596674157366386,regime collapse,PL2_lexemes
MB02,66,2045438384320205216,17,2.596674157366386,regime collapse,PL2_lexemes
MB02,103,2045455413861023835,18,2.596674157366386,regime collapse,PL2_lexemes
MB02,144,2045379660976939335,19,2.596674157366386,regime collapse,PL2_lexemes
MB02,146,2045379059228487850,20,2.596674157366386,regime collapse,PL2_lexemes
MB02,147,2045377434011488749,21,2.596674157366386,regime collapse,PL2_lexemes
MB02,173,2045325917611049104,22,2.596674157366386,regime collapse,PL2_lexemes
MB02,123,2045399803203592596,23,2.516021445866567,regime collapse,PL2_lexemes
MB02,124,2045399721959977051,24,2.516021445866567,regime collapse,PL2_lexemes
MB02,125,2045399616376758278,25,2.516021445866567,regime collapse,PL2_lexemes
MB02,127,2045399529609183420,26,2.516021445866567,regime collapse,PL2_lexemes
MB02,128,2045399431688945699,27,2.516021445866567,regime collapse,PL2_lexemes
MB02,129,2045399378849104068,28,2.516021445866567,regime collapse,PL2_lexemes
MB02,130,2045399286964535695,29,2.516021445866567,regime collapse,PL2_lexemes
MB03,210,2045460430038925635,0,4.898746380029251,closing hormuz strait,PL2_lexemes
MB03,243,2045455038752190844,1,4.898746380029251,closing hormuz strait,PL2_lexemes
MB03,246,2045454947257577803,2,4.898746380029251,closing hormuz strait,PL2_lexemes
MB03,299,2045446092720882085,3,4.898746380029251,closing hormuz strait,PL2_lexemes
MB03,204,2045461488979112332,4,4.864807594531723,closing hormuz strait,PL2_lexemes
MB03,217,2045459430100058130,5,4.804784699940336,closing hormuz strait,PL2_lexemes
MB03,274,2045449825953415622,6,4.8013854631737445,closing hormuz strait,PL2_lexemes
MB03,231,2045456663184847359,7,4.631534872149261,closing hormuz strait,PL2_lexemes
MB03,247,2045454542460850480,8,4.631534872149261,closing hormuz strait,PL2_lexemes
MB03,250,2045453773682671952,9,4.631534872149261,closing hormuz strait,PL2_lexemes
MB03,253,2045452671298007229,10,4.631534872149261,closing hormuz strait,PL2_lexemes
MB03,275,2045449695489892499,11,4.631534872149261,closing hormuz strait,PL2_lexemes
MB03,292,2045447076343951468,12,4.631534872149261,closing hormuz strait,PL2_lexemes
MB03,220,2045459033885491314,13,4.403080173613992,closing hormuz strait,PL2_lexemes
MB03,244,2045454999518339562,14,4.403080173613992,closing hormuz strait,PL2_lexemes
MB03,294,2045446979543585187,15,4.403080173613992,closing hormuz strait,PL2_lexemes
MB03,212,2045460030061772928,16,4.331177004596744,closing hormuz strait,PL2_lexemes
MB03,205,2045461058244976964,17,4.237077551374989,closing hormuz strait,PL2_lexemes
MB03,229,2045456698228330845,18,4.230864537044846,closing hormuz strait,PL2_lexemes
MB03,200,2045461866365718542,19,4.204081573879444,closing hormuz strait,PL2_lexemes
MB03,270,2045450185514344567,20,4.204081573879444,closing hormuz strait,PL2_lexemes
MB03,409,2045451486570635579,21,4.071420650984272,closing hormuz strait,PL2_lexemes
MB03,201,2045461708303724675,22,4.057655771110485,closing hormuz strait,PL2_lexemes
MB03,213,2045459959824228366,23,4.054607630653766,closing hormuz strait,PL2_lexemes
MB03,242,2045455214837117361,24,4.054607630653766,closing hormuz strait,PL2_lexemes
MB03,284,2045448439035793778,25,4.054607630653766,closing hormuz strait,PL2_lexemes
MB03,203,2045461578875912680,26,4.028281277737451,closing hormuz strait,PL2_lexemes
MB03,239,2045455725711986694,27,4.028281277737451,closing hormuz strait,PL2_lexemes
MB03,234,2045456267628757013,28,3.932063341430088,closing hormuz strait,PL2_lexemes
MB03,279,2045448778463740343,29,3.932063341430088,closing hormuz strait,PL2_lexemes
MB04,304,2044685310668226788,0,6.1280626703633985,intercepting missiles drones,PL2_lexemes
MB04,338,2042715314702426508,1,5.765441397284459,intercepting missiles drones,PL2_lexemes
MB04,316,2043887981031776405,2,5.760153050981513,intercepting missiles drones,PL2_lexemes
MB04,370,2042119334873723208,3,5.460470467526399,intercepting missiles drones,PL2_lexemes
MB04,362,2042254651806888064,4,5.37714951395548,intercepting missiles drones,PL2_lexemes
MB04,379,2041973143313735695,5,5.050487247230982,intercepting missiles drones,PL2_lexemes
MB04,307,2044427189308022874,6,4.981914331395723,intercepting missiles drones,PL2_lexemes
MB04,300,2045394836304650479,7,4.966318286891221,intercepting missiles drones,PL2_lexemes
MB04,324,2043347478355788094,8,4.966318286891221,intercepting missiles drones,PL2_lexemes
MB04,315,2043932773380174155,9,4.760579548531933,intercepting missiles drones,PL2_lexemes
MB04,328,2043225079988048080,10,4.760579548531933,intercepting missiles drones,PL2_lexemes
MB04,317,2043841294741688481,11,4.660579157804419,intercepting missiles drones,PL2_lexemes
MB04,394,2041887102116217327,12,4.640196253314865,intercepting missiles drones,PL2_lexemes
MB04,359,2042302133610168738,13,4.552733884804597,intercepting missiles drones,PL2_lexemes
MB04,381,2041956881044824180,14,4.527020037373433,intercepting missiles drones,PL2_lexemes
MB04,383,2041910637744284140,15,4.447091796211462,intercepting missiles drones,PL2_lexemes
MB04,325,2043272541414826137,16,4.40739599940986,intercepting missiles drones,PL2_lexemes
MB04,333,2042965263859999161,17,4.40739599940986,intercepting missiles drones,PL2_lexemes
MB04,301,2045227088437997935,18,4.253779140140306,intercepting missiles drones,PL2_lexemes
MB04,345,2042554367539044512,19,4.253779140140306,intercepting missiles drones,PL2_lexemes
MB04,386,2041903437932020199,20,4.231570491993165,intercepting missiles drones,PL2_lexemes
MB04,305,2044674816972890502,21,4.151532438236135,intercepting missiles drones,PL2_lexemes
MB04,335,2042910570622357536,22,4.116267390971028,intercepting missiles drones,PL2_lexemes
MB04,306,2044436974035980766,23,4.112500518921394,intercepting missiles drones,PL2_lexemes
MB04,342,2042606291000979818,24,4.112500518921394,intercepting missiles drones,PL2_lexemes
MB04,346,2042491002603061392,25,4.112500518921394,intercepting missiles drones,PL2_lexemes
MB04,320,2043598876813467803,26,4.071280201185364,intercepting missiles drones,PL2_lexemes
MB04,311,2044037152716013858,27,4.053167843530068,intercepting missiles drones,PL2_lexemes
MB04,314,2043934581552787948,28,4.053167843530068,intercepting missiles drones,PL2_lexemes
MB04,380,2041961120723038433,29,3.9818931759097227,intercepting missiles drones,PL2_lexemes
MB05,405,2045459126311067980,0,5.313135570922424,revolutionary guard iran,PL2_lexemes
MB05,437,2045424407573635553,1,4.305904280686317,revolutionary guard iran,PL2_lexemes
MB05,416,2045446414579253519,2,4.072875162937447,revolutionary guard iran,PL2_lexemes
MB05,436,2045426561290285330,3,3.877391277848555,revolutionary guard iran,PL2_lexemes
MB05,498,2045310239486915006,4,3.877391277848555,revolutionary guard iran,PL2_lexemes
MB05,413,2045449234804068693,5,3.829039028728515,revolutionary guard iran,PL2_lexemes
MB05,424,2045436789557764567,6,3.720173057595002,revolutionary guard iran,PL2_lexemes
MB05,438,2045423473380532720,7,3.720173057595002,revolutionary guard iran,PL2_lexemes
MB05,410,2045451395625619495,8,3.6511400911829472,revolutionary guard iran,PL2_lexemes
MB05,415,2045446936527024532,9,3.551068419839449,revolutionary guard iran,PL2_lexemes
MB05,488,2045338968556810498,10,3.551068419839449,revolutionary guard iran,PL2_lexemes
MB05,402,2045460941240746469,11,3.5238044363678713,revolutionary guard iran,PL2_lexemes
MB05,411,2045451275244868029,12,3.5238044363678713,revolutionary guard iran,PL2_lexemes
MB05,463,2045400738021687376,13,3.457969442422785,revolutionary guard iran,PL2_lexemes
MB05,428,2045435273732047300,14,3.3718365480780736,revolutionary guard iran,PL2_lexemes
MB05,467,2045392249698041875,15,3.2911005144339973,revolutionary guard iran,PL2_lexemes
MB05,474,2045366687168401511,16,3.2911005144339973,revolutionary guard iran,PL2_lexemes
MB05,407,2045453851889950937,17,3.215433663420933,revolutionary guard iran,PL2_lexemes
MB05,442,2045421242166235469,18,3.2004177984835684,revolutionary guard iran,PL2_lexemes
MB05,445,2045416995433136438,19,3.2004177984835684,revolutionary guard iran,PL2_lexemes
MB05,456,2045404629916090450,20,3.1979446456403675,revolutionary guard iran,PL2_lexemes
MB05,469,2045390981793747013,21,3.1979446456403675,revolutionary guard iran,PL2_lexemes
MB05,472,2045370881032265777,22,3.1443132986970617,revolutionary guard iran,PL2_lexemes
MB05,444,2045418445286854958,23,3.1333461507114406,revolutionary guard iran,PL2_lexemes
MB05,403,2045460939474968746,24,3.077288849331109,revolutionary guard iran,PL2_lexemes
MB05,419,2045444225110626383,25,3.077288849331109,revolutionary guard iran,PL2_lexemes
MB05,400,2045462527568736598,26,3.0607545474736773,revolutionary guard iran,PL2_lexemes
MB05,443,2045418988746703185,27,3.0607545474736773,revolutionary guard iran,PL2_lexemes
MB05,497,2045311700803666228,28,3.0607545474736773,revolutionary guard iran,PL2_lexemes
MB05,404,2045460237138997688,29,3.013969358510211,revolutionary guard iran,PL2_lexemes
MB01,20,2045453809359462654,0,4.471891064457281,regime change iran,DPH_lexemes
MB01,74,2045436304238764390,1,4.001654193035165,regime change iran,DPH_lexemes
MB01,25,2045452145101619611,2,3.924049824859025,regime change iran,DPH_lexemes
MB01,28,2045451431981748380,3,3.924049824859025,regime change iran,DPH_lexemes
MB01,44,2045444785696076112,4,3.924049824859025,regime change iran,DPH_lexemes
MB01,76,2045436169584808399,5,3.924049824859025,regime change iran,DPH_lexemes
MB01,95,2045433045063258122,6,3.924049824859025,regime change iran,DPH_lexemes
MB01,36,2045447868765687984,7,3.9195659450006186,regime change iran,DPH_lexemes
MB01,43,2045445702428315950,8,3.9195659450006186,regime change iran,DPH_lexemes
MB01,69,2045437692511711397,9,3.8850956981602724,regime change iran,DPH_lexemes
MB01,81,2045435852072092103,10,3.8850956981602724,regime change iran,DPH_lexemes
MB01,99,2045432568154042718,11,3.8850956981602724,regime change iran,DPH_lexemes
MB01,93,2045433390967517552,12,3.8736787622811066,regime change iran,DPH_lexemes
MB01,2,2045460590563410352,13,3.8365160337672997,regime change iran,DPH_lexemes
MB01,53,2045441340368957757,14,3.8365160337672997,regime change iran,DPH_lexemes
MB01,89,2045434295410462920,15,3.8365160337672997,regime change iran,DPH_lexemes
MB01,31,2045450762353090823,16,3.8214820843557664,regime change iran,DPH_lexemes
MB01,59,2045440283559784730,17,3.8144875669777876,regime change iran,DPH_lexemes
MB01,40,2045446514768547964,18,3.808831524982743,regime change iran,DPH_lexemes
MB01,46,2045443906599346534,19,3.79597892323163,regime change iran,DPH_lexemes
MB01,65,2045438432747667600,20,3.743820043612943,regime change iran,DPH_lexemes
MB01,66,2045438384320205216,21,3.743820043612943,regime change iran,DPH_lexemes
MB01,72,2045436749246255493,22,3.743820043612943,regime change iran,DPH_lexemes
MB01,98,2045432583836598399,23,3.743820043612943,regime change iran,DPH_lexemes
MB01,144,2045379660976939335,24,3.743820043612943,regime change iran,DPH_lexemes
MB01,146,2045379059228487850,25,3.743820043612943,regime change iran,DPH_lexemes
MB01,26,2045451838250451429,26,3.7152566653436665,regime change iran,DPH_lexemes
MB01,48,2045443498799689849,27,3.7152566653436665,regime change iran,DPH_lexemes
MB01,70,2045436889264513141,28,3.7152566653436665,regime change iran,DPH_lexemes
MB01,33,2045449265250459917,29,3.663453490313976,regime change iran,DPH_lexemes
MB02,189,2045305048268484832,0,3.3343382652091984,regime collapse,DPH_lexemes
MB02,178,2045315972463047147,1,3.313199791522148,regime collapse,DPH_lexemes
MB02,172,2045326421111820314,2,3.2940068264336904,regime collapse,DPH_lexemes
MB02,134,2045393312979542087,3,3.265882484465522,regime collapse,DPH_lexemes
MB02,123,2045399803203592596,4,3.145772200458002,regime collapse,DPH_lexemes
MB02,124,2045399721959977051,5,3.145772200458002,regime collapse,DPH_lexemes
MB02,125,2045399616376758278,6,3.145772200458002,regime collapse,DPH_lexemes
MB02,127,2045399529609183420,7,3.145772200458002,regime collapse,DPH_lexemes
MB02,128,2045399431688945699,8,3.145772200458002,regime collapse,DPH_lexemes
MB02,129,2045399378849104068,9,3.145772200458002,regime collapse,DPH_lexemes
MB02,130,2045399286964535695,10,3.145772200458002,regime collapse,DPH_lexemes
MB02,190,2045298074671804579,11,3.145772200458002,regime collapse,DPH_lexemes
MB02,191,2045297910871634089,12,3.145772200458002,regime collapse,DPH_lexemes
MB02,193,2045297668034019582,13,3.145772200458002,regime collapse,DPH_lexemes
MB02,194,2045297466426466554,14,3.145772200458002,regime collapse,DPH_lexemes
MB02,195,2045297284687266289,15,3.145772200458002,regime collapse,DPH_lexemes
MB02,196,2045297112997621986,16,3.145772200458002,regime collapse,DPH_lexemes
MB02,197,2045296944323666106,17,3.145772200458002,regime collapse,DPH_lexemes
MB02,198,2045296726551220349,18,3.145772200458002,regime collapse,DPH_lexemes
MB02,199,2045295996088025484,19,3.145772200458002,regime collapse,DPH_lexemes
MB02,126,2045399549531890158,20,3.0748081400791345,regime collapse,DPH_lexemes
MB02,162,2045348543255150822,21,3.0748081400791345,regime collapse,DPH_lexemes
MB02,164,2045345115867349323,22,3.0748081400791345,regime collapse,DPH_lexemes
MB02,182,2045310621353177590,23,3.0748081400791345,regime collapse,DPH_lexemes
MB02,168,2045332267162276135,24,3.0737741390766353,regime collapse,DPH_lexemes
MB02,135,2045392180802396314,25,3.052721370413672,regime collapse,DPH_lexemes
MB02,156,2045358981343072490,26,3.052721370413672,regime collapse,DPH_lexemes
MB02,176,2045318504618868886,27,3.052721370413672,regime collapse,DPH_lexemes
MB02,133,2045393501299548572,28,3.0479099060703385,regime collapse,DPH_lexemes
MB02,131,2045398108817830004,29,3.0170806394470904,regime collapse,DPH_lexemes
MB03,217,2045459430100058130,0,5.628828143418041,closing hormuz strait,DPH_lexemes
MB03,205,2045461058244976964,1,5.364950184758682,closing hormuz strait,DPH_lexemes
MB03,229,2045456698228330845,2,5.144333251589754,closing hormuz strait,DPH_lexemes
MB03,409,2045451486570635579,3,5.051987015403368,closing hormuz strait,DPH_lexemes
MB03,274,2045449825953415622,4,4.89928138404051,closing hormuz strait,DPH_lexemes
MB03,296,2045446556262821919,5,4.886837032758822,closing hormuz strait,DPH_lexemes
MB03,212,2045460030061772928,6,4.868335950478282,closing hormuz strait,DPH_lexemes
MB03,204,2045461488979112332,7,4.854785469936275,closing hormuz strait,DPH_lexemes
MB03,201,2045461708303724675,8,4.790354177976854,closing hormuz strait,DPH_lexemes
MB03,213,2045459959824228366,9,4.789642784408569,closing hormuz strait,DPH_lexemes
MB03,242,2045455214837117361,10,4.789642784408569,closing hormuz strait,DPH_lexemes
MB03,284,2045448439035793778,11,4.789642784408569,closing hormuz strait,DPH_lexemes
MB03,248,2045454503130857677,12,4.778004316425859,closing hormuz strait,DPH_lexemes
MB03,234,2045456267628757013,13,4.733646714045827,closing hormuz strait,DPH_lexemes
MB03,279,2045448778463740343,14,4.733646714045827,closing hormuz strait,DPH_lexemes
MB03,280,2045448687556362269,15,4.733646714045827,closing hormuz strait,DPH_lexemes
MB03,286,2045448299478446532,16,4.733646714045827,closing hormuz strait,DPH_lexemes
MB03,220,2045459033885491314,17,4.6747329660837185,closing hormuz strait,DPH_lexemes
MB03,244,2045454999518339562,18,4.6747329660837185,closing hormuz strait,DPH_lexemes
MB03,294,2045446979543585187,19,4.6747329660837185,closing hormuz strait,DPH_lexemes
MB03,200,2045461866365718542,20,4.667383120938263,closing hormuz strait,DPH_lexemes
MB03,270,2045450185514344567,21,4.667383120938263,closing hormuz strait,DPH_lexemes
MB03,231,2045456663184847359,22,4.6291236980872315,closing hormuz strait,DPH_lexemes
MB03,247,2045454542460850480,23,4.6291236980872315,closing hormuz strait,DPH_lexemes
MB03,250,2045453773682671952,24,4.6291236980872315,closing hormuz strait,DPH_lexemes
MB03,253,2045452671298007229,25,4.6291236980872315,closing hormuz strait,DPH_lexemes
MB03,275,2045449695489892499,26,4.6291236980872315,closing hormuz strait,DPH_lexemes
MB03,292,2045447076343951468,27,4.6291236980872315,closing hormuz strait,DPH_lexemes
MB03,203,2045461578875912680,28,4.628801127867645,closing hormuz strait,DPH_lexemes
MB03,239,2045455725711986694,29,4.628801127867645,closing hormuz strait,DPH_lexemes
MB04,316,2043887981031776405,0,6.616975134100233,intercepting missiles drones,DPH_lexemes
MB04,362,2042254651806888064,1,6.460355315691719,intercepting missiles drones,DPH_lexemes
MB04,379,2041973143313735695,2,6.291078371494205,intercepting missiles drones,DPH_lexemes
MB04,383,2041910637744284140,3,5.795431370113678,intercepting missiles drones,DPH_lexemes
MB04,394,2041887102116217327,4,5.740619322480213,intercepting missiles drones,DPH_lexemes
MB04,359,2042302133610168738,5,5.6291397196982835,intercepting missiles drones,DPH_lexemes
MB04,386,2041903437932020199,6,5.431412983864259,intercepting missiles drones,DPH_lexemes
MB04,317,2043841294741688481,7,5.387212239170363,intercepting missiles drones,DPH_lexemes
MB04,381,2041956881044824180,8,5.336215890894747,intercepting missiles drones,DPH_lexemes
MB04,335,2042910570622357536,9,5.327198683918208,intercepting missiles drones,DPH_lexemes
MB04,305,2044674816972890502,10,5.318121459768473,intercepting missiles drones,DPH_lexemes
MB04,307,2044427189308022874,11,5.317538264964316,intercepting missiles drones,DPH_lexemes
MB04,311,2044037152716013858,12,5.295689515432734,intercepting missiles drones,DPH_lexemes
MB04,314,2043934581552787948,13,5.295689515432734,intercepting missiles drones,DPH_lexemes
MB04,391,2041900226194133128,14,5.232823708880039,intercepting missiles drones,DPH_lexemes
MB04,300,2045394836304650479,15,5.217595529630659,intercepting missiles drones,DPH_lexemes
MB04,324,2043347478355788094,16,5.217595529630659,intercepting missiles drones,DPH_lexemes
MB04,315,2043932773380174155,17,5.196619224618477,intercepting missiles drones,DPH_lexemes
MB04,328,2043225079988048080,18,5.196619224618477,intercepting missiles drones,DPH_lexemes
MB04,367,2042199696395960591,19,5.183198244311239,intercepting missiles drones,DPH_lexemes
MB04,370,2042119334873723208,20,5.128182572184642,intercepting missiles drones,DPH_lexemes
MB04,320,2043598876813467803,21,5.0990234240998324,intercepting missiles drones,DPH_lexemes
MB04,325,2043272541414826137,22,5.096716850111211,intercepting missiles drones,DPH_lexemes
MB04,333,2042965263859999161,23,5.096716850111211,intercepting missiles drones,DPH_lexemes
MB04,301,2045227088437997935,24,5.031340112206655,intercepting missiles drones,DPH_lexemes
MB04,345,2042554367539044512,25,5.031340112206655,intercepting missiles drones,DPH_lexemes
MB04,347,2042460060803018914,26,5.011446425837677,intercepting missiles drones,DPH_lexemes
MB04,329,2043064026322583845,27,4.9731719895963575,intercepting missiles drones,DPH_lexemes
MB04,306,2044436974035980766,28,4.9607871926283895,intercepting missiles drones,DPH_lexemes
MB04,342,2042606291000979818,29,4.9607871926283895,intercepting missiles drones,DPH_lexemes
MB05,405,2045459126311067980,0,5.459048084257341,revolutionary guard iran,DPH_lexemes
MB05,416,2045446414579253519,1,4.86028758316784,revolutionary guard iran,DPH_lexemes
MB05,437,2045424407573635553,2,4.743325086325771,revolutionary guard iran,DPH_lexemes
MB05,413,2045449234804068693,3,4.731588575015596,revolutionary guard iran,DPH_lexemes
MB05,424,2045436789557764567,4,4.662236593141333,revolutionary guard iran,DPH_lexemes
MB05,438,2045423473380532720,5,4.662236593141333,revolutionary guard iran,DPH_lexemes
MB05,463,2045400738021687376,6,4.604742427684832,revolutionary guard iran,DPH_lexemes
MB05,436,2045426561290285330,7,4.549272420213729,revolutionary guard iran,DPH_lexemes
MB05,498,2045310239486915006,8,4.549272420213729,revolutionary guard iran,DPH_lexemes
MB05,402,2045460941240746469,9,4.519455567519859,revolutionary guard iran,DPH_lexemes
MB05,411,2045451275244868029,10,4.519455567519859,revolutionary guard iran,DPH_lexemes
MB05,410,2045451395625619495,11,4.3926059910858,revolutionary guard iran,DPH_lexemes
MB05,415,2045446936527024532,12,4.312535225519366,revolutionary guard iran,DPH_lexemes
MB05,488,2045338968556810498,13,4.312535225519366,revolutionary guard iran,DPH_lexemes
MB05,442,2045421242166235469,14,4.277607140469403,revolutionary guard iran,DPH_lexemes
MB05,445,2045416995433136438,15,4.277607140469403,revolutionary guard iran,DPH_lexemes
MB05,456,2045404629916090450,16,4.23398731240685,revolutionary guard iran,DPH_lexemes
MB05,469,2045390981793747013,17,4.23398731240685,revolutionary guard iran,DPH_lexemes
MB05,444,2045418445286854958,18,4.216865182417446,revolutionary guard iran,DPH_lexemes
MB05,428,2045435273732047300,19,4.153410146159606,revolutionary guard iran,DPH_lexemes
MB05,400,2045462527568736598,20,4.09594408463384,revolutionary guard iran,DPH_lexemes
MB05,443,2045418988746703185,21,4.09594408463384,revolutionary guard iran,DPH_lexemes
MB05,497,2045311700803666228,22,4.09594408463384,revolutionary guard iran,DPH_lexemes
MB05,467,2045392249698041875,23,4.075317393886221,revolutionary guard iran,DPH_lexemes
MB05,474,2045366687168401511,24,4.075317393886221,revolutionary guard iran,DPH_lexemes
MB05,430,2045432805434560942,25,4.028553352043254,revolutionary guard iran,DPH_lexemes
MB05,464,2045399533887029655,26,4.028553352043254,revolutionary guard iran,DPH_lexemes
MB05,407,2045453851889950937,27,3.9985808512825907,revolutionary guard iran,DPH_lexemes
MB05,409,2045451486570635579,28,3.962323086067348,revolutionary guard iran,DPH_lexemes
MB05,425,2045436460107477398,29,3.962323086067348,revolutionary guard iran,DPH_lexemes
MB01,133,2045393501299548572,0,1.8458459867705683,regime change iran,BM25_stems
MB01,131,2045398108817830004,1,1.5705479472772255,regime change iran,BM25_stems
MB01,123,2045399803203592596,2,1.5702277062928636,regime change iran,BM25_stems
MB01,124,2045399721959977051,3,1.5702277062928636,regime change iran,BM25_stems
MB01,125,2045399616376758278,4,1.5702277062928636,regime change iran,BM25_stems
MB01,127,2045399529609183420,5,1.5702277062928636,regime change iran,BM25_stems
MB01,128,2045399431688945699,6,1.5702277062928636,regime change iran,BM25_stems
MB01,129,2045399378849104068,7,1.5702277062928636,regime change iran,BM25_stems
MB01,130,2045399286964535695,8,1.5702277062928636,regime change iran,BM25_stems
MB01,190,2045298074671804579,9,1.5702277062928636,regime change iran,BM25_stems
MB01,191,2045297910871634089,10,1.5702277062928636,regime change iran,BM25_stems
MB01,193,2045297668034019582,11,1.5702277062928636,regime change iran,BM25_stems
MB01,194,2045297466426466554,12,1.5702277062928636,regime change iran,BM25_stems
MB01,195,2045297284687266289,13,1.5702277062928636,regime change iran,BM25_stems
MB01,196,2045297112997621986,14,1.5702277062928636,regime change iran,BM25_stems
MB01,197,2045296944323666106,15,1.5702277062928636,regime change iran,BM25_stems
MB01,198,2045296726551220349,16,1.5702277062928636,regime change iran,BM25_stems
MB01,199,2045295996088025484,17,1.5702277062928636,regime change iran,BM25_stems
MB01,168,2045332267162276135,18,1.518010706676162,regime change iran,BM25_stems
MB01,186,2045306716091281769,19,1.3860928776853518,regime change iran,BM25_stems
MB01,188,2045306321793433782,20,1.3768912344413493,regime change iran,BM25_stems
MB01,122,2045400293710471508,21,1.3250983341777371,regime change iran,BM25_stems
MB01,74,2045436304238764390,22,1.316586042699281,regime change iran,BM25_stems
MB01,46,2045443906599346534,23,1.2107883434058677,regime change iran,BM25_stems
MB01,93,2045433390967517552,24,1.2094413730998186,regime change iran,BM25_stems
MB01,20,2045453809359462654,25,1.1758239790315512,regime change iran,BM25_stems
MB01,23,2045453020553695609,26,1.10199134370347,regime change iran,BM25_stems
MB01,45,2045444062484804010,27,1.0657274299626,regime change iran,BM25_stems
MB01,3,2045459926248829101,28,1.0387433926885359,regime change iran,BM25_stems
MB01,2,2045460590563410352,29,1.0083433220132776,regime change iran,BM25_stems
MB02,112,2045427519814312418,0,3.476598134881536,regime collapse,BM25_stems
MB02,142,2045381055708860714,1,3.371783805572695,regime collapse,BM25_stems
MB02,152,2045364763312455785,2,3.371783805572695,regime collapse,BM25_stems
MB02,101,2045458769492979802,3,3.273104510269743,regime collapse,BM25_stems
MB02,135,2045392180802396314,4,3.180036917519705,regime collapse,BM25_stems
MB02,156,2045358981343072490,5,3.180036917519705,regime collapse,BM25_stems
MB02,176,2045318504618868886,6,3.180036917519705,regime collapse,BM25_stems
MB02,126,2045399549531890158,7,3.0089251086839486,regime collapse,BM25_stems
MB02,162,2045348543255150822,8,3.0089251086839486,regime collapse,BM25_stems
MB02,164,2045345115867349323,9,3.0089251086839486,regime collapse,BM25_stems
MB02,182,2045310621353177590,10,3.0089251086839486,regime collapse,BM25_stems
MB02,133,2045393501299548572,11,2.9300936918368317,regime collapse,BM25_stems
MB02,178,2045315972463047147,12,2.884763301605079,regime collapse,BM25_stems
MB02,65,2045438432747667600,13,2.8552874578243967,regime collapse,BM25_stems
MB02,66,2045438384320205216,14,2.8552874578243967,regime collapse,BM25_stems
MB02,103,2045455413861023835,15,2.8552874578243967,regime collapse,BM25_stems
MB02,144,2045379660976939335,16,2.8552874578243967,regime collapse,BM25_stems
MB02,146,2045379059228487850,17,2.8552874578243967,regime collapse,BM25_stems
MB02,147,2045377434011488749,18,2.8552874578243967,regime collapse,BM25_stems
MB02,173,2045325917611049104,19,2.8552874578243967,regime collapse,BM25_stems
MB02,189,2045305048268484832,20,2.8455285095373943,regime collapse,BM25_stems
MB02,172,2045326421111820314,21,2.8185961481922432,regime collapse,BM25_stems
MB02,134,2045393312979542087,22,2.7554491906033722,regime collapse,BM25_stems
MB02,107,2045442657254564083,23,2.7165772753228477,regime collapse,BM25_stems
MB02,115,2045423484126351672,24,2.7165772753228477,regime collapse,BM25_stems
MB02,148,2045373342442475887,25,2.6521562523573654,regime collapse,BM25_stems
MB02,155,2045360032850559102,26,2.590719818201214,regime collapse,BM25_stems
MB02,145,2045379394219208886,27,2.476007805745254,regime collapse,BM25_stems
MB02,175,2045321292937679212,28,2.476007805745254,regime collapse,BM25_stems
MB02,177,2045318021556924429,29,2.476007805745254,regime collapse,BM25_stems
MB03,274,2045449825953415622,0,5.1772600291082425,closing hormuz strait,BM25_stems
MB03,210,2045460430038925635,1,5.137367885915627,closing hormuz strait,BM25_stems
MB03,243,2045455038752190844,2,5.137367885915627,closing hormuz strait,BM25_stems
MB03,246,2045454947257577803,3,5.137367885915627,closing hormuz strait,BM25_stems
MB03,299,2045446092720882085,4,5.137367885915627,closing hormuz strait,BM25_stems
MB03,217,2045459430100058130,5,5.117249796789262,closing hormuz strait,BM25_stems
MB03,204,2045461488979112332,6,5.03613061018119,closing hormuz strait,BM25_stems
MB03,231,2045456663184847359,7,4.991291749112371,closing hormuz strait,BM25_stems
MB03,247,2045454542460850480,8,4.991291749112371,closing hormuz strait,BM25_stems
MB03,250,2045453773682671952,9,4.991291749112371,closing hormuz strait,BM25_stems
MB03,253,2045452671298007229,10,4.991291749112371,closing hormuz strait,BM25_stems
MB03,275,2045449695489892499,11,4.991291749112371,closing hormuz strait,BM25_stems
MB03,292,2045447076343951468,12,4.991291749112371,closing hormuz strait,BM25_stems
MB03,212,2045460030061772928,13,4.872125218617751,closing hormuz strait,BM25_stems
MB03,220,2045459033885491314,14,4.853293009420394,closing hormuz strait,BM25_stems
MB03,244,2045454999518339562,15,4.853293009420394,closing hormuz strait,BM25_stems
MB03,294,2045446979543585187,16,4.853293009420394,closing hormuz strait,BM25_stems
MB03,200,2045461866365718542,17,4.722719722507176,closing hormuz strait,BM25_stems
MB03,270,2045450185514344567,18,4.722719722507176,closing hormuz strait,BM25_stems
MB03,205,2045461058244976964,19,4.65043140312742,closing hormuz strait,BM25_stems
MB03,203,2045461578875912680,20,4.598988265708006,closing hormuz strait,BM25_stems
MB03,239,2045455725711986694,21,4.598988265708006,closing hormuz strait,BM25_stems
MB03,201,2045461708303724675,22,4.504122542989398,closing hormuz strait,BM25_stems
MB03,226,2045457568517218638,23,4.4815746166552595,closing hormuz strait,BM25_stems
MB03,268,2045450251713049084,24,4.4815746166552595,closing hormuz strait,BM25_stems
MB03,283,2045448604580515929,25,4.4815746166552595,closing hormuz strait,BM25_stems
MB03,288,2045447819608326344,26,4.4815746166552595,closing hormuz strait,BM25_stems
MB03,213,2045459959824228366,27,4.47683459255794,closing hormuz strait,BM25_stems
MB03,242,2045455214837117361,28,4.47683459255794,closing hormuz strait,BM25_stems
MB03,284,2045448439035793778,29,4.47683459255794,closing hormuz strait,BM25_stems
MB04,304,2044685310668226788,0,8.643012231097423,intercepting missiles drones,BM25_stems
MB04,338,2042715314702426508,1,8.390064116556424,intercepting missiles drones,BM25_stems
MB04,316,2043887981031776405,2,8.350109171830372,intercepting missiles drones,BM25_stems
MB04,370,2042119334873723208,3,8.15150067689344,intercepting missiles drones,BM25_stems
MB04,362,2042254651806888064,4,8.02939677570898,intercepting missiles drones,BM25_stems
MB04,300,2045394836304650479,5,7.712883748308526,intercepting missiles drones,BM25_stems
MB04,324,2043347478355788094,6,7.712883748308526,intercepting missiles drones,BM25_stems
MB04,379,2041973143313735695,7,7.702811156988961,intercepting missiles drones,BM25_stems
MB04,315,2043932773380174155,8,7.510812399938475,intercepting missiles drones,BM25_stems
MB04,328,2043225079988048080,9,7.510812399938475,intercepting missiles drones,BM25_stems
MB04,307,2044427189308022874,10,7.3825123219599025,intercepting missiles drones,BM25_stems
MB04,317,2043841294741688481,11,7.336021623229322,intercepting missiles drones,BM25_stems
MB04,381,2041956881044824180,12,7.192011704762077,intercepting missiles drones,BM25_stems
MB04,394,2041887102116217327,13,7.172440660538509,intercepting missiles drones,BM25_stems
MB04,325,2043272541414826137,14,7.1368527980362595,intercepting missiles drones,BM25_stems
MB04,333,2042965263859999161,15,7.1368527980362595,intercepting missiles drones,BM25_stems
MB04,359,2042302133610168738,16,7.128737663546217,intercepting missiles drones,BM25_stems
MB04,383,2041910637744284140,17,7.113065321827096,intercepting missiles drones,BM25_stems
MB04,301,2045227088437997935,18,6.963498246397421,intercepting missiles drones,BM25_stems
MB04,345,2042554367539044512,19,6.963498246397421,intercepting missiles drones,BM25_stems
MB04,306,2044436974035980766,20,6.798365568403584,intercepting missiles drones,BM25_stems
MB04,342,2042606291000979818,21,6.798365568403584,intercepting missiles drones,BM25_stems
MB04,346,2042491002603061392,22,6.798365568403584,intercepting missiles drones,BM25_stems
MB04,386,2041903437932020199,23,6.771273349168768,intercepting missiles drones,BM25_stems
MB04,335,2042910570622357536,24,6.675109513795166,intercepting missiles drones,BM25_stems
MB04,320,2043598876813467803,25,6.670030652857042,intercepting missiles drones,BM25_stems
MB04,380,2041961120723038433,26,6.640883392064451,intercepting missiles drones,BM25_stems
MB04,311,2044037152716013858,27,6.635321319255212,intercepting missiles drones,BM25_stems
MB04,314,2043934581552787948,28,6.635321319255212,intercepting missiles drones,BM25_stems
MB04,305,2044674816972890502,29,6.564455302691811,intercepting missiles drones,BM25_stems
MB05,405,2045459126311067980,0,5.1604183212901225,revolutionary guard iran,BM25_stems
MB05,437,2045424407573635553,1,4.146727126798587,revolutionary guard iran,BM25_stems
MB05,436,2045426561290285330,2,3.844554428757548,revolutionary guard iran,BM25_stems
MB05,498,2045310239486915006,3,3.844554428757548,revolutionary guard iran,BM25_stems
MB05,410,2045451395625619495,4,3.6664384412005084,revolutionary guard iran,BM25_stems
MB05,415,2045446936527024532,5,3.583429334859716,revolutionary guard iran,BM25_stems
MB05,488,2045338968556810498,6,3.583429334859716,revolutionary guard iran,BM25_stems
MB05,207,2045460899629027460,7,3.52148131612967,revolutionary guard iran,BM25_stems
MB05,416,2045446414579253519,8,3.492656954705885,revolutionary guard iran,BM25_stems
MB05,428,2045435273732047300,9,3.4281987380983545,revolutionary guard iran,BM25_stems
MB05,467,2045392249698041875,10,3.3555198459728914,revolutionary guard iran,BM25_stems
MB05,474,2045366687168401511,11,3.3555198459728914,revolutionary guard iran,BM25_stems
MB05,413,2045449234804068693,12,3.3175085160282327,revolutionary guard iran,BM25_stems
MB05,407,2045453851889950937,13,3.2858586093718523,revolutionary guard iran,BM25_stems
MB05,424,2045436789557764567,14,3.2361195311664543,revolutionary guard iran,BM25_stems
MB05,438,2045423473380532720,15,3.2361195311664543,revolutionary guard iran,BM25_stems
MB05,472,2045370881032265777,16,3.2190309093154785,revolutionary guard iran,BM25_stems
MB05,403,2045460939474968746,17,3.1548673066918203,revolutionary guard iran,BM25_stems
MB05,419,2045444225110626383,18,3.1548673066918203,revolutionary guard iran,BM25_stems
MB05,404,2045460237138997688,19,3.093211607810493,revolutionary guard iran,BM25_stems
MB05,417,2045446184953671969,20,3.093211607810493,revolutionary guard iran,BM25_stems
MB05,422,2045437779526738109,21,3.093211607810493,revolutionary guard iran,BM25_stems
MB05,448,2045406410104594882,22,3.093211607810493,revolutionary guard iran,BM25_stems
MB05,449,2045406049868382666,23,3.093211607810493,revolutionary guard iran,BM25_stems
MB05,450,2045405977751560313,24,3.093211607810493,revolutionary guard iran,BM25_stems
MB05,451,2045405875834105981,25,3.093211607810493,revolutionary guard iran,BM25_stems
MB05,452,2045405640600809490,26,3.093211607810493,revolutionary guard iran,BM25_stems
MB05,453,2045405560237940938,27,3.093211607810493,revolutionary guard iran,BM25_stems
MB05,454,2045404875396202597,28,3.093211607810493,revolutionary guard iran,BM25_stems
MB05,455,2045404681820688467,29,3.093211607810493,revolutionary guard iran,BM25_stems
MB01,74,2045436304238764390,0,4.187885510361576,regime change iran,TF_IDF_stems
MB01,3,2045459926248829101,1,4.172555856411254,regime change iran,TF_IDF_stems
MB01,2,2045460590563410352,2,4.050441007042098,regime change iran,TF_IDF_stems
MB01,53,2045441340368957757,3,4.050441007042098,regime change iran,TF_IDF_stems
MB01,89,2045434295410462920,4,4.050441007042098,regime change iran,TF_IDF_stems
MB01,20,2045453809359462654,5,3.95128318987664,regime change iran,TF_IDF_stems
MB01,36,2045447868765687984,6,3.9352705953064886,regime change iran,TF_IDF_stems
MB01,43,2045445702428315950,7,3.9352705953064886,regime change iran,TF_IDF_stems
MB01,25,2045452145101619611,8,3.82646862383372,regime change iran,TF_IDF_stems
MB01,28,2045451431981748380,9,3.82646862383372,regime change iran,TF_IDF_stems
MB01,44,2045444785696076112,10,3.82646862383372,regime change iran,TF_IDF_stems
MB01,76,2045436169584808399,11,3.82646862383372,regime change iran,TF_IDF_stems
MB01,95,2045433045063258122,12,3.82646862383372,regime change iran,TF_IDF_stems
MB01,69,2045437692511711397,13,3.723521081924657,regime change iran,TF_IDF_stems
MB01,81,2045435852072092103,14,3.723521081924657,regime change iran,TF_IDF_stems
MB01,99,2045432568154042718,15,3.723521081924657,regime change iran,TF_IDF_stems
MB01,31,2045450762353090823,16,3.625967825547127,regime change iran,TF_IDF_stems
MB01,93,2045433390967517552,17,3.6143964488331495,regime change iran,TF_IDF_stems
MB01,59,2045440283559784730,18,3.5386951970454787,regime change iran,TF_IDF_stems
MB01,65,2045438432747667600,19,3.533395701169289,regime change iran,TF_IDF_stems
MB01,66,2045438384320205216,20,3.533395701169289,regime change iran,TF_IDF_stems
MB01,72,2045436749246255493,21,3.533395701169289,regime change iran,TF_IDF_stems
MB01,98,2045432583836598399,22,3.533395701169289,regime change iran,TF_IDF_stems
MB01,144,2045379660976939335,23,3.533395701169289,regime change iran,TF_IDF_stems
MB01,146,2045379059228487850,24,3.533395701169289,regime change iran,TF_IDF_stems
MB01,46,2045443906599346534,25,3.4770848196166115,regime change iran,TF_IDF_stems
MB01,0,2045461003153162682,26,3.445432696675722,regime change iran,TF_IDF_stems
MB01,38,2045447137094230451,27,3.445432696675722,regime change iran,TF_IDF_stems
MB01,42,2045446143811768783,28,3.445432696675722,regime change iran,TF_IDF_stems
MB01,83,2045435452400796018,29,3.445432696675722,regime change iran,TF_IDF_stems
MB02,112,2045427519814312418,0,3.5664838144419586,regime collapse,TF_IDF_stems
MB02,142,2045381055708860714,1,3.458959563867537,regime collapse,TF_IDF_stems
MB02,152,2045364763312455785,2,3.458959563867537,regime collapse,TF_IDF_stems
MB02,101,2045458769492979802,3,3.3577289654882083,regime collapse,TF_IDF_stems
MB02,135,2045392180802396314,4,3.2622551573819987,regime collapse,TF_IDF_stems
MB02,156,2045358981343072490,5,3.2622551573819987,regime collapse,TF_IDF_stems
MB02,176,2045318504618868886,6,3.2622551573819987,regime collapse,TF_IDF_stems
MB02,178,2045315972463047147,7,3.176650870523467,regime collapse,TF_IDF_stems
MB02,172,2045326421111820314,8,3.1119309792378527,regime collapse,TF_IDF_stems
MB02,126,2045399549531890158,9,3.0867193396095467,regime collapse,TF_IDF_stems
MB02,162,2045348543255150822,10,3.0867193396095467,regime collapse,TF_IDF_stems
MB02,164,2045345115867349323,11,3.0867193396095467,regime collapse,TF_IDF_stems
MB02,182,2045310621353177590,12,3.0867193396095467,regime collapse,TF_IDF_stems
MB02,134,2045393312979542087,13,3.0499046278480444,regime collapse,TF_IDF_stems
MB02,133,2045393501299548572,14,3.0058497765059142,regime collapse,TF_IDF_stems
MB02,65,2045438432747667600,15,2.929109465295399,regime collapse,TF_IDF_stems
MB02,66,2045438384320205216,16,2.929109465295399,regime collapse,TF_IDF_stems
MB02,103,2045455413861023835,17,2.929109465295399,regime collapse,TF_IDF_stems
MB02,144,2045379660976939335,18,2.929109465295399,regime collapse,TF_IDF_stems
MB02,146,2045379059228487850,19,2.929109465295399,regime collapse,TF_IDF_stems
MB02,147,2045377434011488749,20,2.929109465295399,regime collapse,TF_IDF_stems
MB02,173,2045325917611049104,21,2.929109465295399,regime collapse,TF_IDF_stems
MB02,189,2045305048268484832,22,2.9190982043554703,regime collapse,TF_IDF_stems
MB02,123,2045399803203592596,23,2.815547382138427,regime collapse,TF_IDF_stems
MB02,124,2045399721959977051,24,2.815547382138427,regime collapse,TF_IDF_stems
MB02,125,2045399616376758278,25,2.815547382138427,regime collapse,TF_IDF_stems
MB02,127,2045399529609183420,26,2.815547382138427,regime collapse,TF_IDF_stems
MB02,128,2045399431688945699,27,2.815547382138427,regime collapse,TF_IDF_stems
MB02,129,2045399378849104068,28,2.815547382138427,regime collapse,TF_IDF_stems
MB02,130,2045399286964535695,29,2.815547382138427,regime collapse,TF_IDF_stems
MB03,210,2045460430038925635,0,4.987170878672838,closing hormuz strait,TF_IDF_stems
MB03,243,2045455038752190844,1,4.987170878672838,closing hormuz strait,TF_IDF_stems
MB03,246,2045454947257577803,2,4.987170878672838,closing hormuz strait,TF_IDF_stems
MB03,299,2045446092720882085,3,4.987170878672838,closing hormuz strait,TF_IDF_stems
MB03,217,2045459430100058130,4,4.967640965601863,closing hormuz strait,TF_IDF_stems
MB03,204,2045461488979112332,5,4.938877860902809,closing hormuz strait,TF_IDF_stems
MB03,274,2045449825953415622,6,4.9055880232891225,closing hormuz strait,TF_IDF_stems
MB03,231,2045456663184847359,7,4.845365449956808,closing hormuz strait,TF_IDF_stems
MB03,247,2045454542460850480,8,4.845365449956808,closing hormuz strait,TF_IDF_stems
MB03,250,2045453773682671952,9,4.845365449956808,closing hormuz strait,TF_IDF_stems
MB03,253,2045452671298007229,10,4.845365449956808,closing hormuz strait,TF_IDF_stems
MB03,275,2045449695489892499,11,4.845365449956808,closing hormuz strait,TF_IDF_stems
MB03,292,2045447076343951468,12,4.845365449956808,closing hormuz strait,TF_IDF_stems
MB03,220,2045459033885491314,13,4.711401266124037,closing hormuz strait,TF_IDF_stems
MB03,244,2045454999518339562,14,4.711401266124037,closing hormuz strait,TF_IDF_stems
MB03,294,2045446979543585187,15,4.711401266124037,closing hormuz strait,TF_IDF_stems
MB03,212,2045460030061772928,16,4.603133926882829,closing hormuz strait,TF_IDF_stems
MB03,200,2045461866365718542,17,4.5846454432032235,closing hormuz strait,TF_IDF_stems
MB03,270,2045450185514344567,18,4.5846454432032235,closing hormuz strait,TF_IDF_stems
MB03,205,2045461058244976964,19,4.557677559684733,closing hormuz strait,TF_IDF_stems
MB03,203,2045461578875912680,20,4.464531421426368,closing hormuz strait,TF_IDF_stems
MB03,239,2045455725711986694,21,4.464531421426368,closing hormuz strait,TF_IDF_stems
MB03,229,2045456698228330845,22,4.449470699014304,closing hormuz strait,TF_IDF_stems
MB03,201,2045461708303724675,23,4.426883808049582,closing hormuz strait,TF_IDF_stems
MB03,213,2045459959824228366,24,4.419633833540741,closing hormuz strait,TF_IDF_stems
MB03,242,2045455214837117361,25,4.419633833540741,closing hormuz strait,TF_IDF_stems
MB03,284,2045448439035793778,26,4.419633833540741,closing hormuz strait,TF_IDF_stems
MB03,226,2045457568517218638,27,4.350550498837601,closing hormuz strait,TF_IDF_stems
MB03,268,2045450251713049084,28,4.350550498837601,closing hormuz strait,TF_IDF_stems
MB03,283,2045448604580515929,29,4.350550498837601,closing hormuz strait,TF_IDF_stems
MB04,304,2044685310668226788,0,6.200364253495124,intercepting missiles drones,TF_IDF_stems
MB04,338,2042715314702426508,1,6.018903160365345,intercepting missiles drones,TF_IDF_stems
MB04,316,2043887981031776405,2,5.995189897697914,intercepting missiles drones,TF_IDF_stems
MB04,370,2042119334873723208,3,5.847761412103651,intercepting missiles drones,TF_IDF_stems
MB04,362,2042254651806888064,4,5.756642787155604,intercepting missiles drones,TF_IDF_stems
MB04,300,2045394836304650479,5,5.533104362887558,intercepting missiles drones,TF_IDF_stems
MB04,324,2043347478355788094,6,5.533104362887558,intercepting missiles drones,TF_IDF_stems
MB04,379,2041973143313735695,7,5.522278597375261,intercepting missiles drones,TF_IDF_stems
MB04,315,2043932773380174155,8,5.38814148055109,intercepting missiles drones,TF_IDF_stems
MB04,328,2043225079988048080,9,5.38814148055109,intercepting missiles drones,TF_IDF_stems
MB04,307,2044427189308022874,10,5.29896791972042,intercepting missiles drones,TF_IDF_stems
MB04,317,2043841294741688481,11,5.264276658074802,intercepting missiles drones,TF_IDF_stems
MB04,381,2041956881044824180,12,5.160980087610614,intercepting missiles drones,TF_IDF_stems
MB04,394,2041887102116217327,13,5.1577111147002235,intercepting missiles drones,TF_IDF_stems
MB04,359,2042302133610168738,14,5.122816309396477,intercepting missiles drones,TF_IDF_stems
MB04,325,2043272541414826137,15,5.119868604626749,intercepting missiles drones,TF_IDF_stems
MB04,333,2042965263859999161,16,5.119868604626749,intercepting missiles drones,TF_IDF_stems
MB04,383,2041910637744284140,17,5.102803834472024,intercepting missiles drones,TF_IDF_stems
MB04,301,2045227088437997935,18,4.99550671129345,intercepting missiles drones,TF_IDF_stems
MB04,345,2042554367539044512,19,4.99550671129345,intercepting missiles drones,TF_IDF_stems
MB04,306,2044436974035980766,20,4.877043063858936,intercepting missiles drones,TF_IDF_stems
MB04,342,2042606291000979818,21,4.877043063858936,intercepting missiles drones,TF_IDF_stems
MB04,346,2042491002603061392,22,4.877043063858936,intercepting missiles drones,TF_IDF_stems
MB04,386,2041903437932020199,23,4.866374949201304,intercepting missiles drones,TF_IDF_stems
MB04,320,2043598876813467803,24,4.786556244797526,intercepting missiles drones,TF_IDF_stems
MB04,335,2042910570622357536,25,4.782321368848752,intercepting missiles drones,TF_IDF_stems
MB04,311,2044037152716013858,26,4.767972515327705,intercepting missiles drones,TF_IDF_stems
MB04,314,2043934581552787948,27,4.767972515327705,intercepting missiles drones,TF_IDF_stems
MB04,380,2041961120723038433,28,4.764067768831292,intercepting missiles drones,TF_IDF_stems
MB04,305,2044674816972890502,29,4.7230339087155935,intercepting missiles drones,TF_IDF_stems
MB05,405,2045459126311067980,0,5.160523917456422,revolutionary guard iran,TF_IDF_stems
MB05,437,2045424407573635553,1,4.59521651624891,revolutionary guard iran,TF_IDF_stems
MB05,416,2045446414579253519,2,4.428424959268955,revolutionary guard iran,TF_IDF_stems
MB05,436,2045426561290285330,3,4.260362321521686,revolutionary guard iran,TF_IDF_stems
MB05,498,2045310239486915006,4,4.260362321521686,revolutionary guard iran,TF_IDF_stems
MB05,413,2045449234804068693,5,4.2454481673377575,revolutionary guard iran,TF_IDF_stems
MB05,424,2045436789557764567,6,4.159655517717253,revolutionary guard iran,TF_IDF_stems
MB05,438,2045423473380532720,7,4.159655517717253,revolutionary guard iran,TF_IDF_stems
MB05,410,2045451395625619495,8,4.062982194302659,revolutionary guard iran,TF_IDF_stems
MB05,402,2045460941240746469,9,3.9983065612764053,revolutionary guard iran,TF_IDF_stems
MB05,411,2045451275244868029,10,3.9983065612764053,revolutionary guard iran,TF_IDF_stems
MB05,415,2045446936527024532,11,3.9709952357224454,revolutionary guard iran,TF_IDF_stems
MB05,488,2045338968556810498,12,3.9709952357224454,revolutionary guard iran,TF_IDF_stems
MB05,463,2045400738021687376,13,3.882151051044041,revolutionary guard iran,TF_IDF_stems
MB05,428,2045435273732047300,14,3.798975669386598,revolutionary guard iran,TF_IDF_stems
MB05,467,2045392249698041875,15,3.7184361896317695,revolutionary guard iran,TF_IDF_stems
MB05,474,2045366687168401511,16,3.7184361896317695,revolutionary guard iran,TF_IDF_stems
MB05,456,2045404629916090450,17,3.7111899141141147,revolutionary guard iran,TF_IDF_stems
MB05,469,2045390981793747013,18,3.7111899141141147,revolutionary guard iran,TF_IDF_stems
MB05,442,2045421242166235469,19,3.6774173993014747,revolutionary guard iran,TF_IDF_stems
MB05,445,2045416995433136438,20,3.6774173993014747,revolutionary guard iran,TF_IDF_stems
MB05,407,2045453851889950937,21,3.641240740019787,revolutionary guard iran,TF_IDF_stems
MB05,444,2045418445286854958,22,3.6199103933171095,revolutionary guard iran,TF_IDF_stems
MB05,400,2045462527568736598,23,3.5828603384176416,revolutionary guard iran,TF_IDF_stems
MB05,443,2045418988746703185,24,3.5828603384176416,revolutionary guard iran,TF_IDF_stems
MB05,497,2045311700803666228,25,3.5828603384176416,revolutionary guard iran,TF_IDF_stems
MB05,472,2045370881032265777,26,3.5671852881774426,revolutionary guard iran,TF_IDF_stems
MB05,430,2045432805434560942,27,3.5220325359969014,revolutionary guard iran,TF_IDF_stems
MB05,464,2045399533887029655,28,3.5220325359969014,revolutionary guard iran,TF_IDF_stems
MB05,403,2045460939474968746,29,3.49608206930085,revolutionary guard iran,TF_IDF_stems
MB01,74,2045436304238764390,0,4.160445947407241,regime change iran,PL2_stems
MB01,3,2045459926248829101,1,4.044269290243524,regime change iran,PL2_stems
MB01,2,2045460590563410352,2,3.7920898645602303,regime change iran,PL2_stems
MB01,53,2045441340368957757,3,3.7920898645602303,regime change iran,PL2_stems
MB01,89,2045434295410462920,4,3.7920898645602303,regime change iran,PL2_stems
MB01,20,2045453809359462654,5,3.6836800136453896,regime change iran,PL2_stems
MB01,36,2045447868765687984,6,3.586876255434687,regime change iran,PL2_stems
MB01,43,2045445702428315950,7,3.586876255434687,regime change iran,PL2_stems
MB01,25,2045452145101619611,8,3.415269999511641,regime change iran,PL2_stems
MB01,28,2045451431981748380,9,3.415269999511641,regime change iran,PL2_stems
MB01,44,2045444785696076112,10,3.415269999511641,regime change iran,PL2_stems
MB01,76,2045436169584808399,11,3.415269999511641,regime change iran,PL2_stems
MB01,95,2045433045063258122,12,3.415269999511641,regime change iran,PL2_stems
MB01,93,2045433390967517552,13,3.3304930137607824,regime change iran,PL2_stems
MB01,69,2045437692511711397,14,3.2689370956301107,regime change iran,PL2_stems
MB01,81,2045435852072092103,15,3.2689370956301107,regime change iran,PL2_stems
MB01,99,2045432568154042718,16,3.2689370956301107,regime change iran,PL2_stems
MB01,46,2045443906599346534,17,3.1495910085646073,regime change iran,PL2_stems
MB01,31,2045450762353090823,18,3.1422932859260553,regime change iran,PL2_stems
MB01,59,2045440283559784730,19,3.096752937242607,regime change iran,PL2_stems
MB01,65,2045438432747667600,20,3.031397676361676,regime change iran,PL2_stems
MB01,66,2045438384320205216,21,3.031397676361676,regime change iran,PL2_stems
MB01,72,2045436749246255493,22,3.031397676361676,regime change iran,PL2_stems
MB01,98,2045432583836598399,23,3.031397676361676,regime change iran,PL2_stems
MB01,144,2045379660976939335,24,3.031397676361676,regime change iran,PL2_stems
MB01,146,2045379059228487850,25,3.031397676361676,regime change iran,PL2_stems
MB01,0,2045461003153162682,26,2.933357708134644,regime change iran,PL2_stems
MB01,38,2045447137094230451,27,2.933357708134644,regime change iran,PL2_stems
MB01,42,2045446143811768783,28,2.933357708134644,regime change iran,PL2_stems
MB01,83,2045435452400796018,29,2.933357708134644,regime change iran,PL2_stems
MB02,112,2045427519814312418,0,3.724288641799278,regime collapse,PL2_stems
MB02,142,2045381055708860714,1,3.4643624923768375,regime collapse,PL2_stems
MB02,152,2045364763312455785,2,3.4643624923768375,regime collapse,PL2_stems
MB02,101,2045458769492979802,3,3.2568664479024303,regime collapse,PL2_stems
MB02,135,2045392180802396314,4,3.084490359737471,regime collapse,PL2_stems
MB02,156,2045358981343072490,5,3.084490359737471,regime collapse,PL2_stems
MB02,176,2045318504618868886,6,3.084490359737471,regime collapse,PL2_stems
MB02,178,2045315972463047147,7,2.9601115331898002,regime collapse,PL2_stems
MB02,172,2045326421111820314,8,2.859142187052262,regime collapse,PL2_stems
MB02,126,2045399549531890158,9,2.8097047414139196,regime collapse,PL2_stems
MB02,162,2045348543255150822,10,2.8097047414139196,regime collapse,PL2_stems
MB02,164,2045345115867349323,11,2.8097047414139196,regime collapse,PL2_stems
MB02,182,2045310621353177590,12,2.8097047414139196,regime collapse,PL2_stems
MB02,134,2045393312979542087,13,2.7665579775803275,regime collapse,PL2_stems
MB02,133,2045393501299548572,14,2.697075393552818,regime collapse,PL2_stems
MB02,189,2045305048268484832,15,2.6134062373503135,regime collapse,PL2_stems
MB02,65,2045438432747667600,16,2.596674157366386,regime collapse,PL2_stems
MB02,66,2045438384320205216,17,2.596674157366386,regime collapse,PL2_stems
MB02,103,2045455413861023835,18,2.596674157366386,regime collapse,PL2_stems
MB02,144,2045379660976939335,19,2.596674157366386,regime collapse,PL2_stems
MB02,146,2045379059228487850,20,2.596674157366386,regime collapse,PL2_stems
MB02,147,2045377434011488749,21,2.596674157366386,regime collapse,PL2_stems
MB02,173,2045325917611049104,22,2.596674157366386,regime collapse,PL2_stems
MB02,123,2045399803203592596,23,2.516021445866567,regime collapse,PL2_stems
MB02,124,2045399721959977051,24,2.516021445866567,regime collapse,PL2_stems
MB02,125,2045399616376758278,25,2.516021445866567,regime collapse,PL2_stems
MB02,127,2045399529609183420,26,2.516021445866567,regime collapse,PL2_stems
MB02,128,2045399431688945699,27,2.516021445866567,regime collapse,PL2_stems
MB02,129,2045399378849104068,28,2.516021445866567,regime collapse,PL2_stems
MB02,130,2045399286964535695,29,2.516021445866567,regime collapse,PL2_stems
MB03,210,2045460430038925635,0,4.898746380029251,closing hormuz strait,PL2_stems
MB03,243,2045455038752190844,1,4.898746380029251,closing hormuz strait,PL2_stems
MB03,246,2045454947257577803,2,4.898746380029251,closing hormuz strait,PL2_stems
MB03,299,2045446092720882085,3,4.898746380029251,closing hormuz strait,PL2_stems
MB03,204,2045461488979112332,4,4.864807594531723,closing hormuz strait,PL2_stems
MB03,217,2045459430100058130,5,4.804784699940336,closing hormuz strait,PL2_stems
MB03,274,2045449825953415622,6,4.8013854631737445,closing hormuz strait,PL2_stems
MB03,231,2045456663184847359,7,4.631534872149261,closing hormuz strait,PL2_stems
MB03,247,2045454542460850480,8,4.631534872149261,closing hormuz strait,PL2_stems
MB03,250,2045453773682671952,9,4.631534872149261,closing hormuz strait,PL2_stems
MB03,253,2045452671298007229,10,4.631534872149261,closing hormuz strait,PL2_stems
MB03,275,2045449695489892499,11,4.631534872149261,closing hormuz strait,PL2_stems
MB03,292,2045447076343951468,12,4.631534872149261,closing hormuz strait,PL2_stems
MB03,220,2045459033885491314,13,4.403080173613992,closing hormuz strait,PL2_stems
MB03,244,2045454999518339562,14,4.403080173613992,closing hormuz strait,PL2_stems
MB03,294,2045446979543585187,15,4.403080173613992,closing hormuz strait,PL2_stems
MB03,212,2045460030061772928,16,4.331177004596744,closing hormuz strait,PL2_stems
MB03,205,2045461058244976964,17,4.237077551374989,closing hormuz strait,PL2_stems
MB03,229,2045456698228330845,18,4.230864537044846,closing hormuz strait,PL2_stems
MB03,200,2045461866365718542,19,4.204081573879444,closing hormuz strait,PL2_stems
MB03,270,2045450185514344567,20,4.204081573879444,closing hormuz strait,PL2_stems
MB03,409,2045451486570635579,21,4.071420650984272,closing hormuz strait,PL2_stems
MB03,201,2045461708303724675,22,4.057655771110485,closing hormuz strait,PL2_stems
MB03,213,2045459959824228366,23,4.054607630653766,closing hormuz strait,PL2_stems
MB03,242,2045455214837117361,24,4.054607630653766,closing hormuz strait,PL2_stems
MB03,284,2045448439035793778,25,4.054607630653766,closing hormuz strait,PL2_stems
MB03,203,2045461578875912680,26,4.028281277737451,closing hormuz strait,PL2_stems
MB03,239,2045455725711986694,27,4.028281277737451,closing hormuz strait,PL2_stems
MB03,234,2045456267628757013,28,3.932063341430088,closing hormuz strait,PL2_stems
MB03,279,2045448778463740343,29,3.932063341430088,closing hormuz strait,PL2_stems
MB04,304,2044685310668226788,0,6.1280626703633985,intercepting missiles drones,PL2_stems
MB04,338,2042715314702426508,1,5.765441397284459,intercepting missiles drones,PL2_stems
MB04,316,2043887981031776405,2,5.760153050981513,intercepting missiles drones,PL2_stems
MB04,370,2042119334873723208,3,5.460470467526399,intercepting missiles drones,PL2_stems
MB04,362,2042254651806888064,4,5.37714951395548,intercepting missiles drones,PL2_stems
MB04,379,2041973143313735695,5,5.050487247230982,intercepting missiles drones,PL2_stems
MB04,307,2044427189308022874,6,4.981914331395723,intercepting missiles drones,PL2_stems
MB04,300,2045394836304650479,7,4.966318286891221,intercepting missiles drones,PL2_stems
MB04,324,2043347478355788094,8,4.966318286891221,intercepting missiles drones,PL2_stems
MB04,315,2043932773380174155,9,4.760579548531933,intercepting missiles drones,PL2_stems
MB04,328,2043225079988048080,10,4.760579548531933,intercepting missiles drones,PL2_stems
MB04,317,2043841294741688481,11,4.660579157804419,intercepting missiles drones,PL2_stems
MB04,394,2041887102116217327,12,4.640196253314865,intercepting missiles drones,PL2_stems
MB04,359,2042302133610168738,13,4.552733884804597,intercepting missiles drones,PL2_stems
MB04,381,2041956881044824180,14,4.527020037373433,intercepting missiles drones,PL2_stems
MB04,383,2041910637744284140,15,4.447091796211462,intercepting missiles drones,PL2_stems
MB04,325,2043272541414826137,16,4.40739599940986,intercepting missiles drones,PL2_stems
MB04,333,2042965263859999161,17,4.40739599940986,intercepting missiles drones,PL2_stems
MB04,301,2045227088437997935,18,4.253779140140306,intercepting missiles drones,PL2_stems
MB04,345,2042554367539044512,19,4.253779140140306,intercepting missiles drones,PL2_stems
MB04,386,2041903437932020199,20,4.231570491993165,intercepting missiles drones,PL2_stems
MB04,305,2044674816972890502,21,4.151532438236135,intercepting missiles drones,PL2_stems
MB04,335,2042910570622357536,22,4.116267390971028,intercepting missiles drones,PL2_stems
MB04,306,2044436974035980766,23,4.112500518921394,intercepting missiles drones,PL2_stems
MB04,342,2042606291000979818,24,4.112500518921394,intercepting missiles drones,PL2_stems
MB04,346,2042491002603061392,25,4.112500518921394,intercepting missiles drones,PL2_stems
MB04,320,2043598876813467803,26,4.071280201185364,intercepting missiles drones,PL2_stems
MB04,311,2044037152716013858,27,4.053167843530068,intercepting missiles drones,PL2_stems
MB04,314,2043934581552787948,28,4.053167843530068,intercepting missiles drones,PL2_stems
MB04,380,2041961120723038433,29,3.9818931759097227,intercepting missiles drones,PL2_stems
MB05,405,2045459126311067980,0,5.313135570922424,revolutionary guard iran,PL2_stems
MB05,437,2045424407573635553,1,4.305904280686317,revolutionary guard iran,PL2_stems
MB05,416,2045446414579253519,2,4.072875162937447,revolutionary guard iran,PL2_stems
MB05,436,2045426561290285330,3,3.877391277848555,revolutionary guard iran,PL2_stems
MB05,498,2045310239486915006,4,3.877391277848555,revolutionary guard iran,PL2_stems
MB05,413,2045449234804068693,5,3.829039028728515,revolutionary guard iran,PL2_stems
MB05,424,2045436789557764567,6,3.720173057595002,revolutionary guard iran,PL2_stems
MB05,438,2045423473380532720,7,3.720173057595002,revolutionary guard iran,PL2_stems
MB05,410,2045451395625619495,8,3.6511400911829472,revolutionary guard iran,PL2_stems
MB05,415,2045446936527024532,9,3.551068419839449,revolutionary guard iran,PL2_stems
MB05,488,2045338968556810498,10,3.551068419839449,revolutionary guard iran,PL2_stems
MB05,402,2045460941240746469,11,3.5238044363678713,revolutionary guard iran,PL2_stems
MB05,411,2045451275244868029,12,3.5238044363678713,revolutionary guard iran,PL2_stems
MB05,463,2045400738021687376,13,3.457969442422785,revolutionary guard iran,PL2_stems
MB05,428,2045435273732047300,14,3.3718365480780736,revolutionary guard iran,PL2_stems
MB05,467,2045392249698041875,15,3.2911005144339973,revolutionary guard iran,PL2_stems
MB05,474,2045366687168401511,16,3.2911005144339973,revolutionary guard iran,PL2_stems
MB05,407,2045453851889950937,17,3.215433663420933,revolutionary guard iran,PL2_stems
MB05,442,2045421242166235469,18,3.2004177984835684,revolutionary guard iran,PL2_stems
MB05,445,2045416995433136438,19,3.2004177984835684,revolutionary guard iran,PL2_stems
MB05,456,2045404629916090450,20,3.1979446456403675,revolutionary guard iran,PL2_stems
MB05,469,2045390981793747013,21,3.1979446456403675,revolutionary guard iran,PL2_stems
MB05,472,2045370881032265777,22,3.1443132986970617,revolutionary guard iran,PL2_stems
MB05,444,2045418445286854958,23,3.1333461507114406,revolutionary guard iran,PL2_stems
MB05,403,2045460939474968746,24,3.077288849331109,revolutionary guard iran,PL2_stems
MB05,419,2045444225110626383,25,3.077288849331109,revolutionary guard iran,PL2_stems
MB05,400,2045462527568736598,26,3.0607545474736773,revolutionary guard iran,PL2_stems
MB05,443,2045418988746703185,27,3.0607545474736773,revolutionary guard iran,PL2_stems
MB05,497,2045311700803666228,28,3.0607545474736773,revolutionary guard iran,PL2_stems
MB05,404,2045460237138997688,29,3.013969358510211,revolutionary guard iran,PL2_stems
MB01,20,2045453809359462654,0,4.471891064457281,regime change iran,DPH_stems
MB01,74,2045436304238764390,1,4.001654193035165,regime change iran,DPH_stems
MB01,25,2045452145101619611,2,3.924049824859025,regime change iran,DPH_stems
MB01,28,2045451431981748380,3,3.924049824859025,regime change iran,DPH_stems
MB01,44,2045444785696076112,4,3.924049824859025,regime change iran,DPH_stems
MB01,76,2045436169584808399,5,3.924049824859025,regime change iran,DPH_stems
MB01,95,2045433045063258122,6,3.924049824859025,regime change iran,DPH_stems
MB01,36,2045447868765687984,7,3.9195659450006186,regime change iran,DPH_stems
MB01,43,2045445702428315950,8,3.9195659450006186,regime change iran,DPH_stems
MB01,69,2045437692511711397,9,3.8850956981602724,regime change iran,DPH_stems
MB01,81,2045435852072092103,10,3.8850956981602724,regime change iran,DPH_stems
MB01,99,2045432568154042718,11,3.8850956981602724,regime change iran,DPH_stems
MB01,93,2045433390967517552,12,3.8736787622811066,regime change iran,DPH_stems
MB01,2,2045460590563410352,13,3.8365160337672997,regime change iran,DPH_stems
MB01,53,2045441340368957757,14,3.8365160337672997,regime change iran,DPH_stems
MB01,89,2045434295410462920,15,3.8365160337672997,regime change iran,DPH_stems
MB01,31,2045450762353090823,16,3.8214820843557664,regime change iran,DPH_stems
MB01,59,2045440283559784730,17,3.8144875669777876,regime change iran,DPH_stems
MB01,40,2045446514768547964,18,3.808831524982743,regime change iran,DPH_stems
MB01,46,2045443906599346534,19,3.79597892323163,regime change iran,DPH_stems
MB01,65,2045438432747667600,20,3.743820043612943,regime change iran,DPH_stems
MB01,66,2045438384320205216,21,3.743820043612943,regime change iran,DPH_stems
MB01,72,2045436749246255493,22,3.743820043612943,regime change iran,DPH_stems
MB01,98,2045432583836598399,23,3.743820043612943,regime change iran,DPH_stems
MB01,144,2045379660976939335,24,3.743820043612943,regime change iran,DPH_stems
MB01,146,2045379059228487850,25,3.743820043612943,regime change iran,DPH_stems
MB01,26,2045451838250451429,26,3.7152566653436665,regime change iran,DPH_stems
MB01,48,2045443498799689849,27,3.7152566653436665,regime change iran,DPH_stems
MB01,70,2045436889264513141,28,3.7152566653436665,regime change iran,DPH_stems
MB01,33,2045449265250459917,29,3.663453490313976,regime change iran,DPH_stems
MB02,189,2045305048268484832,0,3.3343382652091984,regime collapse,DPH_stems
MB02,178,2045315972463047147,1,3.313199791522148,regime collapse,DPH_stems
MB02,172,2045326421111820314,2,3.2940068264336904,regime collapse,DPH_stems
MB02,134,2045393312979542087,3,3.265882484465522,regime collapse,DPH_stems
MB02,123,2045399803203592596,4,3.145772200458002,regime collapse,DPH_stems
MB02,124,2045399721959977051,5,3.145772200458002,regime collapse,DPH_stems
MB02,125,2045399616376758278,6,3.145772200458002,regime collapse,DPH_stems
MB02,127,2045399529609183420,7,3.145772200458002,regime collapse,DPH_stems
MB02,128,2045399431688945699,8,3.145772200458002,regime collapse,DPH_stems
MB02,129,2045399378849104068,9,3.145772200458002,regime collapse,DPH_stems
MB02,130,2045399286964535695,10,3.145772200458002,regime collapse,DPH_stems
MB02,190,2045298074671804579,11,3.145772200458002,regime collapse,DPH_stems
MB02,191,2045297910871634089,12,3.145772200458002,regime collapse,DPH_stems
MB02,193,2045297668034019582,13,3.145772200458002,regime collapse,DPH_stems
MB02,194,2045297466426466554,14,3.145772200458002,regime collapse,DPH_stems
MB02,195,2045297284687266289,15,3.145772200458002,regime collapse,DPH_stems
MB02,196,2045297112997621986,16,3.145772200458002,regime collapse,DPH_stems
MB02,197,2045296944323666106,17,3.145772200458002,regime collapse,DPH_stems
MB02,198,2045296726551220349,18,3.145772200458002,regime collapse,DPH_stems
MB02,199,2045295996088025484,19,3.145772200458002,regime collapse,DPH_stems
MB02,126,2045399549531890158,20,3.0748081400791345,regime collapse,DPH_stems
MB02,162,2045348543255150822,21,3.0748081400791345,regime collapse,DPH_stems
MB02,164,2045345115867349323,22,3.0748081400791345,regime collapse,DPH_stems
MB02,182,2045310621353177590,23,3.0748081400791345,regime collapse,DPH_stems
MB02,168,2045332267162276135,24,3.0737741390766353,regime collapse,DPH_stems
MB02,135,2045392180802396314,25,3.052721370413672,regime collapse,DPH_stems
MB02,156,2045358981343072490,26,3.052721370413672,regime collapse,DPH_stems
MB02,176,2045318504618868886,27,3.052721370413672,regime collapse,DPH_stems
MB02,133,2045393501299548572,28,3.0479099060703385,regime collapse,DPH_stems
MB02,131,2045398108817830004,29,3.0170806394470904,regime collapse,DPH_stems
MB03,217,2045459430100058130,0,5.628828143418041,closing hormuz strait,DPH_stems
MB03,205,2045461058244976964,1,5.364950184758682,closing hormuz strait,DPH_stems
MB03,229,2045456698228330845,2,5.144333251589754,closing hormuz strait,DPH_stems
MB03,409,2045451486570635579,3,5.051987015403368,closing hormuz strait,DPH_stems
MB03,274,2045449825953415622,4,4.89928138404051,closing hormuz strait,DPH_stems
MB03,296,2045446556262821919,5,4.886837032758822,closing hormuz strait,DPH_stems
MB03,212,2045460030061772928,6,4.868335950478282,closing hormuz strait,DPH_stems
MB03,204,2045461488979112332,7,4.854785469936275,closing hormuz strait,DPH_stems
MB03,201,2045461708303724675,8,4.790354177976854,closing hormuz strait,DPH_stems
MB03,213,2045459959824228366,9,4.789642784408569,closing hormuz strait,DPH_stems
MB03,242,2045455214837117361,10,4.789642784408569,closing hormuz strait,DPH_stems
MB03,284,2045448439035793778,11,4.789642784408569,closing hormuz strait,DPH_stems
MB03,248,2045454503130857677,12,4.778004316425859,closing hormuz strait,DPH_stems
MB03,234,2045456267628757013,13,4.733646714045827,closing hormuz strait,DPH_stems
MB03,279,2045448778463740343,14,4.733646714045827,closing hormuz strait,DPH_stems
MB03,280,2045448687556362269,15,4.733646714045827,closing hormuz strait,DPH_stems
MB03,286,2045448299478446532,16,4.733646714045827,closing hormuz strait,DPH_stems
MB03,220,2045459033885491314,17,4.6747329660837185,closing hormuz strait,DPH_stems
MB03,244,2045454999518339562,18,4.6747329660837185,closing hormuz strait,DPH_stems
MB03,294,2045446979543585187,19,4.6747329660837185,closing hormuz strait,DPH_stems
MB03,200,2045461866365718542,20,4.667383120938263,closing hormuz strait,DPH_stems
MB03,270,2045450185514344567,21,4.667383120938263,closing hormuz strait,DPH_stems
MB03,231,2045456663184847359,22,4.6291236980872315,closing hormuz strait,DPH_stems
MB03,247,2045454542460850480,23,4.6291236980872315,closing hormuz strait,DPH_stems
MB03,250,2045453773682671952,24,4.6291236980872315,closing hormuz strait,DPH_stems
MB03,253,2045452671298007229,25,4.6291236980872315,closing hormuz strait,DPH_stems
MB03,275,2045449695489892499,26,4.6291236980872315,closing hormuz strait,DPH_stems
MB03,292,2045447076343951468,27,4.6291236980872315,closing hormuz strait,DPH_stems
MB03,203,2045461578875912680,28,4.628801127867645,closing hormuz strait,DPH_stems
MB03,239,2045455725711986694,29,4.628801127867645,closing hormuz strait,DPH_stems
MB04,316,2043887981031776405,0,6.616975134100233,intercepting missiles drones,DPH_stems
MB04,362,2042254651806888064,1,6.460355315691719,intercepting missiles drones,DPH_stems
MB04,379,2041973143313735695,2,6.291078371494205,intercepting missiles drones,DPH_stems
MB04,383,2041910637744284140,3,5.795431370113678,intercepting missiles drones,DPH_stems
MB04,394,2041887102116217327,4,5.740619322480213,intercepting missiles drones,DPH_stems
MB04,359,2042302133610168738,5,5.6291397196982835,intercepting missiles drones,DPH_stems
MB04,386,2041903437932020199,6,5.431412983864259,intercepting missiles drones,DPH_stems
MB04,317,2043841294741688481,7,5.387212239170363,intercepting missiles drones,DPH_stems
MB04,381,2041956881044824180,8,5.336215890894747,intercepting missiles drones,DPH_stems
MB04,335,2042910570622357536,9,5.327198683918208,intercepting missiles drones,DPH_stems
MB04,305,2044674816972890502,10,5.318121459768473,intercepting missiles drones,DPH_stems
MB04,307,2044427189308022874,11,5.317538264964316,intercepting missiles drones,DPH_stems
MB04,311,2044037152716013858,12,5.295689515432734,intercepting missiles drones,DPH_stems
MB04,314,2043934581552787948,13,5.295689515432734,intercepting missiles drones,DPH_stems
MB04,391,2041900226194133128,14,5.232823708880039,intercepting missiles drones,DPH_stems
MB04,300,2045394836304650479,15,5.217595529630659,intercepting missiles drones,DPH_stems
MB04,324,2043347478355788094,16,5.217595529630659,intercepting missiles drones,DPH_stems
MB04,315,2043932773380174155,17,5.196619224618477,intercepting missiles drones,DPH_stems
MB04,328,2043225079988048080,18,5.196619224618477,intercepting missiles drones,DPH_stems
MB04,367,2042199696395960591,19,5.183198244311239,intercepting missiles drones,DPH_stems
MB04,370,2042119334873723208,20,5.128182572184642,intercepting missiles drones,DPH_stems
MB04,320,2043598876813467803,21,5.0990234240998324,intercepting missiles drones,DPH_stems
MB04,325,2043272541414826137,22,5.096716850111211,intercepting missiles drones,DPH_stems
MB04,333,2042965263859999161,23,5.096716850111211,intercepting missiles drones,DPH_stems
MB04,301,2045227088437997935,24,5.031340112206655,intercepting missiles drones,DPH_stems
MB04,345,2042554367539044512,25,5.031340112206655,intercepting missiles drones,DPH_stems
MB04,347,2042460060803018914,26,5.011446425837677,intercepting missiles drones,DPH_stems
MB04,329,2043064026322583845,27,4.9731719895963575,intercepting missiles drones,DPH_stems
MB04,306,2044436974035980766,28,4.9607871926283895,intercepting missiles drones,DPH_stems
MB04,342,2042606291000979818,29,4.9607871926283895,intercepting missiles drones,DPH_stems
MB05,405,2045459126311067980,0,5.459048084257341,revolutionary guard iran,DPH_stems
MB05,416,2045446414579253519,1,4.86028758316784,revolutionary guard iran,DPH_stems
MB05,437,2045424407573635553,2,4.743325086325771,revolutionary guard iran,DPH_stems
MB05,413,2045449234804068693,3,4.731588575015596,revolutionary guard iran,DPH_stems
MB05,424,2045436789557764567,4,4.662236593141333,revolutionary guard iran,DPH_stems
MB05,438,2045423473380532720,5,4.662236593141333,revolutionary guard iran,DPH_stems
MB05,463,2045400738021687376,6,4.604742427684832,revolutionary guard iran,DPH_stems
MB05,436,2045426561290285330,7,4.549272420213729,revolutionary guard iran,DPH_stems
MB05,498,2045310239486915006,8,4.549272420213729,revolutionary guard iran,DPH_stems
MB05,402,2045460941240746469,9,4.519455567519859,revolutionary guard iran,DPH_stems
MB05,411,2045451275244868029,10,4.519455567519859,revolutionary guard iran,DPH_stems
MB05,410,2045451395625619495,11,4.3926059910858,revolutionary guard iran,DPH_stems
MB05,415,2045446936527024532,12,4.312535225519366,revolutionary guard iran,DPH_stems
MB05,488,2045338968556810498,13,4.312535225519366,revolutionary guard iran,DPH_stems
MB05,442,2045421242166235469,14,4.277607140469403,revolutionary guard iran,DPH_stems
MB05,445,2045416995433136438,15,4.277607140469403,revolutionary guard iran,DPH_stems
MB05,456,2045404629916090450,16,4.23398731240685,revolutionary guard iran,DPH_stems
MB05,469,2045390981793747013,17,4.23398731240685,revolutionary guard iran,DPH_stems
MB05,444,2045418445286854958,18,4.216865182417446,revolutionary guard iran,DPH_stems
MB05,428,2045435273732047300,19,4.153410146159606,revolutionary guard iran,DPH_stems
MB05,400,2045462527568736598,20,4.09594408463384,revolutionary guard iran,DPH_stems
MB05,443,2045418988746703185,21,4.09594408463384,revolutionary guard iran,DPH_stems
MB05,497,2045311700803666228,22,4.09594408463384,revolutionary guard iran,DPH_stems
MB05,467,2045392249698041875,23,4.075317393886221,revolutionary guard iran,DPH_stems
MB05,474,2045366687168401511,24,4.075317393886221,revolutionary guard iran,DPH_stems
MB05,430,2045432805434560942,25,4.028553352043254,revolutionary guard iran,DPH_stems
MB05,464,2045399533887029655,26,4.028553352043254,revolutionary guard iran,DPH_stems
MB05,407,2045453851889950937,27,3.9985808512825907,revolutionary guard iran,DPH_stems
MB05,409,2045451486570635579,28,3.962323086067348,revolutionary guard iran,DPH_stems
MB05,425,2045436460107477398,29,3.962323086067348,revolutionary guard iran,DPH_stems
MB01,133,2045393501299548572,0,1.860349210223671,regime change iran,BM25_lemmes
MB01,168,2045332267162276135,1,1.5792594371996134,regime change iran,BM25_lemmes
MB01,123,2045399803203592596,2,1.550045356638663,regime change iran,BM25_lemmes
MB01,124,2045399721959977051,3,1.550045356638663,regime change iran,BM25_lemmes
MB01,125,2045399616376758278,4,1.550045356638663,regime change iran,BM25_lemmes
MB01,127,2045399529609183420,5,1.550045356638663,regime change iran,BM25_lemmes
MB01,128,2045399431688945699,6,1.550045356638663,regime change iran,BM25_lemmes
MB01,129,2045399378849104068,7,1.550045356638663,regime change iran,BM25_lemmes
MB01,130,2045399286964535695,8,1.550045356638663,regime change iran,BM25_lemmes
MB01,190,2045298074671804579,9,1.550045356638663,regime change iran,BM25_lemmes
MB01,191,2045297910871634089,10,1.550045356638663,regime change iran,BM25_lemmes
MB01,193,2045297668034019582,11,1.550045356638663,regime change iran,BM25_lemmes
MB01,194,2045297466426466554,12,1.550045356638663,regime change iran,BM25_lemmes
MB01,195,2045297284687266289,13,1.550045356638663,regime change iran,BM25_lemmes
MB01,196,2045297112997621986,14,1.550045356638663,regime change iran,BM25_lemmes
MB01,197,2045296944323666106,15,1.550045356638663,regime change iran,BM25_lemmes
MB01,198,2045296726551220349,16,1.550045356638663,regime change iran,BM25_lemmes
MB01,199,2045295996088025484,17,1.550045356638663,regime change iran,BM25_lemmes
MB01,131,2045398108817830004,18,1.5221729318769661,regime change iran,BM25_lemmes
MB01,186,2045306716091281769,19,1.409225714062054,regime change iran,BM25_lemmes
MB01,122,2045400293710471508,20,1.3268028250566846,regime change iran,BM25_lemmes
MB01,188,2045306321793433782,21,1.3268028250566846,regime change iran,BM25_lemmes
MB01,74,2045436304238764390,22,1.3242273564413858,regime change iran,BM25_lemmes
MB01,46,2045443906599346534,23,1.2137832763532517,regime change iran,BM25_lemmes
MB01,93,2045433390967517552,24,1.2074005434575605,regime change iran,BM25_lemmes
MB01,20,2045453809359462654,25,1.1839473792615824,regime change iran,BM25_lemmes
MB01,23,2045453020553695609,26,1.1328001492068207,regime change iran,BM25_lemmes
MB01,45,2045444062484804010,27,1.065498506452349,regime change iran,BM25_lemmes
MB01,3,2045459926248829101,28,1.0278597056791146,regime change iran,BM25_lemmes
MB01,2,2045460590563410352,29,0.995551974265539,regime change iran,BM25_lemmes
MB02,112,2045427519814312418,0,3.4483616232935748,regime collapse,BM25_lemmes
MB02,152,2045364763312455785,1,3.4483616232935748,regime collapse,BM25_lemmes
MB02,101,2045458769492979802,2,3.3364551191409983,regime collapse,BM25_lemmes
MB02,142,2045381055708860714,3,3.3364551191409983,regime collapse,BM25_lemmes
MB02,156,2045358981343072490,4,3.231583515295571,regime collapse,BM25_lemmes
MB02,135,2045392180802396314,5,3.1331036633402793,regime collapse,BM25_lemmes
MB02,164,2045345115867349323,6,3.1331036633402793,regime collapse,BM25_lemmes
MB02,176,2045318504618868886,7,3.1331036633402793,regime collapse,BM25_lemmes
MB02,182,2045310621353177590,8,3.1331036633402793,regime collapse,BM25_lemmes
MB02,178,2045315972463047147,9,3.049490550177602,regime collapse,BM25_lemmes
MB02,126,2045399549531890158,10,3.0404484940841305,regime collapse,BM25_lemmes
MB02,133,2045393501299548572,11,2.9531160912438295,regime collapse,BM25_lemmes
MB02,162,2045348543255150822,12,2.9531160912438295,regime collapse,BM25_lemmes
MB02,189,2045305048268484832,13,2.8782148246007955,regime collapse,BM25_lemmes
MB02,103,2045455413861023835,14,2.8706605956020854,regime collapse,BM25_lemmes
MB02,147,2045377434011488749,15,2.8706605956020854,regime collapse,BM25_lemmes
MB02,148,2045373342442475887,16,2.8706605956020854,regime collapse,BM25_lemmes
MB02,107,2045442657254564083,17,2.792684591592758,regime collapse,BM25_lemmes
MB02,146,2045379059228487850,18,2.792684591592758,regime collapse,BM25_lemmes
MB02,173,2045325917611049104,19,2.792684591592758,regime collapse,BM25_lemmes
MB02,134,2045393312979542087,20,2.7521425361926135,regime collapse,BM25_lemmes
MB02,172,2045326421111820314,21,2.7521425361926135,regime collapse,BM25_lemmes
MB02,65,2045438432747667600,22,2.6487861721846597,regime collapse,BM25_lemmes
MB02,66,2045438384320205216,23,2.6487861721846597,regime collapse,BM25_lemmes
MB02,115,2045423484126351672,24,2.6487861721846597,regime collapse,BM25_lemmes
MB02,144,2045379660976939335,25,2.6487861721846597,regime collapse,BM25_lemmes
MB02,175,2045321292937679212,26,2.582258271942253,regime collapse,BM25_lemmes
MB02,145,2045379394219208886,27,2.518990371385045,regime collapse,BM25_lemmes
MB02,155,2045360032850559102,28,2.518990371385045,regime collapse,BM25_lemmes
MB02,167,2045336708816986490,29,2.518990371385045,regime collapse,BM25_lemmes
MB03,231,2045456663184847359,0,5.236801125076563,closing hormuz strait,BM25_lemmes
MB03,299,2045446092720882085,1,5.236801125076563,closing hormuz strait,BM25_lemmes
MB03,274,2045449825953415622,2,5.2097359108296555,closing hormuz strait,BM25_lemmes
MB03,210,2045460430038925635,3,5.0721977621073915,closing hormuz strait,BM25_lemmes
MB03,220,2045459033885491314,4,5.0721977621073915,closing hormuz strait,BM25_lemmes
MB03,243,2045455038752190844,5,5.0721977621073915,closing hormuz strait,BM25_lemmes
MB03,246,2045454947257577803,6,5.0721977621073915,closing hormuz strait,BM25_lemmes
MB03,247,2045454542460850480,7,5.0721977621073915,closing hormuz strait,BM25_lemmes
MB03,217,2045459430100058130,8,5.008284984860419,closing hormuz strait,BM25_lemmes
MB03,212,2045460030061772928,9,4.98172317497648,closing hormuz strait,BM25_lemmes
MB03,204,2045461488979112332,10,4.9536350533088065,closing hormuz strait,BM25_lemmes
MB03,250,2045453773682671952,11,4.917626703573379,closing hormuz strait,BM25_lemmes
MB03,253,2045452671298007229,12,4.917626703573379,closing hormuz strait,BM25_lemmes
MB03,270,2045450185514344567,13,4.917626703573379,closing hormuz strait,BM25_lemmes
MB03,275,2045449695489892499,14,4.917626703573379,closing hormuz strait,BM25_lemmes
MB03,292,2045447076343951468,15,4.917626703573379,closing hormuz strait,BM25_lemmes
MB03,244,2045454999518339562,16,4.772197894469637,closing hormuz strait,BM25_lemmes
MB03,294,2045446979543585187,17,4.772197894469637,closing hormuz strait,BM25_lemmes
MB03,205,2045461058244976964,18,4.639623780089835,closing hormuz strait,BM25_lemmes
MB03,200,2045461866365718542,19,4.635123541865285,closing hormuz strait,BM25_lemmes
MB03,201,2045461708303724675,20,4.604410845734081,closing hormuz strait,BM25_lemmes
MB03,203,2045461578875912680,21,4.505703838339765,closing hormuz strait,BM25_lemmes
MB03,239,2045455725711986694,22,4.505703838339765,closing hormuz strait,BM25_lemmes
MB03,268,2045450251713049084,23,4.505703838339765,closing hormuz strait,BM25_lemmes
MB03,226,2045457568517218638,24,4.383315012192405,closing hormuz strait,BM25_lemmes
MB03,283,2045448604580515929,25,4.383315012192405,closing hormuz strait,BM25_lemmes
MB03,288,2045447819608326344,26,4.383315012192405,closing hormuz strait,BM25_lemmes
MB03,213,2045459959824228366,27,4.3709217628938,closing hormuz strait,BM25_lemmes
MB03,242,2045455214837117361,28,4.3709217628938,closing hormuz strait,BM25_lemmes
MB03,279,2045448778463740343,29,4.3709217628938,closing hormuz strait,BM25_lemmes
MB04,304,2044685310668226788,0,8.839306849423314,intercepting missiles drones,BM25_lemmes
MB04,338,2042715314702426508,1,8.28363188717802,intercepting missiles drones,BM25_lemmes
MB04,316,2043887981031776405,2,8.155349668447688,intercepting missiles drones,BM25_lemmes
MB04,370,2042119334873723208,3,8.031195012797314,intercepting missiles drones,BM25_lemmes
MB04,362,2042254651806888064,4,8.005377974941617,intercepting missiles drones,BM25_lemmes
MB04,379,2041973143313735695,5,8.005377974941617,intercepting missiles drones,BM25_lemmes
MB04,300,2045394836304650479,6,7.569826527515405,intercepting missiles drones,BM25_lemmes
MB04,324,2043347478355788094,7,7.569826527515405,intercepting missiles drones,BM25_lemmes
MB04,328,2043225079988048080,8,7.569826527515405,intercepting missiles drones,BM25_lemmes
MB04,305,2044674816972890502,9,7.466392322551954,intercepting missiles drones,BM25_lemmes
MB04,307,2044427189308022874,10,7.4517872793708095,intercepting missiles drones,BM25_lemmes
MB04,301,2045227088437997935,11,7.35846545027939,intercepting missiles drones,BM25_lemmes
MB04,315,2043932773380174155,12,7.35846545027939,intercepting missiles drones,BM25_lemmes
MB04,394,2041887102116217327,13,7.324335678416986,intercepting missiles drones,BM25_lemmes
MB04,381,2041956881044824180,14,7.315288248342906,intercepting missiles drones,BM25_lemmes
MB04,359,2042302133610168738,15,7.23110164309379,intercepting missiles drones,BM25_lemmes
MB04,383,2041910637744284140,16,7.176911837474073,intercepting missiles drones,BM25_lemmes
MB04,317,2043841294741688481,17,7.159817348662189,intercepting missiles drones,BM25_lemmes
MB04,333,2042965263859999161,18,7.158586811776275,intercepting missiles drones,BM25_lemmes
MB04,345,2042554367539044512,19,7.158586811776275,intercepting missiles drones,BM25_lemmes
MB04,325,2043272541414826137,20,6.969279660800208,intercepting missiles drones,BM25_lemmes
MB04,346,2042491002603061392,21,6.969279660800208,intercepting missiles drones,BM25_lemmes
MB04,335,2042910570622357536,22,6.877436122947514,intercepting missiles drones,BM25_lemmes
MB04,386,2041903437932020199,23,6.832543972744603,intercepting missiles drones,BM25_lemmes
MB04,367,2042199696395960591,24,6.825218814076369,intercepting missiles drones,BM25_lemmes
MB04,380,2041961120723038433,25,6.789726923154641,intercepting missiles drones,BM25_lemmes
MB04,320,2043598876813467803,26,6.7318634496698895,intercepting missiles drones,BM25_lemmes
MB04,391,2041900226194133128,27,6.642743499438451,intercepting missiles drones,BM25_lemmes
MB04,306,2044436974035980766,28,6.619193612402622,intercepting missiles drones,BM25_lemmes
MB04,334,2042959203170750627,29,6.619193612402622,intercepting missiles drones,BM25_lemmes
MB05,405,2045459126311067980,0,5.078506718204869,revolutionary guard iran,BM25_lemmes
MB05,437,2045424407573635553,1,4.062616221719727,revolutionary guard iran,BM25_lemmes
MB05,498,2045310239486915006,2,3.847746353500003,revolutionary guard iran,BM25_lemmes
MB05,436,2045426561290285330,3,3.7486151053420906,revolutionary guard iran,BM25_lemmes
MB05,410,2045451395625619495,4,3.654463491899589,revolutionary guard iran,BM25_lemmes
MB05,415,2045446936527024532,5,3.5649254951361793,revolutionary guard iran,BM25_lemmes
MB05,488,2045338968556810498,6,3.5649254951361793,revolutionary guard iran,BM25_lemmes
MB05,416,2045446414579253519,7,3.4877274533639584,revolutionary guard iran,BM25_lemmes
MB05,207,2045460899629027460,8,3.4468142070922996,revolutionary guard iran,BM25_lemmes
MB05,467,2045392249698041875,9,3.3983972573764016,revolutionary guard iran,BM25_lemmes
MB05,428,2045435273732047300,10,3.3208342512891758,revolutionary guard iran,BM25_lemmes
MB05,474,2045366687168401511,11,3.3208342512891758,revolutionary guard iran,BM25_lemmes
MB05,413,2045449234804068693,12,3.2985039195399493,revolutionary guard iran,BM25_lemmes
MB05,407,2045453851889950937,13,3.2467327461727886,revolutionary guard iran,BM25_lemmes
MB05,417,2045446184953671969,14,3.1758660787408277,revolutionary guard iran,BM25_lemmes
MB05,419,2045444225110626383,15,3.1758660787408277,revolutionary guard iran,BM25_lemmes
MB05,424,2045436789557764567,16,3.128059771770597,revolutionary guard iran,BM25_lemmes
MB05,438,2045423473380532720,17,3.128059771770597,revolutionary guard iran,BM25_lemmes
MB05,472,2045370881032265777,18,3.108026952567959,revolutionary guard iran,BM25_lemmes
MB05,487,2045345292116005137,19,3.108026952567959,revolutionary guard iran,BM25_lemmes
MB05,411,2045451275244868029,20,3.049045020834382,revolutionary guard iran,BM25_lemmes
MB05,403,2045460939474968746,21,3.043025412889033,revolutionary guard iran,BM25_lemmes
MB05,421,2045439837021323534,22,3.043025412889033,revolutionary guard iran,BM25_lemmes
MB05,422,2045437779526738109,23,3.043025412889033,revolutionary guard iran,BM25_lemmes
MB05,448,2045406410104594882,24,3.043025412889033,revolutionary guard iran,BM25_lemmes
MB05,449,2045406049868382666,25,3.043025412889033,revolutionary guard iran,BM25_lemmes
MB05,450,2045405977751560313,26,3.043025412889033,revolutionary guard iran,BM25_lemmes
MB05,451,2045405875834105981,27,3.043025412889033,revolutionary guard iran,BM25_lemmes
MB05,452,2045405640600809490,28,3.043025412889033,revolutionary guard iran,BM25_lemmes
MB05,453,2045405560237940938,29,3.043025412889033,revolutionary guard iran,BM25_lemmes
MB01,74,2045436304238764390,0,4.233657467637307,regime change iran,TF_IDF_lemmes
MB01,3,2045459926248829101,1,4.128836885691286,regime change iran,TF_IDF_lemmes
MB01,2,2045460590563410352,2,3.9990591033574177,regime change iran,TF_IDF_lemmes
MB01,43,2045445702428315950,3,3.9990591033574177,regime change iran,TF_IDF_lemmes
MB01,53,2045441340368957757,4,3.9990591033574177,regime change iran,TF_IDF_lemmes
MB01,89,2045434295410462920,5,3.9990591033574177,regime change iran,TF_IDF_lemmes
MB01,95,2045433045063258122,6,3.9990591033574177,regime change iran,TF_IDF_lemmes
MB01,20,2045453809359462654,7,3.9889354270093977,regime change iran,TF_IDF_lemmes
MB01,36,2045447868765687984,8,3.8771910635574063,regime change iran,TF_IDF_lemmes
MB01,76,2045436169584808399,9,3.8771910635574063,regime change iran,TF_IDF_lemmes
MB01,0,2045461003153162682,10,3.762531022641509,regime change iran,TF_IDF_lemmes
MB01,25,2045452145101619611,11,3.762531022641509,regime change iran,TF_IDF_lemmes
MB01,28,2045451431981748380,12,3.762531022641509,regime change iran,TF_IDF_lemmes
MB01,44,2045444785696076112,13,3.762531022641509,regime change iran,TF_IDF_lemmes
MB01,69,2045437692511711397,14,3.762531022641509,regime change iran,TF_IDF_lemmes
MB01,81,2045435852072092103,15,3.762531022641509,regime change iran,TF_IDF_lemmes
MB01,99,2045432568154042718,16,3.6544578631692137,regime change iran,TF_IDF_lemmes
MB01,93,2045433390967517552,17,3.60448725008993,regime change iran,TF_IDF_lemmes
MB01,31,2045450762353090823,18,3.5524198378768967,regime change iran,TF_IDF_lemmes
MB01,72,2045436749246255493,19,3.5524198378768967,regime change iran,TF_IDF_lemmes
MB01,78,2045436040098279442,20,3.5524198378768967,regime change iran,TF_IDF_lemmes
MB01,59,2045440283559784730,21,3.528681844861305,regime change iran,TF_IDF_lemmes
MB01,46,2045443906599346534,22,3.4897089221342035,regime change iran,TF_IDF_lemmes
MB01,48,2045443498799689849,23,3.4678703036645553,regime change iran,TF_IDF_lemmes
MB01,70,2045436889264513141,24,3.4678703036645553,regime change iran,TF_IDF_lemmes
MB01,1,2045460954851295376,25,3.4559251481370232,regime change iran,TF_IDF_lemmes
MB01,38,2045447137094230451,26,3.4559251481370232,regime change iran,TF_IDF_lemmes
MB01,42,2045446143811768783,27,3.4559251481370232,regime change iran,TF_IDF_lemmes
MB01,50,2045442479378379255,28,3.4559251481370232,regime change iran,TF_IDF_lemmes
MB01,83,2045435452400796018,29,3.4559251481370232,regime change iran,TF_IDF_lemmes
MB02,112,2045427519814312418,0,3.53751726218377,regime collapse,TF_IDF_lemmes
MB02,152,2045364763312455785,1,3.53751726218377,regime collapse,TF_IDF_lemmes
MB02,101,2045458769492979802,2,3.4227174721860276,regime collapse,TF_IDF_lemmes
MB02,142,2045381055708860714,3,3.4227174721860276,regime collapse,TF_IDF_lemmes
MB02,178,2045315972463047147,4,3.336597533573734,regime collapse,TF_IDF_lemmes
MB02,156,2045358981343072490,5,3.3151344662709565,regime collapse,TF_IDF_lemmes
MB02,135,2045392180802396314,6,3.214108467745776,regime collapse,TF_IDF_lemmes
MB02,164,2045345115867349323,7,3.214108467745776,regime collapse,TF_IDF_lemmes
MB02,176,2045318504618868886,8,3.214108467745776,regime collapse,TF_IDF_lemmes
MB02,182,2045310621353177590,9,3.214108467745776,regime collapse,TF_IDF_lemmes
MB02,126,2045399549531890158,10,3.1190577461334836,regime collapse,TF_IDF_lemmes
MB02,134,2045393312979542087,11,3.0466495438139125,regime collapse,TF_IDF_lemmes
MB02,172,2045326421111820314,12,3.0466495438139125,regime collapse,TF_IDF_lemmes
MB02,133,2045393501299548572,13,3.0294674083601274,regime collapse,TF_IDF_lemmes
MB02,162,2045348543255150822,14,3.0294674083601274,regime collapse,TF_IDF_lemmes
MB02,189,2045305048268484832,15,2.9526296074986016,regime collapse,TF_IDF_lemmes
MB02,103,2045455413861023835,16,2.9448800677447333,regime collapse,TF_IDF_lemmes
MB02,147,2045377434011488749,17,2.9448800677447333,regime collapse,TF_IDF_lemmes
MB02,148,2045373342442475887,18,2.9448800677447333,regime collapse,TF_IDF_lemmes
MB02,107,2045442657254564083,19,2.8648880337434823,regime collapse,TF_IDF_lemmes
MB02,146,2045379059228487850,20,2.8648880337434823,regime collapse,TF_IDF_lemmes
MB02,173,2045325917611049104,21,2.8648880337434823,regime collapse,TF_IDF_lemmes
MB02,168,2045332267162276135,22,2.8297633088039285,regime collapse,TF_IDF_lemmes
MB02,123,2045399803203592596,23,2.7837224079758753,regime collapse,TF_IDF_lemmes
MB02,124,2045399721959977051,24,2.7837224079758753,regime collapse,TF_IDF_lemmes
MB02,125,2045399616376758278,25,2.7837224079758753,regime collapse,TF_IDF_lemmes
MB02,127,2045399529609183420,26,2.7837224079758753,regime collapse,TF_IDF_lemmes
MB02,128,2045399431688945699,27,2.7837224079758753,regime collapse,TF_IDF_lemmes
MB02,129,2045399378849104068,28,2.7837224079758753,regime collapse,TF_IDF_lemmes
MB02,130,2045399286964535695,29,2.7837224079758753,regime collapse,TF_IDF_lemmes
MB03,231,2045456663184847359,0,5.083697069852381,closing hormuz strait,TF_IDF_lemmes
MB03,299,2045446092720882085,1,5.083697069852381,closing hormuz strait,TF_IDF_lemmes
MB03,274,2045449825953415622,2,4.937875766675592,closing hormuz strait,TF_IDF_lemmes
MB03,210,2045460430038925635,3,4.923906080271505,closing hormuz strait,TF_IDF_lemmes
MB03,220,2045459033885491314,4,4.923906080271505,closing hormuz strait,TF_IDF_lemmes
MB03,243,2045455038752190844,5,4.923906080271505,closing hormuz strait,TF_IDF_lemmes
MB03,246,2045454947257577803,6,4.923906080271505,closing hormuz strait,TF_IDF_lemmes
MB03,247,2045454542460850480,7,4.923906080271505,closing hormuz strait,TF_IDF_lemmes
MB03,217,2045459430100058130,8,4.861861868422269,closing hormuz strait,TF_IDF_lemmes
MB03,204,2045461488979112332,9,4.859607634020902,closing hormuz strait,TF_IDF_lemmes
MB03,250,2045453773682671952,10,4.773854088877265,closing hormuz strait,TF_IDF_lemmes
MB03,253,2045452671298007229,11,4.773854088877265,closing hormuz strait,TF_IDF_lemmes
MB03,270,2045450185514344567,12,4.773854088877265,closing hormuz strait,TF_IDF_lemmes
MB03,275,2045449695489892499,13,4.773854088877265,closing hormuz strait,TF_IDF_lemmes
MB03,292,2045447076343951468,14,4.773854088877265,closing hormuz strait,TF_IDF_lemmes
MB03,212,2045460030061772928,15,4.711578567355625,closing hormuz strait,TF_IDF_lemmes
MB03,244,2045454999518339562,16,4.632677062472235,closing hormuz strait,TF_IDF_lemmes
MB03,294,2045446979543585187,17,4.632677062472235,closing hormuz strait,TF_IDF_lemmes
MB03,205,2045461058244976964,18,4.547244689011199,closing hormuz strait,TF_IDF_lemmes
MB03,201,2045461708303724675,19,4.52354389781935,closing hormuz strait,TF_IDF_lemmes
MB03,200,2045461866365718542,20,4.499610240180704,closing hormuz strait,TF_IDF_lemmes
MB03,229,2045456698228330845,21,4.393283582826374,closing hormuz strait,TF_IDF_lemmes
MB03,203,2045461578875912680,22,4.373974274277144,closing hormuz strait,TF_IDF_lemmes
MB03,239,2045455725711986694,23,4.373974274277144,closing hormuz strait,TF_IDF_lemmes
MB03,268,2045450251713049084,24,4.373974274277144,closing hormuz strait,TF_IDF_lemmes
MB03,409,2045451486570635579,25,4.335011794973214,closing hormuz strait,TF_IDF_lemmes
MB03,213,2045459959824228366,26,4.317708254271361,closing hormuz strait,TF_IDF_lemmes
MB03,242,2045455214837117361,27,4.317708254271361,closing hormuz strait,TF_IDF_lemmes
MB03,279,2045448778463740343,28,4.317708254271361,closing hormuz strait,TF_IDF_lemmes
MB03,284,2045448439035793778,29,4.317708254271361,closing hormuz strait,TF_IDF_lemmes
MB04,304,2044685310668226788,0,6.341182998404709,intercepting missiles drones,TF_IDF_lemmes
MB04,338,2042715314702426508,1,5.9425503133702575,intercepting missiles drones,TF_IDF_lemmes
MB04,316,2043887981031776405,2,5.855553476488759,intercepting missiles drones,TF_IDF_lemmes
MB04,370,2042119334873723208,3,5.761455976080927,intercepting missiles drones,TF_IDF_lemmes
MB04,362,2042254651806888064,4,5.739405732991875,intercepting missiles drones,TF_IDF_lemmes
MB04,379,2041973143313735695,5,5.739405732991875,intercepting missiles drones,TF_IDF_lemmes
MB04,300,2045394836304650479,6,5.4304773094606755,intercepting missiles drones,TF_IDF_lemmes
MB04,324,2043347478355788094,7,5.4304773094606755,intercepting missiles drones,TF_IDF_lemmes
MB04,328,2043225079988048080,8,5.4304773094606755,intercepting missiles drones,TF_IDF_lemmes
MB04,305,2044674816972890502,9,5.369725538066469,intercepting missiles drones,TF_IDF_lemmes
MB04,307,2044427189308022874,10,5.348646281341346,intercepting missiles drones,TF_IDF_lemmes
MB04,301,2045227088437997935,11,5.278850118287766,intercepting missiles drones,TF_IDF_lemmes
MB04,315,2043932773380174155,12,5.278850118287766,intercepting missiles drones,TF_IDF_lemmes
MB04,394,2041887102116217327,13,5.26664577540541,intercepting missiles drones,TF_IDF_lemmes
MB04,381,2041956881044824180,14,5.249404954776747,intercepting missiles drones,TF_IDF_lemmes
MB04,359,2042302133610168738,15,5.1962402787710715,intercepting missiles drones,TF_IDF_lemmes
MB04,383,2041910637744284140,16,5.14860634437747,intercepting missiles drones,TF_IDF_lemmes
MB04,317,2043841294741688481,17,5.137887253403834,intercepting missiles drones,TF_IDF_lemmes
MB04,333,2042965263859999161,18,5.13546025233884,intercepting missiles drones,TF_IDF_lemmes
MB04,345,2042554367539044512,19,5.13546025233884,intercepting missiles drones,TF_IDF_lemmes
MB04,325,2043272541414826137,20,4.99965420920728,intercepting missiles drones,TF_IDF_lemmes
MB04,346,2042491002603061392,21,4.99965420920728,intercepting missiles drones,TF_IDF_lemmes
MB04,335,2042910570622357536,22,4.927467695470352,intercepting missiles drones,TF_IDF_lemmes
MB04,386,2041903437932020199,23,4.910334057061839,intercepting missiles drones,TF_IDF_lemmes
MB04,367,2042199696395960591,24,4.9077148640920445,intercepting missiles drones,TF_IDF_lemmes
MB04,380,2041961120723038433,25,4.87084583241138,intercepting missiles drones,TF_IDF_lemmes
MB04,320,2043598876813467803,26,4.830910809879586,intercepting missiles drones,TF_IDF_lemmes
MB04,391,2041900226194133128,27,4.776824284341881,intercepting missiles drones,TF_IDF_lemmes
MB04,306,2044436974035980766,28,4.74850785396764,intercepting missiles drones,TF_IDF_lemmes
MB04,334,2042959203170750627,29,4.74850785396764,intercepting missiles drones,TF_IDF_lemmes
MB05,405,2045459126311067980,0,5.063007349669835,revolutionary guard iran,TF_IDF_lemmes
MB05,437,2045424407573635553,1,4.502008593857013,revolutionary guard iran,TF_IDF_lemmes
MB05,416,2045446414579253519,2,4.4233049526578085,revolutionary guard iran,TF_IDF_lemmes
MB05,498,2045310239486915006,3,4.263899468974762,revolutionary guard iran,TF_IDF_lemmes
MB05,413,2045449234804068693,4,4.22545986793371,revolutionary guard iran,TF_IDF_lemmes
MB05,436,2045426561290285330,5,4.154046677874111,revolutionary guard iran,TF_IDF_lemmes
MB05,410,2045451395625619495,6,4.049712094022076,revolutionary guard iran,TF_IDF_lemmes
MB05,424,2045436789557764567,7,4.04496231653839,revolutionary guard iran,TF_IDF_lemmes
MB05,438,2045423473380532720,8,4.04496231653839,revolutionary guard iran,TF_IDF_lemmes
MB05,411,2045451275244868029,9,3.9605088056573186,revolutionary guard iran,TF_IDF_lemmes
MB05,415,2045446936527024532,10,3.950490112691295,revolutionary guard iran,TF_IDF_lemmes
MB05,488,2045338968556810498,11,3.950490112691295,revolutionary guard iran,TF_IDF_lemmes
MB05,402,2045460941240746469,12,3.879589263295622,revolutionary guard iran,TF_IDF_lemmes
MB05,467,2045392249698041875,13,3.765951008675944,revolutionary guard iran,TF_IDF_lemmes
MB05,463,2045400738021687376,14,3.752256621484187,revolutionary guard iran,TF_IDF_lemmes
MB05,425,2045436460107477398,15,3.7274862574223606,revolutionary guard iran,TF_IDF_lemmes
MB05,428,2045435273732047300,16,3.6799991734759514,revolutionary guard iran,TF_IDF_lemmes
MB05,474,2045366687168401511,17,3.6799991734759514,revolutionary guard iran,TF_IDF_lemmes
MB05,444,2045418445286854958,18,3.6762775137586257,revolutionary guard iran,TF_IDF_lemmes
MB05,445,2045416995433136438,19,3.6762775137586257,revolutionary guard iran,TF_IDF_lemmes
MB05,456,2045404629916090450,20,3.6559137186843014,revolutionary guard iran,TF_IDF_lemmes
MB05,469,2045390981793747013,21,3.6559137186843014,revolutionary guard iran,TF_IDF_lemmes
MB05,442,2045421242166235469,22,3.613852413975537,revolutionary guard iran,TF_IDF_lemmes
MB05,407,2045453851889950937,23,3.5978832179820066,revolutionary guard iran,TF_IDF_lemmes
MB05,443,2045418988746703185,24,3.5870934865892496,revolutionary guard iran,TF_IDF_lemmes
MB05,497,2045311700803666228,25,3.520867325119921,revolutionary guard iran,TF_IDF_lemmes
MB05,417,2045446184953671969,26,3.5193519641335587,revolutionary guard iran,TF_IDF_lemmes
MB05,419,2045444225110626383,27,3.5193519641335587,revolutionary guard iran,TF_IDF_lemmes
MB05,409,2045451486570635579,28,3.4570890416100672,revolutionary guard iran,TF_IDF_lemmes
MB05,430,2045432805434560942,29,3.4570890416100672,revolutionary guard iran,TF_IDF_lemmes
MB01,74,2045436304238764390,0,4.247402600035323,regime change iran,PL2_lemmes
MB01,3,2045459926248829101,1,3.9491800975956246,regime change iran,PL2_lemmes
MB01,20,2045453809359462654,2,3.7381807084772176,regime change iran,PL2_lemmes
MB01,2,2045460590563410352,3,3.6971586455983005,regime change iran,PL2_lemmes
MB01,43,2045445702428315950,4,3.6971586455983005,regime change iran,PL2_lemmes
MB01,53,2045441340368957757,5,3.6971586455983005,regime change iran,PL2_lemmes
MB01,89,2045434295410462920,6,3.6971586455983005,regime change iran,PL2_lemmes
MB01,95,2045433045063258122,7,3.6971586455983005,regime change iran,PL2_lemmes
MB01,36,2045447868765687984,8,3.492891773707,regime change iran,PL2_lemmes
MB01,76,2045436169584808399,9,3.492891773707,regime change iran,PL2_lemmes
MB01,0,2045461003153162682,10,3.322736880709341,regime change iran,PL2_lemmes
MB01,25,2045452145101619611,11,3.322736880709341,regime change iran,PL2_lemmes
MB01,28,2045451431981748380,12,3.322736880709341,regime change iran,PL2_lemmes
MB01,44,2045444785696076112,13,3.322736880709341,regime change iran,PL2_lemmes
MB01,69,2045437692511711397,14,3.322736880709341,regime change iran,PL2_lemmes
MB01,81,2045435852072092103,15,3.322736880709341,regime change iran,PL2_lemmes
MB01,93,2045433390967517552,16,3.319176609163958,regime change iran,PL2_lemmes
MB01,99,2045432568154042718,17,3.178178211262743,regime change iran,PL2_lemmes
MB01,46,2045443906599346534,18,3.1630210084409587,regime change iran,PL2_lemmes
MB01,59,2045440283559784730,19,3.0849974536840703,regime change iran,PL2_lemmes
MB01,31,2045450762353090823,20,3.053509354917627,regime change iran,PL2_lemmes
MB01,72,2045436749246255493,21,3.053509354917627,regime change iran,PL2_lemmes
MB01,78,2045436040098279442,22,3.053509354917627,regime change iran,PL2_lemmes
MB01,48,2045443498799689849,23,2.979934937484633,regime change iran,PL2_lemmes
MB01,70,2045436889264513141,24,2.979934937484633,regime change iran,PL2_lemmes
MB01,23,2045453020553695609,25,2.969778966593829,regime change iran,PL2_lemmes
MB01,1,2045460954851295376,26,2.9447046716570444,regime change iran,PL2_lemmes
MB01,38,2045447137094230451,27,2.9447046716570444,regime change iran,PL2_lemmes
MB01,42,2045446143811768783,28,2.9447046716570444,regime change iran,PL2_lemmes
MB01,50,2045442479378379255,29,2.9447046716570444,regime change iran,PL2_lemmes
MB02,112,2045427519814312418,0,3.649241377677198,regime collapse,PL2_lemmes
MB02,152,2045364763312455785,1,3.649241377677198,regime collapse,PL2_lemmes
MB02,101,2045458769492979802,2,3.3866328733881668,regime collapse,PL2_lemmes
MB02,142,2045381055708860714,3,3.3866328733881668,regime collapse,PL2_lemmes
MB02,178,2045315972463047147,4,3.2321455161418413,regime collapse,PL2_lemmes
MB02,156,2045358981343072490,5,3.1775549707950743,regime collapse,PL2_lemmes
MB02,135,2045392180802396314,6,3.0043246962987062,regime collapse,PL2_lemmes
MB02,164,2045345115867349323,7,3.0043246962987062,regime collapse,PL2_lemmes
MB02,176,2045318504618868886,8,3.0043246962987062,regime collapse,PL2_lemmes
MB02,182,2045310621353177590,9,3.0043246962987062,regime collapse,PL2_lemmes
MB02,126,2045399549531890158,10,2.856957771206802,regime collapse,PL2_lemmes
MB02,134,2045393312979542087,11,2.7618049356537355,regime collapse,PL2_lemmes
MB02,172,2045326421111820314,12,2.7618049356537355,regime collapse,PL2_lemmes
MB02,133,2045393501299548572,13,2.7291980188200844,regime collapse,PL2_lemmes
MB02,162,2045348543255150822,14,2.7291980188200844,regime collapse,PL2_lemmes
MB02,189,2045305048268484832,15,2.6542511969805083,regime collapse,PL2_lemmes
MB02,103,2045455413861023835,16,2.616836024488872,regime collapse,PL2_lemmes
MB02,147,2045377434011488749,17,2.616836024488872,regime collapse,PL2_lemmes
MB02,148,2045373342442475887,18,2.616836024488872,regime collapse,PL2_lemmes
MB02,168,2045332267162276135,19,2.535669102736009,regime collapse,PL2_lemmes
MB02,107,2045442657254564083,20,2.5168891494421755,regime collapse,PL2_lemmes
MB02,146,2045379059228487850,21,2.5168891494421755,regime collapse,PL2_lemmes
MB02,173,2045325917611049104,22,2.5168891494421755,regime collapse,PL2_lemmes
MB02,123,2045399803203592596,23,2.472540523547047,regime collapse,PL2_lemmes
MB02,124,2045399721959977051,24,2.472540523547047,regime collapse,PL2_lemmes
MB02,125,2045399616376758278,25,2.472540523547047,regime collapse,PL2_lemmes
MB02,127,2045399529609183420,26,2.472540523547047,regime collapse,PL2_lemmes
MB02,128,2045399431688945699,27,2.472540523547047,regime collapse,PL2_lemmes
MB02,129,2045399378849104068,28,2.472540523547047,regime collapse,PL2_lemmes
MB02,130,2045399286964535695,29,2.472540523547047,regime collapse,PL2_lemmes
MB03,231,2045456663184847359,0,5.100570913285589,closing hormuz strait,PL2_lemmes
MB03,299,2045446092720882085,1,5.100570913285589,closing hormuz strait,PL2_lemmes
MB03,274,2045449825953415622,2,4.854834257387568,closing hormuz strait,PL2_lemmes
MB03,210,2045460430038925635,3,4.776842763732643,closing hormuz strait,PL2_lemmes
MB03,220,2045459033885491314,4,4.776842763732643,closing hormuz strait,PL2_lemmes
MB03,243,2045455038752190844,5,4.776842763732643,closing hormuz strait,PL2_lemmes
MB03,246,2045454947257577803,6,4.776842763732643,closing hormuz strait,PL2_lemmes
MB03,247,2045454542460850480,7,4.776842763732643,closing hormuz strait,PL2_lemmes
MB03,204,2045461488979112332,8,4.727362469962322,closing hormuz strait,PL2_lemmes
MB03,217,2045459430100058130,9,4.637161547633513,closing hormuz strait,PL2_lemmes
MB03,250,2045453773682671952,10,4.507873764322026,closing hormuz strait,PL2_lemmes
MB03,253,2045452671298007229,11,4.507873764322026,closing hormuz strait,PL2_lemmes
MB03,270,2045450185514344567,12,4.507873764322026,closing hormuz strait,PL2_lemmes
MB03,275,2045449695489892499,13,4.507873764322026,closing hormuz strait,PL2_lemmes
MB03,292,2045447076343951468,14,4.507873764322026,closing hormuz strait,PL2_lemmes
MB03,212,2045460030061772928,15,4.4899831817892775,closing hormuz strait,PL2_lemmes
MB03,244,2045454999518339562,16,4.27846854209543,closing hormuz strait,PL2_lemmes
MB03,294,2045446979543585187,17,4.27846854209543,closing hormuz strait,PL2_lemmes
MB03,205,2045461058244976964,18,4.223894186180521,closing hormuz strait,PL2_lemmes
MB03,201,2045461708303724675,19,4.197127210930174,closing hormuz strait,PL2_lemmes
MB03,229,2045456698228330845,20,4.152550048932898,closing hormuz strait,PL2_lemmes
MB03,200,2045461866365718542,21,4.079100260348306,closing hormuz strait,PL2_lemmes
MB03,409,2045451486570635579,22,4.068013733472668,closing hormuz strait,PL2_lemmes
MB03,213,2045459959824228366,23,3.917269332555288,closing hormuz strait,PL2_lemmes
MB03,242,2045455214837117361,24,3.917269332555288,closing hormuz strait,PL2_lemmes
MB03,279,2045448778463740343,25,3.917269332555288,closing hormuz strait,PL2_lemmes
MB03,284,2045448439035793778,26,3.917269332555288,closing hormuz strait,PL2_lemmes
MB03,203,2045461578875912680,27,3.9033550372098107,closing hormuz strait,PL2_lemmes
MB03,239,2045455725711986694,28,3.9033550372098107,closing hormuz strait,PL2_lemmes
MB03,268,2045450251713049084,29,3.9033550372098107,closing hormuz strait,PL2_lemmes
MB04,304,2044685310668226788,0,6.475876099525275,intercepting missiles drones,PL2_lemmes
MB04,338,2042715314702426508,1,5.651337401779677,intercepting missiles drones,PL2_lemmes
MB04,316,2043887981031776405,2,5.573628813952681,intercepting missiles drones,PL2_lemmes
MB04,362,2042254651806888064,3,5.376169002742327,intercepting missiles drones,PL2_lemmes
MB04,379,2041973143313735695,4,5.376169002742327,intercepting missiles drones,PL2_lemmes
MB04,370,2042119334873723208,5,5.342030358404067,intercepting missiles drones,PL2_lemmes
MB04,307,2044427189308022874,6,5.0762951856702365,intercepting missiles drones,PL2_lemmes
MB04,305,2044674816972890502,7,5.0215910176622955,intercepting missiles drones,PL2_lemmes
MB04,300,2045394836304650479,8,4.842147060788917,intercepting missiles drones,PL2_lemmes
MB04,324,2043347478355788094,9,4.842147060788917,intercepting missiles drones,PL2_lemmes
MB04,328,2043225079988048080,10,4.842147060788917,intercepting missiles drones,PL2_lemmes
MB04,394,2041887102116217327,11,4.8128719997854965,intercepting missiles drones,PL2_lemmes
MB04,359,2042302133610168738,12,4.673290496489219,intercepting missiles drones,PL2_lemmes
MB04,381,2041956881044824180,13,4.664067407392373,intercepting missiles drones,PL2_lemmes
MB04,301,2045227088437997935,14,4.634558669453697,intercepting missiles drones,PL2_lemmes
MB04,315,2043932773380174155,15,4.634558669453697,intercepting missiles drones,PL2_lemmes
MB04,383,2041910637744284140,16,4.524077543121697,intercepting missiles drones,PL2_lemmes
MB04,317,2043841294741688481,17,4.5200175610392685,intercepting missiles drones,PL2_lemmes
MB04,333,2042965263859999161,18,4.448047865003991,intercepting missiles drones,PL2_lemmes
MB04,345,2042554367539044512,19,4.448047865003991,intercepting missiles drones,PL2_lemmes
MB04,367,2042199696395960591,20,4.316588263868977,intercepting missiles drones,PL2_lemmes
MB04,386,2041903437932020199,21,4.3091509813034,intercepting missiles drones,PL2_lemmes
MB04,335,2042910570622357536,22,4.305273703887048,intercepting missiles drones,PL2_lemmes
MB04,325,2043272541414826137,23,4.279011291641087,intercepting missiles drones,PL2_lemmes
MB04,346,2042491002603061392,24,4.279011291641087,intercepting missiles drones,PL2_lemmes
MB04,391,2041900226194133128,25,4.157113325721374,intercepting missiles drones,PL2_lemmes
MB04,320,2043598876813467803,26,4.143876424887716,intercepting missiles drones,PL2_lemmes
MB04,380,2041961120723038433,27,4.124700711049395,intercepting missiles drones,PL2_lemmes
MB04,329,2043064026322583845,28,4.033817515837948,intercepting missiles drones,PL2_lemmes
MB04,344,2042563430364877034,29,4.009921343868294,intercepting missiles drones,PL2_lemmes
MB05,405,2045459126311067980,0,5.163692790451156,revolutionary guard iran,PL2_lemmes
MB05,437,2045424407573635553,1,4.180038525464874,revolutionary guard iran,PL2_lemmes
MB05,416,2045446414579253519,2,4.065819231094846,revolutionary guard iran,PL2_lemmes
MB05,498,2045310239486915006,3,3.881603570333567,revolutionary guard iran,PL2_lemmes
MB05,413,2045449234804068693,4,3.803381376782859,revolutionary guard iran,PL2_lemmes
MB05,436,2045426561290285330,5,3.7534533900074702,revolutionary guard iran,PL2_lemmes
MB05,410,2045451395625619495,6,3.6365071095344357,revolutionary guard iran,PL2_lemmes
MB05,424,2045436789557764567,7,3.579521952174051,revolutionary guard iran,PL2_lemmes
MB05,438,2045423473380532720,8,3.579521952174051,revolutionary guard iran,PL2_lemmes
MB05,415,2045446936527024532,9,3.5291817880738594,revolutionary guard iran,PL2_lemmes
MB05,488,2045338968556810498,10,3.5291817880738594,revolutionary guard iran,PL2_lemmes
MB05,411,2045451275244868029,11,3.4792681918596955,revolutionary guard iran,PL2_lemmes
MB05,402,2045460941240746469,12,3.3856621467967614,revolutionary guard iran,PL2_lemmes
MB05,467,2045392249698041875,13,3.338501339738206,revolutionary guard iran,PL2_lemmes
MB05,463,2045400738021687376,14,3.3060677527970297,revolutionary guard iran,PL2_lemmes
MB05,428,2045435273732047300,15,3.2532222735061707,revolutionary guard iran,PL2_lemmes
MB05,474,2045366687168401511,16,3.2532222735061707,revolutionary guard iran,PL2_lemmes
MB05,425,2045436460107477398,17,3.2157155908965662,revolutionary guard iran,PL2_lemmes
MB05,444,2045418445286854958,18,3.199078887015017,revolutionary guard iran,PL2_lemmes
MB05,445,2045416995433136438,19,3.199078887015017,revolutionary guard iran,PL2_lemmes
MB05,407,2045453851889950937,20,3.173626627929444,revolutionary guard iran,PL2_lemmes
MB05,456,2045404629916090450,21,3.1382635056995705,revolutionary guard iran,PL2_lemmes
MB05,469,2045390981793747013,22,3.1382635056995705,revolutionary guard iran,PL2_lemmes
MB05,442,2045421242166235469,23,3.1263364072644766,revolutionary guard iran,PL2_lemmes
MB05,417,2045446184953671969,24,3.0990932288123414,revolutionary guard iran,PL2_lemmes
MB05,419,2045444225110626383,25,3.0990932288123414,revolutionary guard iran,PL2_lemmes
MB05,443,2045418988746703185,26,3.06520468160504,revolutionary guard iran,PL2_lemmes
MB05,472,2045370881032265777,27,3.029091343349158,revolutionary guard iran,PL2_lemmes
MB05,487,2045345292116005137,28,3.029091343349158,revolutionary guard iran,PL2_lemmes
MB05,497,2045311700803666228,29,2.996145831834641,revolutionary guard iran,PL2_lemmes
MB01,20,2045453809359462654,0,4.420486645835503,regime change iran,DPH_lemmes
MB01,36,2045447868765687984,1,3.793087712269182,regime change iran,DPH_lemmes
MB01,76,2045436169584808399,2,3.793087712269182,regime change iran,DPH_lemmes
MB01,0,2045461003153162682,3,3.7902410170060112,regime change iran,DPH_lemmes
MB01,25,2045452145101619611,4,3.7902410170060112,regime change iran,DPH_lemmes
MB01,28,2045451431981748380,5,3.7902410170060112,regime change iran,DPH_lemmes
MB01,44,2045444785696076112,6,3.7902410170060112,regime change iran,DPH_lemmes
MB01,69,2045437692511711397,7,3.7902410170060112,regime change iran,DPH_lemmes
MB01,81,2045435852072092103,8,3.7902410170060112,regime change iran,DPH_lemmes
MB01,93,2045433390967517552,9,3.7760061821944193,regime change iran,DPH_lemmes
MB01,46,2045443906599346534,10,3.746214587220842,regime change iran,DPH_lemmes
MB01,99,2045432568154042718,11,3.745653446573864,regime change iran,DPH_lemmes
MB01,74,2045436304238764390,12,3.736538642010739,regime change iran,DPH_lemmes
MB01,59,2045440283559784730,13,3.7242716257643176,regime change iran,DPH_lemmes
MB01,2,2045460590563410352,14,3.7199536944820073,regime change iran,DPH_lemmes
MB01,43,2045445702428315950,15,3.7199536944820073,regime change iran,DPH_lemmes
MB01,53,2045441340368957757,16,3.7199536944820073,regime change iran,DPH_lemmes
MB01,89,2045434295410462920,17,3.7199536944820073,regime change iran,DPH_lemmes
MB01,95,2045433045063258122,18,3.7199536944820073,regime change iran,DPH_lemmes
MB01,48,2045443498799689849,19,3.7047567408923996,regime change iran,DPH_lemmes
MB01,70,2045436889264513141,20,3.7047567408923996,regime change iran,DPH_lemmes
MB01,40,2045446514768547964,21,3.697439525542017,regime change iran,DPH_lemmes
MB01,31,2045450762353090823,22,3.677577961781332,regime change iran,DPH_lemmes
MB01,72,2045436749246255493,23,3.677577961781332,regime change iran,DPH_lemmes
MB01,78,2045436040098279442,24,3.677577961781332,regime change iran,DPH_lemmes
MB01,26,2045451838250451429,25,3.6279963662665367,regime change iran,DPH_lemmes
MB01,86,2045434534456627390,26,3.6279963662665367,regime change iran,DPH_lemmes
MB01,1,2045460954851295376,27,3.596295832954995,regime change iran,DPH_lemmes
MB01,38,2045447137094230451,28,3.596295832954995,regime change iran,DPH_lemmes
MB01,42,2045446143811768783,29,3.596295832954995,regime change iran,DPH_lemmes
MB02,189,2045305048268484832,0,3.3182682825941168,regime collapse,DPH_lemmes
MB02,134,2045393312979542087,1,3.1867813913513725,regime collapse,DPH_lemmes
MB02,172,2045326421111820314,2,3.1867813913513725,regime collapse,DPH_lemmes
MB02,178,2045315972463047147,3,3.1753855829456414,regime collapse,DPH_lemmes
MB02,168,2045332267162276135,4,3.0937601732209905,regime collapse,DPH_lemmes
MB02,123,2045399803203592596,5,3.0595397174131693,regime collapse,DPH_lemmes
MB02,124,2045399721959977051,6,3.0595397174131693,regime collapse,DPH_lemmes
MB02,125,2045399616376758278,7,3.0595397174131693,regime collapse,DPH_lemmes
MB02,127,2045399529609183420,8,3.0595397174131693,regime collapse,DPH_lemmes
MB02,128,2045399431688945699,9,3.0595397174131693,regime collapse,DPH_lemmes
MB02,129,2045399378849104068,10,3.0595397174131693,regime collapse,DPH_lemmes
MB02,130,2045399286964535695,11,3.0595397174131693,regime collapse,DPH_lemmes
MB02,190,2045298074671804579,12,3.0595397174131693,regime collapse,DPH_lemmes
MB02,191,2045297910871634089,13,3.0595397174131693,regime collapse,DPH_lemmes
MB02,193,2045297668034019582,14,3.0595397174131693,regime collapse,DPH_lemmes
MB02,194,2045297466426466554,15,3.0595397174131693,regime collapse,DPH_lemmes
MB02,195,2045297284687266289,16,3.0595397174131693,regime collapse,DPH_lemmes
MB02,196,2045297112997621986,17,3.0595397174131693,regime collapse,DPH_lemmes
MB02,197,2045296944323666106,18,3.0595397174131693,regime collapse,DPH_lemmes
MB02,198,2045296726551220349,19,3.0595397174131693,regime collapse,DPH_lemmes
MB02,199,2045295996088025484,20,3.0595397174131693,regime collapse,DPH_lemmes
MB02,126,2045399549531890158,21,2.991988095344621,regime collapse,DPH_lemmes
MB02,133,2045393501299548572,22,2.981846639021528,regime collapse,DPH_lemmes
MB02,162,2045348543255150822,23,2.981846639021528,regime collapse,DPH_lemmes
MB02,135,2045392180802396314,24,2.9684025485927146,regime collapse,DPH_lemmes
MB02,164,2045345115867349323,25,2.9684025485927146,regime collapse,DPH_lemmes
MB02,176,2045318504618868886,26,2.9684025485927146,regime collapse,DPH_lemmes
MB02,182,2045310621353177590,27,2.9684025485927146,regime collapse,DPH_lemmes
MB02,103,2045455413861023835,28,2.9519738243540488,regime collapse,DPH_lemmes
MB02,147,2045377434011488749,29,2.9519738243540488,regime collapse,DPH_lemmes
MB03,217,2045459430100058130,0,5.44115752675685,closing hormuz strait,DPH_lemmes
MB03,205,2045461058244976964,1,5.263224136230599,closing hormuz strait,DPH_lemmes
MB03,229,2045456698228330845,2,4.997425759453718,closing hormuz strait,DPH_lemmes
MB03,409,2045451486570635579,3,4.951964604296784,closing hormuz strait,DPH_lemmes
MB03,212,2045460030061772928,4,4.7623684755496045,closing hormuz strait,DPH_lemmes
MB03,248,2045454503130857677,5,4.751246541693592,closing hormuz strait,DPH_lemmes
MB03,201,2045461708303724675,6,4.722591070577007,closing hormuz strait,DPH_lemmes
MB03,204,2045461488979112332,7,4.717262620896004,closing hormuz strait,DPH_lemmes
MB03,274,2045449825953415622,8,4.711987048460379,closing hormuz strait,DPH_lemmes
MB03,296,2045446556262821919,9,4.696074283800819,closing hormuz strait,DPH_lemmes
MB03,213,2045459959824228366,10,4.629725633015545,closing hormuz strait,DPH_lemmes
MB03,242,2045455214837117361,11,4.629725633015545,closing hormuz strait,DPH_lemmes
MB03,279,2045448778463740343,12,4.629725633015545,closing hormuz strait,DPH_lemmes
MB03,284,2045448439035793778,13,4.629725633015545,closing hormuz strait,DPH_lemmes
MB03,234,2045456267628757013,14,4.571043916136585,closing hormuz strait,DPH_lemmes
MB03,280,2045448687556362269,15,4.571043916136585,closing hormuz strait,DPH_lemmes
MB03,286,2045448299478446532,16,4.571043916136585,closing hormuz strait,DPH_lemmes
MB03,244,2045454999518339562,17,4.541908129638615,closing hormuz strait,DPH_lemmes
MB03,294,2045446979543585187,18,4.541908129638615,closing hormuz strait,DPH_lemmes
MB03,200,2045461866365718542,19,4.52896626663935,closing hormuz strait,DPH_lemmes
MB03,264,2045450856443601064,20,4.508471765000845,closing hormuz strait,DPH_lemmes
MB03,250,2045453773682671952,21,4.503575530922684,closing hormuz strait,DPH_lemmes
MB03,253,2045452671298007229,22,4.503575530922684,closing hormuz strait,DPH_lemmes
MB03,270,2045450185514344567,23,4.503575530922684,closing hormuz strait,DPH_lemmes
MB03,275,2045449695489892499,24,4.503575530922684,closing hormuz strait,DPH_lemmes
MB03,292,2045447076343951468,25,4.503575530922684,closing hormuz strait,DPH_lemmes
MB03,203,2045461578875912680,26,4.485955213227095,closing hormuz strait,DPH_lemmes
MB03,239,2045455725711986694,27,4.485955213227095,closing hormuz strait,DPH_lemmes
MB03,268,2045450251713049084,28,4.485955213227095,closing hormuz strait,DPH_lemmes
MB03,221,2045459017246331340,29,4.441955512378282,closing hormuz strait,DPH_lemmes
MB04,316,2043887981031776405,0,6.430045618377697,intercepting missiles drones,DPH_lemmes
MB04,362,2042254651806888064,1,6.349578165185456,intercepting missiles drones,DPH_lemmes
MB04,379,2041973143313735695,2,6.349578165185456,intercepting missiles drones,DPH_lemmes
MB04,383,2041910637744284140,3,5.777184610771904,intercepting missiles drones,DPH_lemmes
MB04,394,2041887102116217327,4,5.733504007848474,intercepting missiles drones,DPH_lemmes
MB04,305,2044674816972890502,5,5.662390556192486,intercepting missiles drones,DPH_lemmes
MB04,359,2042302133610168738,6,5.600668857409083,intercepting missiles drones,DPH_lemmes
MB04,367,2042199696395960591,7,5.409928965152998,intercepting missiles drones,DPH_lemmes
MB04,386,2041903437932020199,8,5.40871940627415,intercepting missiles drones,DPH_lemmes
MB04,335,2042910570622357536,9,5.386508619670564,intercepting missiles drones,DPH_lemmes
MB04,391,2041900226194133128,10,5.309017828547975,intercepting missiles drones,DPH_lemmes
MB04,381,2041956881044824180,11,5.289362221495986,intercepting missiles drones,DPH_lemmes
MB04,317,2043841294741688481,12,5.2425693456858085,intercepting missiles drones,DPH_lemmes
MB04,307,2044427189308022874,13,5.193426782791423,intercepting missiles drones,DPH_lemmes
MB04,300,2045394836304650479,14,5.09440505876331,intercepting missiles drones,DPH_lemmes
MB04,324,2043347478355788094,15,5.09440505876331,intercepting missiles drones,DPH_lemmes
MB04,328,2043225079988048080,16,5.09440505876331,intercepting missiles drones,DPH_lemmes
MB04,320,2043598876813467803,17,5.071718326586378,intercepting missiles drones,DPH_lemmes
MB04,301,2045227088437997935,18,5.069486906988681,intercepting missiles drones,DPH_lemmes
MB04,315,2043932773380174155,19,5.069486906988681,intercepting missiles drones,DPH_lemmes
MB04,333,2042965263859999161,20,5.023219987565216,intercepting missiles drones,DPH_lemmes
MB04,345,2042554367539044512,21,5.023219987565216,intercepting missiles drones,DPH_lemmes
MB04,370,2042119334873723208,22,5.016445183642829,intercepting missiles drones,DPH_lemmes
MB04,329,2043064026322583845,23,5.009461760382209,intercepting missiles drones,DPH_lemmes
MB04,368,2042199075500458221,24,5.009079610686593,intercepting missiles drones,DPH_lemmes
MB04,396,2041883857956565233,25,5.009079610686593,intercepting missiles drones,DPH_lemmes
MB04,325,2043272541414826137,26,4.963740123251533,intercepting missiles drones,DPH_lemmes
MB04,346,2042491002603061392,27,4.963740123251533,intercepting missiles drones,DPH_lemmes
MB04,344,2042563430364877034,28,4.950303670837678,intercepting missiles drones,DPH_lemmes
MB04,384,2041908043961508077,29,4.925593287762804,intercepting missiles drones,DPH_lemmes
MB05,405,2045459126311067980,0,5.291408296494963,revolutionary guard iran,DPH_lemmes
MB05,416,2045446414579253519,1,4.757458982185662,revolutionary guard iran,DPH_lemmes
MB05,413,2045449234804068693,2,4.633983998119804,revolutionary guard iran,DPH_lemmes
MB05,437,2045424407573635553,3,4.599420963751336,revolutionary guard iran,DPH_lemmes
MB05,424,2045436789557764567,4,4.49354625023578,revolutionary guard iran,DPH_lemmes
MB05,438,2045423473380532720,5,4.49354625023578,revolutionary guard iran,DPH_lemmes
MB05,498,2045310239486915006,6,4.472064743574041,revolutionary guard iran,DPH_lemmes
MB05,411,2045451275244868029,7,4.420673837757897,revolutionary guard iran,DPH_lemmes
MB05,463,2045400738021687376,8,4.402756295179534,revolutionary guard iran,DPH_lemmes
MB05,436,2045426561290285330,9,4.39623375860869,revolutionary guard iran,DPH_lemmes
MB05,402,2045460941240746469,10,4.34719533745897,revolutionary guard iran,DPH_lemmes
MB05,410,2045451395625619495,11,4.316767174622257,revolutionary guard iran,DPH_lemmes
MB05,415,2045446936527024532,12,4.235566487424972,revolutionary guard iran,DPH_lemmes
MB05,488,2045338968556810498,13,4.235566487424972,revolutionary guard iran,DPH_lemmes
MB05,444,2045418445286854958,14,4.220286163296043,revolutionary guard iran,DPH_lemmes
MB05,445,2045416995433136438,15,4.220286163296043,revolutionary guard iran,DPH_lemmes
MB05,425,2045436460107477398,16,4.200537294746172,revolutionary guard iran,DPH_lemmes
MB05,442,2045421242166235469,17,4.157547999600135,revolutionary guard iran,DPH_lemmes
MB05,456,2045404629916090450,18,4.1280603365987085,revolutionary guard iran,DPH_lemmes
MB05,469,2045390981793747013,19,4.1280603365987085,revolutionary guard iran,DPH_lemmes
MB05,467,2045392249698041875,20,4.072536349101014,revolutionary guard iran,DPH_lemmes
MB05,443,2045418988746703185,21,4.056457865736543,revolutionary guard iran,DPH_lemmes
MB05,428,2045435273732047300,22,3.9920781886713126,revolutionary guard iran,DPH_lemmes
MB05,474,2045366687168401511,23,3.9920781886713126,revolutionary guard iran,DPH_lemmes
MB05,497,2045311700803666228,24,3.9858761615073286,revolutionary guard iran,DPH_lemmes
MB05,409,2045451486570635579,25,3.916415259840051,revolutionary guard iran,DPH_lemmes
MB05,430,2045432805434560942,26,3.916415259840051,revolutionary guard iran,DPH_lemmes
MB05,446,2045416153862832433,27,3.916415259840051,revolutionary guard iran,DPH_lemmes
MB05,466,2045392593744490652,28,3.916415259840051,revolutionary guard iran,DPH_lemmes
MB05,407,2045453851889950937,29,3.912863130511176,revolutionary guard iran,DPH_lemmes
