docno,text,query_id,text_clean,text_lemma
2045461003153162682,"Regime change is the only sustainable solution!!!

#RezaPahlavi                  #DigitalBlackOutİran                #IranMassacre #Iran          #IranRevolution2026",MB01,regime change is the only sustainable solution rezapahlavi digitalblackouti̇ran iranmassacre iran iranrevolution2026,regime change sustainable solution rezapahlavi iranmassacre iran
2045460954851295376,"Trump is in a major predicament; his goals once included regime change in Iran, but now that's his ultimate ambition.",MB01,trump is in a major predicament his goals once included regime change in iran but now that s his ultimate ambition,trump major predicament goal include regime change iran s ultimate ambition
2045460590563410352,Regime change is needed in Israel not Iran,MB01,regime change is needed in israel not iran,regime change need israel iran
2045459926248829101,The solution is Regime Change In Iran.,MB01,the solution is regime change in iran,solution regime change iran
2045459334033822188,"Trump needed a quick exit desperately. He's obviously framing this a HUGE win, but ultimately there's no regime change in Iran, and they will only regroup and cause trouble again later. They also saw what massive leverage they have with the Straight of Hormuz.",MB01,trump needed a quick exit desperately he s obviously framing this a huge win but ultimately there s no regime change in iran and they will only regroup and cause trouble again later they also saw what massive leverage they have with the straight of hormuz,trump need quick exit desperately s obviously frame huge win ultimately s regime change iran regroup cause trouble later see massive leverage straight hormuz
2045458735938552031,"‘We demand regime change in the Vatican!’. In the latest act of Trump's 'crazy bastard' strategy, he and JD Vance, who probably killed the last Pope, are now threatening the Catholic Church and the new Pope because he dared to call the escalation in Iran an unjust war crime. It’s",MB01,we demand regime change in the vatican in the latest act of trump s crazy bastard strategy he and jd vance who probably killed the last pope are now threatening the catholic church and the new pope because he dared to call the escalation in iran an unjust war crime it s,demand regime change vatican late act trump s crazy bastard strategy jd vance probably kill pope threaten catholic church new pope dare escalation iran unjust war crime s
2045458647002571216,"As an Iranian this video is no Iran but the punishment is same and it is happening behind door with regime guard not people and that is why we are yelling we need regime change, 
The IRGC and sharia law is not representing Iranian people, 90 percent of Iranians don’t practice",MB01,as an iranian this video is no iran but the punishment is same and it is happening behind door with regime guard not people and that is why we are yelling we need regime change the irgc and sharia law is not representing iranian people 90 percent of iranians don t practice,iranian video iran punishment happen door regime guard people yell need regime change irgc sharia law represent iranian people percent iranians don t practice
2045458302679564574,"Do not deal with the Mollahs islamic regime. They never change.
Lets free Iran and the whole region once for ever.
#FreeIran‌ 
#KingRezaPahlavi‌ForIran",MB01,do not deal with the mollahs islamic regime they never change lets free iran and the whole region once for ever freeiran kingrezapahlavi foriran,deal mollah islamic regime change let free iran region freeiran kingrezapahlavi foriran
2045458272467968490,"Believe it or not, the reality is that as long as  the US does not have a regime change  with a puppet as its leader in Iran, control Iranian Oil or  Straight of Hormuz the war is lost. War started for Bibi Milioskey in the middle east, under the guise of WMD. End game defeated!!",MB01,believe it or not the reality is that as long as the us does not have a regime change with a puppet as its leader in iran control iranian oil or straight of hormuz the war is lost war started for bibi milioskey in the middle east under the guise of wmd end game defeated,believe reality long regime change puppet leader iran control iranian oil straight hormuz war lose war start bibi milioskey middle east guise wmd end game defeat
2045458176238113223,"Still no regime change, still capacity to create a nuclear war, still China and Russia aiding Iran against America and now Iran has closed the Strait again. The @PEDOPRESIDENT really is doing a great job isn’t he.",MB01,still no regime change still capacity to create a nuclear war still china and russia aiding iran against america and now iran has closed the strait again the really is doing a great job isn t he,regime change capacity create nuclear war china russia aid iran america iran close strait great job isn t
2045458116297597360,U have publically mocked his mental faculties; declared Trump has ceded the floor of the white house situation room to Natanyahu since Iran was ripe for regime change and Trump bought the so called 'hard sell',MB01,u have publically mocked his mental faculties declared trump has ceded the floor of the white house situation room to natanyahu since iran was ripe for regime change and trump bought the so called hard sell,u publically mock mental faculty declare trump cede floor white house situation room natanyahu iran ripe regime change trump buy call hard sell
2045457555879510327,"Exactly. There are only three scenarios for the way ahead:

- Iran wins, continues on its former path
- Regime change
- Massive containment with regular airstrikes

A deal is not a realpolitik option, as Tehran won't honor the terms of it.",MB01,exactly there are only three scenarios for the way ahead iran wins continues on its former path regime change massive containment with regular airstrikes a deal is not a realpolitik option as tehran won t honor the terms of it,exactly scenario way ahead iran win continue path regime change massive containment regular airstrike deal realpolitik option tehran win t honor term
2045456939425870029,"In the latest #IranProtests, MEK Resistance Units carried out 630 operations against the repressive forces to protect demonstrators “contributing greatly to the expansion of the uprising.”

@Maryam_Rajavi’s interview with @politicshome on the roadmap for regime change in Iran:",MB01,in the latest iranprotests mek resistance units carried out 630 operations against the repressive forces to protect demonstrators contributing greatly to the expansion of the uprising s interview with on the roadmap for regime change in iran,late iranprotest mek resistance unit carry operation repressive force protect demonstrator contribute greatly expansion uprising s interview roadmap regime change iran
2045456300973388140,"You bastard STFU. We Iranians want regime change with 
@PahlaviReza
 as our transitional leader  and we will win and take our ocvupied Iran back. 
#KingRezaPahlavi‌ForIran #IRGCTerrorist ‌ 
#DigitalBlackOutIran
#NoDealWithMullahs",MB01,you bastard stfu we iranians want regime change with as our transitional leader and we will win and take our ocvupied iran back kingrezapahlavi foriran irgcterrorist digitalblackoutiran nodealwithmullahs,bastard stfu iranians want regime change transitional leader win ocvupied iran kingrezapahlavi foriran irgcterrorist digitalblackoutiran nodealwithmullah
2045456217884049805,"IRAN'S KHAMENEI DECLARES NAVY READY FOR ACTION AGAINST ENEMIES -CRYPTO BRIEFING

Khamenei's assertive stance suggests increased military tensions, but traders see a low likelihood of imminent regime change in Iran. The statement may be a response to recent developments in the",MB01,iran s khamenei declares navy ready for action against enemies crypto briefing khamenei s assertive stance suggests increased military tensions but traders see a low likelihood of imminent regime change in iran the statement may be a response to recent developments in the,iran s khamenei declare navy ready action enemy crypto briefing khamenei s assertive stance suggest increase military tension trader low likelihood imminent regime change iran statement response recent development
2045455665775145116,"Ed you are all over the map & triggered bc of the truth. I don't trust Iran but no one is worse than deranged Trump. This is not about wishing US failure, but regime change is illegal, understand? The US Navy is keeping its distance for fear of a ship going down. That's a fact.",MB01,ed you are all over the map triggered bc of the truth i don t trust iran but no one is worse than deranged trump this is not about wishing us failure but regime change is illegal understand the us navy is keeping its distance for fear of a ship going down that s a fact,ed map trigger bc truth don t trust iran bad derange trump wish failure regime change illegal understand navy keep distance fear ship go s fact
2045455400498036953,"Good luck with the destruction of Hamas and Hezbollah. And the Houthis. And with regime change in Iran. And I'm not sure if you support ethnic cleansing and annexation of the West Bank, but that's bound to be very successful, what's not to love about terrifying Arab peasants? And",MB01,good luck with the destruction of hamas and hezbollah and the houthis and with regime change in iran and i m not sure if you support ethnic cleansing and annexation of the west bank but that s bound to be very successful what s not to love about terrifying arab peasants and,good luck destruction hamas hezbollah houthis regime change iran m sure support ethnic cleansing annexation west bank s bind successful s love terrify arab peasant
2045455256671109437,"What did they succeed to do? 
US blockade forced Iran to opening strait of Hormuz. Handing over their enriched uranium/regime change is still on the table and the United States hasn’t extend their deadline on ceasefire. 47years of terrorism was destroyed in 1 month. NEXT IS NIG",MB01,what did they succeed to do us blockade forced iran to opening strait of hormuz handing over their enriched uranium regime change is still on the table and the united states hasn t extend their deadline on ceasefire 47years of terrorism was destroyed in 1 month next is nig,succeed blockade force iran open strait hormuz handing enriched uranium regime change table united states hasn t extend deadline ceasefire terrorism destroy month nig
2045454943113580804,"What do the people of Iran want?
REGIME CHANGE 
When do they want it?
NOW
Who do they want?
KING REZA PAHLAVI 

@POTUS
 

@LindseyGrahamSC
 
#KingRezaPahlavi‌ForIran",MB01,what do the people of iran want regime change when do they want it now who do they want king reza pahlavi kingrezapahlavi foriran,people iran want regime change want want king reza pahlavi kingrezapahlavi foriran
2045453912824775135,"Sooooo, Trump told the people to rise up and they didn't. Doesn't this mean he's not betraying the people of Iran by stopping before total regime change? What can he do if the people won't fight?",MB01,sooooo trump told the people to rise up and they didn t doesn t this mean he s not betraying the people of iran by stopping before total regime change what can he do if the people won t fight,sooooo trump tell people rise didn t doesn t mean s betray people iran stop total regime change people win t fight
2045453809359462654,"Without a change in Iran's regime, America and Israel are the losers.

If America is unable to change a new regime in Iran, how can America change a new regime in the devil PRC?

There will be no meeting between Trump and Xitler next month.

Fuck Trump.

核弹炸平北京，打倒共产党",MB01,without a change in iran s regime america and israel are the losers if america is unable to change a new regime in iran how can america change a new regime in the devil prc there will be no meeting between trump and xitler next month fuck trump 核弹炸平北京 打倒共产党,change iran s regime america israel loser america unable change new regime iran america change new regime devil prc meeting trump xitler month fuck trump 核弹炸平北京 打倒共产党
2045453737020322224,"This is a coordinated process.

I think the regime change is done in IRAN..
They shaking hands and cuddling with trump's lekays in Pakistan and giving away their leverage is evident that USA is now just making money on all this back and forth.. remember Strait being closed helps",MB01,this is a coordinated process i think the regime change is done in iran they shaking hands and cuddling with trump s lekays in pakistan and giving away their leverage is evident that usa is now just making money on all this back and forth remember strait being closed helps,coordinated process think regime change iran shake hand cuddle trump s lekay pakistan give away leverage evident usa make money forth remember strait close help
2045453318831431934,"'Israeli regime wanted to have GREATER ISRAEL, change geopolitics of region' — Iran’s Deputy FM

'Defence that Iran is doing is on behalf of the WHOLE region'",MB01,israeli regime wanted to have greater israel change geopolitics of region iran s deputy fm defence that iran is doing is on behalf of the whole region,israeli regime want great israel change geopolitic region iran s deputy fm defence iran behalf region
2045453020553695609,"Shakila Ghasemi was taken from her home and disappeared. It has been over 70 days with no information about her situation. Please be her voice, another innocent life is in danger in Iran.

Only regime change can change this. They have not stopped killing Iranians for 47 years,",MB01,shakila ghasemi was taken from her home and disappeared it has been over 70 days with no information about her situation please be her voice another innocent life is in danger in iran only regime change can change this they have not stopped killing iranians for 47 years,shakila ghasemi take home disappear day information situation voice innocent life danger iran regime change change stop kill iranian year
2045452822078959835,"India coming to its senses again, after a brief, ill-timed flirtation with Israel and moronic support for regime change in Iran, one of the better geopolitical bloopers in recent history.",MB01,india coming to its senses again after a brief ill timed flirtation with israel and moronic support for regime change in iran one of the better geopolitical bloopers in recent history,india come sens brief ill timed flirtation israel moronic support regime change iran well geopolitical blooper recent history
2045452145101619611,As if this is about anything other than regime change. To turn Iran into a vassal state for Israel,MB01,as if this is about anything other than regime change to turn iran into a vassal state for israel,regime change turn iran vassal state israel
2045451838250451429,"#KingRezaPahlavi‌ForIran #DigitalBlackOutIran‌ thanks for standing by Iranian people. regime change in Iran is a MUST, a free Iran is our goal and we won't give up",MB01,kingrezapahlavi foriran digitalblackoutiran thanks for standing by iranian people regime change in iran is a must a free iran is our goal and we won t give up,kingrezapahlavi foriran digitalblackoutiran thank stand iranian people regime change iran free iran goal win t
2045451579898359837,Talk of nuclear weapons was a facade. If this was serious then Israel would have been disarmed long ago. Going back to Brookings’ 2009 strategic paper & earlier the strategy was to divide the region and beat a path to regime change in Iran.,MB01,talk of nuclear weapons was a facade if this was serious then israel would have been disarmed long ago going back to brookings 2009 strategic paper earlier the strategy was to divide the region and beat a path to regime change in iran,talk nuclear weapon facade israel disarm long ago go brooking strategic paper early strategy divide region beat path regime change iran
2045451431981748380,"#KingRezaPahlavi‌ForIran thanks for your support, regime change in Iran is a MUST",MB01,kingrezapahlavi foriran thanks for your support regime change in iran is a must,kingrezapahlavi foriran thank support regime change iran
2045451166889472483,"The original aim was regime change. Iran is a signatory to the NPT. It has a lawful right to possess & process. The U.S. tore up the JCPOA, claimed to have destroyed enrichment facilities (June 25), then when an agreement looked imminent (27 Feb) it launched the illegal attack.",MB01,the original aim was regime change iran is a signatory to the npt it has a lawful right to possess process the u s tore up the jcpoa claimed to have destroyed enrichment facilities june 25 then when an agreement looked imminent 27 feb it launched the illegal attack,original aim regime change iran signatory npt lawful right possess process u s tear jcpoa claim destroy enrichment facility june agreement look imminent feb launch illegal attack
2045450896989896907,"They said this will make a regime change

They said everyone in Iran will get the Scia back

They said then Iran will become like Switzerland

They said it is a ""defensive"" war

They said this will cost nothing

They were wrong about quite literally everything",MB01,they said this will make a regime change they said everyone in iran will get the scia back they said then iran will become like switzerland they said it is a defensive war they said this will cost nothing they were wrong about quite literally everything,say regime change say iran scia say iran like switzerland say defensive war say cost wrong literally
2045450762353090823,"True.

And others change Islamist regime to Iran.

The left and the right in India are fucked up.",MB01,true and others change islamist regime to iran the left and the right in india are fucked up,true change islamist regime iran left right india fuck
2045449328555360431,"The world has witnessed the declining might of the US over the past 50 days. It began with the objective of total obliteration, regime change, three days at max. Once Iran survived that and closed the Strait, US navy was supposed to open that. Iran bombed every possible US base",MB01,the world has witnessed the declining might of the us over the past 50 days it began with the objective of total obliteration regime change three days at max once iran survived that and closed the strait us navy was supposed to open that iran bombed every possible us base,world witness decline past day begin objective total obliteration regime change day max iran survive close strait navy suppose open iran bomb possible base
2045449265250459917,"The Islamic regime of Iran is
a liar,
a thief,
divisive,
a troublemaker,
an instigator of conflict,
corrupt,
a terrorist

and it attributes all of these things to its own citizens! 

Free Iran
Save Iranians
One and only Solution is REGIME CHANGE! 

#RezaPahlaviForIran",MB01,the islamic regime of iran is a liar a thief divisive a troublemaker an instigator of conflict corrupt a terrorist and it attributes all of these things to its own citizens free iran save iranians one and only solution is regime change rezapahlaviforiran,islamic regime iran liar thief divisive troublemaker instigator conflict corrupt terrorist attribute thing citizen free iran save iranians solution regime change rezapahlaviforiran
2045449014515048596,"to show for it. To be sure, we have some to show for it, but definitely not enough. What we have now is nothing at all like what Bibi has been promising for months: 
.Iranian regime change
.Removal of the enriched uranium from Iran
.Destruction of all the ballistic missiles 3/4",MB01,to show for it to be sure we have some to show for it but definitely not enough what we have now is nothing at all like what bibi has been promising for months iranian regime change removal of the enriched uranium from iran destruction of all the ballistic missiles 3 4,sure definitely like bibi promise month iranian regime change removal enriched uranium iran destruction ballistic missile
2045448381237981636,"Yes. It's not just about a regime change. Iran and venezuela are global actors supporting chinese ambitions and extremist muslim ambitions to dismantle the west and its freedoms and values. The end game, it would be world war three",MB01,yes it s not just about a regime change iran and venezuela are global actors supporting chinese ambitions and extremist muslim ambitions to dismantle the west and its freedoms and values the end game it would be world war three,yes s regime change iran venezuela global actor support chinese ambition extremist muslim ambition dismantle west freedom value end game world war
2045447868765687984,"We want regime change in Iran
#KingRezaPahlavi‌ForIran",MB01,we want regime change in iran kingrezapahlavi foriran,want regime change iran kingrezapahlavi foriran
2045447340564083079,"Bro come out of WhatsApp University.
USA funded Insurgency was started in India.
Because Indira Gandhi was Pro Russia.
USA often try to instigate regime change same like they are doing in Iran Cuba And Venezuela.
Same thing they tried in India that's why Emergency was proclaimed",MB01,bro come out of whatsapp university usa funded insurgency was started in india because indira gandhi was pro russia usa often try to instigate regime change same like they are doing in iran cuba and venezuela same thing they tried in india that s why emergency was proclaimed,bro come whatsapp university usa funded insurgency start india indira gandhi pro russia usa try instigate regime change like iran cuba venezuela thing try india s emergency proclaim
2045447137094230451,"We want regime change in Iran and prince #kingRezaPahlavi #RezaPahlaviForlran #RezaPahlavi #RezaPahlaviForlran #MEKTerrorist back 
@netanyahu
 
@realDonaldTrump
 
@PahlaviReza
 
@POTUS45",MB01,we want regime change in iran and prince kingrezapahlavi rezapahlaviforlran rezapahlavi rezapahlaviforlran mekterrorist back,want regime change iran prince kingrezapahlavi rezapahlaviforlran rezapahlavi rezapahlaviforlran mekterrorist
2045446741722374617,"Trump is just so awesome he got badly needed regime change from Khamenei to Khamenei, he got the strait of hormuz back open like it was before he went to war with Iran what a guy",MB01,trump is just so awesome he got badly needed regime change from khamenei to khamenei he got the strait of hormuz back open like it was before he went to war with iran what a guy,trump awesome get badly need regime change khamenei khamenei get strait hormuz open like go war iran guy
2045446514768547964,"“As long as the current regime remains in power, Iran will continue pursuing the same policies it has for decades and remain a threat to the United States.” #FreeIran

Regime change in Iran remains as necessary as ever",MB01,as long as the current regime remains in power iran will continue pursuing the same policies it has for decades and remain a threat to the united states freeiran regime change in iran remains as necessary as ever,long current regime remain power iran continue pursue policy decade remain threat united states freeiran regime change iran remain necessary
2045446434401444234,"We know their DNA, just liars. 
A full regime change and transitional government led by Reza Pahlavi would best serve U.S.  interests. 
A free, democratic Iran—free from dangerous ideologies—would strengthen Israel’s long-term security and support U.S. goals in the region.",MB01,we know their dna just liars a full regime change and transitional government led by reza pahlavi would best serve u s interests a free democratic iran free from dangerous ideologies would strengthen israel s long term security and support u s goals in the region,know dna liar regime change transitional government lead reza pahlavi well serve u s interest free democratic iran free dangerous ideology strengthen israel s long term security support u s goal region
2045446143811768783,"@POTUS
 now that you have Iran over the oil barrel 
You should insist on regime change 
Arm their citizens to defend themselves against tyranny",MB01,now that you have iran over the oil barrel you should insist on regime change arm their citizens to defend themselves against tyranny,iran oil barrel insist regime change arm citizen defend tyranny
2045445702428315950,"Yesss
We want only regime change in Iran!",MB01,yesss we want only regime change in iran,yesss want regime change iran
2045444785696076112,Do not negotiate with terr*rists. Regime change in Iran is absolutely necessary.,MB01,do not negotiate with terr rists regime change in iran is absolutely necessary,negotiate terr rist regime change iran absolutely necessary
2045444062484804010,"The is a diversion from the real truth: US and Israel enter war of choice with the aims of regime change and halting nuclear programme. Neither was achieved, Iran closed the Strait and the whole world turned on the US. Operational aims still not achieved, nothings changed",MB01,the is a diversion from the real truth us and israel enter war of choice with the aims of regime change and halting nuclear programme neither was achieved iran closed the strait and the whole world turned on the us operational aims still not achieved nothings changed,diversion real truth israel enter war choice aim regime change halt nuclear programme achieve iran close strait world turn operational aim achieve nothing change
2045443906599346534,"Mr. Donald Trump, instead of pursuing regime change in Iran, is changing the regime in the United States. 
He who had promised to make America Great Again, is taking America back to the Stone Age.


@realDonaldTrump


@MAGAVoice

#RegimeChange
#StoneAge",MB01,mr donald trump instead of pursuing regime change in iran is changing the regime in the united states he who had promised to make america great again is taking america back to the stone age regimechange stoneage,mr donald trump instead pursue regime change iran change regime united states promise america great take america stone age regimechange stoneage
2045443709186023530,Like Syria 2024 would be the model if we wanted regime change in Iran like the sort of thing drew pavlou is discussing where basically we have gotten a lot done already with minimal loss of life is the impression I get,MB01,like syria 2024 would be the model if we wanted regime change in iran like the sort of thing drew pavlou is discussing where basically we have gotten a lot done already with minimal loss of life is the impression i get,like syria model want regime change iran like sort thing draw pavlou discuss basically get lot minimal loss life impression
2045443498799689849,"@POTUS
 
@netanyahu

The people of Iran are still waiting for the day when the streets of Iran become safe so they can come out and shout their demand, which is regime change. You promised.",MB01,the people of iran are still waiting for the day when the streets of iran become safe so they can come out and shout their demand which is regime change you promised,people iran wait day street iran safe come shout demand regime change promise
2045443189352341878,"I wouldn't mind if he had been killed, but apart from wishful thinking, it doesn't change anything in Iran. There is no indication the regime will lose their grip on the country.",MB01,i wouldn t mind if he had been killed but apart from wishful thinking it doesn t change anything in iran there is no indication the regime will lose their grip on the country,wouldn t mind kill apart wishful thinking doesn t change iran indication regime lose grip country
2045442479378379255,She hasnt been elected by us and we dont approve need regime change help from iran as its in international law apparently now,MB01,she hasnt been elected by us and we dont approve need regime change help from iran as its in international law apparently now,not elect not approve need regime change help iran international law apparently
2045442168660136002,"June 2025: 

U.S. strikes ""obliterated"" Iran's nuclear enrichment capacity

28 feb 2026:

Iran is on the verge of developing a nuclear weapon

You are a master at developing false narratives. Your only goal was regime change, in which you completely failed",MB01,june 2025 u s strikes obliterated iran s nuclear enrichment capacity 28 feb 2026 iran is on the verge of developing a nuclear weapon you are a master at developing false narratives your only goal was regime change in which you completely failed,june u s strike obliterate iran s nuclear enrichment capacity feb iran verge develop nuclear weapon master develop false narrative goal regime change completely fail
2045441982303293577,"If the behavior of Isreal and the United States is shown, aggressive attacks upon Iran are going to return  attempting regime change.
Hopefully, God willing peace will come.",MB01,if the behavior of isreal and the united states is shown aggressive attacks upon iran are going to return attempting regime change hopefully god willing peace will come,behavior isreal united states show aggressive attack iran go return attempt regime change hopefully god willing peace come
2045441340368957757,"@TruthTrumpPost @POTUS 

Regime change in Iran
#KingRezaPahlavi #JavidShah‌‌‌‌‌",MB01,regime change in iran kingrezapahlavi javidshah,regime change iran kingrezapahlavi javidshah
2045440967722021024,"June 2025: 
U.S. strikes ""obliterated"" Iran's nuclear enrichment capacity

28 feb 2026:
Iran is on the vergeof developing a nuclear weapon

You are a master at developing false narratives. Your only goal was regime change, in which you completely failed, and you also lost NATO",MB01,june 2025 u s strikes obliterated iran s nuclear enrichment capacity 28 feb 2026 iran is on the vergeof developing a nuclear weapon you are a master at developing false narratives your only goal was regime change in which you completely failed and you also lost nato,june u s strike obliterate iran s nuclear enrichment capacity feb iran vergeof develop nuclear weapon master develop false narrative goal regime change completely fail lose nato
2045440872167125043,"As long as this terr*rist regime in Iran remains in power with the supp*rt of United Kingd*m and Fr@nce, the situation will continue. Regime change in Iran is absolutely necessary. #stopexcutionsiniran #DigitalBlackoutlran #IranMassacre #rezapahlaviforiran",MB01,as long as this terr rist regime in iran remains in power with the supp rt of united kingd m and fr the situation will continue regime change in iran is absolutely necessary stopexcutionsiniran digitalblackoutlran iranmassacre rezapahlaviforiran,long terr rist regime iran remain power supp rt united kingd m fr situation continue regime change iran absolutely necessary stopexcutionsiniran digitalblackoutlran iranmassacre rezapahlaviforiran
2045440826201833965,"Regime change for Iran 
@realdonaldtrump
 
@potus
  
@teamtrump
 
@melaniatrump
 

#DigitalBlackoutiran #thankyoutrump

#IranMassacre

#KingRezaPahlavi

#Freelran #DigitalBlackOutIran‌ #thankyoutrump

#IranMassacre

#KingRezaPahlavi

#Freelran",MB01,regime change for iran digitalblackoutiran thankyoutrump iranmassacre kingrezapahlavi freelran digitalblackoutiran thankyoutrump iranmassacre kingrezapahlavi freelran,regime change iran digitalblackoutiran thankyoutrump iranmassacre kingrezapahlavi freelran digitalblackoutiran thankyoutrump iranmassacre kingrezapahlavi freelran
2045440809600713215,"There was this Iranian analyst ... he spoke about everything happening now since 8 years ago.. he said Irans militias and proxies will be dismantled one by  one, then negotiations will happen and Iran will surrender, then final regime change either by revolution or transition 1/?",MB01,there was this iranian analyst he spoke about everything happening now since 8 years ago he said irans militias and proxies will be dismantled one by one then negotiations will happen and iran will surrender then final regime change either by revolution or transition 1,iranian analyst speak happen year ago say irans militia proxy dismantle negotiation happen iran surrender final regime change revolution transition
2045440519208079838,"Glad to seeing some of the bad guys falling. Congratulations again Hungary , looking forward to the next regime change in Iran!",MB01,glad to seeing some of the bad guys falling congratulations again hungary looking forward to the next regime change in iran,glad see bad guy fall congratulation hungary look forward regime change iran
2045440283559784730,"Epstein syndicate infiltration.. 

In Iran they wanted regime change.

In India they want to keep this regime in power as long as possible.",MB01,epstein syndicate infiltration in iran they wanted regime change in india they want to keep this regime in power as long as possible,epstein syndicate infiltration iran want regime change india want regime power long possible
2045439935516192946,"Have they done the regime change, defense equipment give up & nuclear!
Strait of Iran wasn't in the agenda of the war!
USA & it's allies lost the war because they didn't achieve anything!
Plus the superpower status is gone!
UAE should think how to live with Iran.",MB01,have they done the regime change defense equipment give up nuclear strait of iran wasn t in the agenda of the war usa it s allies lost the war because they didn t achieve anything plus the superpower status is gone uae should think how to live with iran,regime change defense equipment nuclear strait iran wasn t agenda war usa s ally lose war didn t achieve plus superpower status go uae think live iran
2045439588836249854,"Iran is now superpower .
- Iran gets billions of their frozen funds back
- Iran ships off uranium to a Third Party 
- Iran controls the Strait of Hormuz and will collect tolls.
- Iran maintains their drone and ballistic missiles
- no regime change & end of greater Israel project",MB01,iran is now superpower iran gets billions of their frozen funds back iran ships off uranium to a third party iran controls the strait of hormuz and will collect tolls iran maintains their drone and ballistic missiles no regime change end of greater israel project,iran superpower iran get billion frozen fund iran ship uranium party iran control strait hormuz collect toll iran maintain drone ballistic missile regime change end great israel project
2045439473979453510,"Iran is now superpower .
- Iran gets billions of their frozen funds back
- Iran ships off uranium to a Third Party 
- Iran controls the Strait of Hormuz and will collect tolls.
- Iran maintains their drone and ballistic missiles
- no regime change & end of greater Israel project",MB01,iran is now superpower iran gets billions of their frozen funds back iran ships off uranium to a third party iran controls the strait of hormuz and will collect tolls iran maintains their drone and ballistic missiles no regime change end of greater israel project,iran superpower iran get billion frozen fund iran ship uranium party iran control strait hormuz collect toll iran maintain drone ballistic missile regime change end great israel project
2045439423026975015,"Iran is now superpower .
- Iran gets billions of their frozen funds back
- Iran ships off uranium to a Third Party 
- Iran controls the Strait of Hormuz and will collect tolls.
- Iran maintains their drone and ballistic missiles
- no regime change & end of greater Israel project",MB01,iran is now superpower iran gets billions of their frozen funds back iran ships off uranium to a third party iran controls the strait of hormuz and will collect tolls iran maintains their drone and ballistic missiles no regime change end of greater israel project,iran superpower iran get billion frozen fund iran ship uranium party iran control strait hormuz collect toll iran maintain drone ballistic missile regime change end great israel project
2045438657621090684,"Likely, Pakistanis prefer a regime change before Iran due to the hardships experienced under CDF rule over the past six years.",MB01,likely pakistanis prefer a regime change before iran due to the hardships experienced under cdf rule over the past six years,likely pakistani prefer regime change iran hardship experience cdf rule past year
2045438432747667600,"They said there would be regime change.

They said Iran would collapse in a day.

Instead Israel and the US were forced into begging for a ceasefire. Retard",MB01,they said there would be regime change they said iran would collapse in a day instead israel and the us were forced into begging for a ceasefire retard,say regime change say iran collapse day instead israel force beg ceasefire retard
2045438384320205216,"They said there would be regime change.

They said Iran would collapse in a day.

Instead Israel and the US were forced into begging for a ceasefire. Retard",MB01,they said there would be regime change they said iran would collapse in a day instead israel and the us were forced into begging for a ceasefire retard,say regime change say iran collapse day instead israel force beg ceasefire retard
2045437915170537759,"@realDonaldTrump
 Does this mean the Strait of Hormuz reopens, fuel gets cheaper, the U.S. takes the enriched uranium, and the world moves on—while the suffering, the thousands killed, &those facing execution in Iran are forgotten? Regime change is a #KingRezaPahlavi‌ForIran",MB01,does this mean the strait of hormuz reopens fuel gets cheaper the u s takes the enriched uranium and the world moves on while the suffering the thousands killed those facing execution in iran are forgotten regime change is a kingrezapahlavi foriran,mean strait hormuz reopen fuel get cheap u s take enriched uranium world move suffering thousand kill face execution iran forget regime change kingrezapahlavi foriran
2045437869737857173,"@realDonaldTrump
 Does this mean the Strait of Hormuz reopens, fuel gets cheaper, the U.S. takes the enriched uranium, and the world moves on—while the suffering, the thousands killed, &those facing execution in Iran are forgotten? Regime change is a #KingRezaPahlavi‌ForIran",MB01,does this mean the strait of hormuz reopens fuel gets cheaper the u s takes the enriched uranium and the world moves on while the suffering the thousands killed those facing execution in iran are forgotten regime change is a kingrezapahlavi foriran,mean strait hormuz reopen fuel get cheap u s take enriched uranium world move suffering thousand kill face execution iran forget regime change kingrezapahlavi foriran
2045437692511711397,"Complete regime change in Iran 
#KingRezaPahlavi‌ForIran 
#FreeIran‌ 
#IranRevolution2026‌",MB01,complete regime change in iran kingrezapahlavi foriran freeiran iranrevolution2026,complete regime change iran kingrezapahlavi foriran freeiran
2045436889264513141,"@POTUS
 
@netanyahu
 
The people of Iran are still waiting for the day when the streets of Iran become safe so they can come out and shout their demand, which is regime change. You promised.
#",MB01,the people of iran are still waiting for the day when the streets of iran become safe so they can come out and shout their demand which is regime change you promised,people iran wait day street iran safe come shout demand regime change promise
2045436765134102980,"Yeah, because Iran would never have had others waiting in the wings to take over political & military leadership. Duh! His ""regime change"" has pretty much just replaced one group of tyrants with another & shown control of Strait of Hormuz is more powerful than a lot of US weapons",MB01,yeah because iran would never have had others waiting in the wings to take over political military leadership duh his regime change has pretty much just replaced one group of tyrants with another shown control of strait of hormuz is more powerful than a lot of us weapons,yeah iran wait wing political military leadership duh regime change pretty replace group tyrant show control strait hormuz powerful lot weapon
2045436749246255493,"We want a complete regime change in Iran with the leadership of 
@PahlaviReza
 
#KingRezaPahlavi‌ForIran 
#IranRevolution2026‌ 
#FreeIran‌",MB01,we want a complete regime change in iran with the leadership of kingrezapahlavi foriran iranrevolution2026 freeiran,want complete regime change iran leadership kingrezapahlavi foriran freeiran
2045436618476068920,"@PressSec
 
@realDonaldTrump
 
Iran regime change is the only solution. Anything else guarantees repeat in few years
under much worse conditions
Had to solve after first bombing.",MB01,iran regime change is the only solution anything else guarantees repeat in few years under much worse conditions had to solve after first bombing,iran regime change solution guarantee repeat year bad condition solve bombing
2045436304238764390,"Nothing has changed in Iran. No regime change, life goes on as normal.",MB01,nothing has changed in iran no regime change life goes on as normal,change iran regime change life go normal
2045436190002655400,"Let us help the Iranian people to have the freedom they want! there must be real regime-change, including installing the Crown Prince as the new Shah of Iran!

#oldcatholic #oldcatholicchurch #catholic #catholicchurch #catholicism #catholicministries #usccb #EWTN #ncregister",MB01,let us help the iranian people to have the freedom they want there must be real regime change including installing the crown prince as the new shah of iran oldcatholic oldcatholicchurch catholic catholicchurch catholicism catholicministries usccb ewtn ncregister,let help iranian people freedom want real regime change include instal crown prince new shah iran oldcatholic oldcatholicchurch catholic catholicchurch catholicism catholicministrie usccb ewtn ncregister
2045436169584808399,"But we want regime change for Iran.

@realDonaldTrump
 
#IranRevolution2026‌ #KingRezaPahlavi‌ForIran",MB01,but we want regime change for iran iranrevolution2026 kingrezapahlavi foriran,want regime change iran kingrezapahlavi foriran
2045436136114577913,"We need to destroy this Islamic cult occupying Iran to have a complete regime change 
#FreeIran‌ 
#KingRezaPahlavi‌ForIran 
#IranRevolution2026‌",MB01,we need to destroy this islamic cult occupying iran to have a complete regime change freeiran kingrezapahlavi foriran iranrevolution2026,need destroy islamic cult occupy iran complete regime change freeiran kingrezapahlavi foriran
2045436040098279442,"@POTUS
 
@realDonaldTrump
 Remove whole Iran regime, existing a little of it will continue its was as they did so far. They will not change!

#MIGA",MB01,remove whole iran regime existing a little of it will continue its was as they did so far they will not change miga,remove iran regime exist little continue far change miga
2045435984976761027,"FULL REGIME CHANGE IN IRAN.  WE WANT REZA PAHLAVI. Trump lost and caused 50,000 in Iran by IRGC. IRGC has won because they have stayed in power. They are now more ferocious and dangerous than before.
Shame on you Trump. You betrayed 90 million Iranians.",MB01,full regime change in iran we want reza pahlavi trump lost and caused 50 000 in iran by irgc irgc has won because they have stayed in power they are now more ferocious and dangerous than before shame on you trump you betrayed 90 million iranians,regime change iran want reza pahlavi trump lose cause iran irgc irgc win stay power ferocious dangerous shame trump betray million iranian
2045435901283594623,"Iran will keep its ballistic missile deterrence.
There won't be any pro Israel regime change.
Iran will also keep its nuclear power plant projects - that includes low grade enrichment.
The Strait of Hormuz will be kept under control as another huge deterrence against any further",MB01,iran will keep its ballistic missile deterrence there won t be any pro israel regime change iran will also keep its nuclear power plant projects that includes low grade enrichment the strait of hormuz will be kept under control as another huge deterrence against any further,iran ballistic missile deterrence win t pro israel regime change iran nuclear power plant project include low grade enrichment strait hormuz keep control huge deterrence
2045435852072092103,"Complete regime change in Iran 
#KingRezaPahlavi‌ForIran 
#IranRevolution2026‌ 
#FreeIran‌",MB01,complete regime change in iran kingrezapahlavi foriran iranrevolution2026 freeiran,complete regime change iran kingrezapahlavi foriran freeiran
2045435590418608222,"Please explain to me again how there has been regime-change in Iran?

#oldcatholic #oldcatholicchurch #catholic #catholicchurch #catholicism #catholicministries #usccb #EWTN #ncregister #pope #popeleo #popeleoxiv #vatican #vaticannews #bishoprichardministries #IranWar #iran",MB01,please explain to me again how there has been regime change in iran oldcatholic oldcatholicchurch catholic catholicchurch catholicism catholicministries usccb ewtn ncregister pope popeleo popeleoxiv vatican vaticannews bishoprichardministries iranwar iran,explain regime change iran oldcatholic oldcatholicchurch catholic catholicchurch catholicism catholicministrie usccb ewtn ncregister pope popeleo popeleoxiv vatican vaticannews bishoprichardministrie iranwar iran
2045435452400796018,Well you do know trump isn't getting the help he needs from congress to push regime change in iran,MB01,well you do know trump isn t getting the help he needs from congress to push regime change in iran,know trump isn t get help need congress push regime change iran
2045435386265002102,Iran has been free since the 1979 revolution which overthrew the western backed  puppet regime. Iranian people need to learn from Libya and Iraq where the US and fellow imperialists justified regime change using puppets like Reza Pahlavi.,MB01,iran has been free since the 1979 revolution which overthrew the western backed puppet regime iranian people need to learn from libya and iraq where the us and fellow imperialists justified regime change using puppets like reza pahlavi,iran free revolution overthrow western back puppet regime iranian people need learn libya iraq fellow imperialist justify regime change puppet like reza pahlavi
2045434545978114178,"FULL REGIME CHANGE IN IRAN.  WE WANT REZA PAHLAVI. Trump lost and caused 50,000 in Iran by IRGC. IRGC has won because they have stayed in power. They are now more ferocious and dangerous than before.
Shame on you Trump. You betrayed 90 million Iranians.",MB01,full regime change in iran we want reza pahlavi trump lost and caused 50 000 in iran by irgc irgc has won because they have stayed in power they are now more ferocious and dangerous than before shame on you trump you betrayed 90 million iranians,regime change iran want reza pahlavi trump lose cause iran irgc irgc win stay power ferocious dangerous shame trump betray million iranian
2045434534456627390,"Iran has lost a lot, but to be honest, no one has won.

Nothing is right until the regime is change.

We want to see the people of Iran win, we want to see their freedom win.",MB01,iran has lost a lot but to be honest no one has won nothing is right until the regime is change we want to see the people of iran win we want to see their freedom win,iran lose lot honest win right regime change want people iran win want freedom win
2045434491615817848,"FULL REGIME CHANGE IN IRAN.  WE WANT REZA PAHLAVI. Trump lost and caused 50,000 in Iran by IRGC. IRGC has won because they have stayed in power. They are now more ferocious and dangerous than before.
Shame on you Trump. You betrayed 90 million Iranians.",MB01,full regime change in iran we want reza pahlavi trump lost and caused 50 000 in iran by irgc irgc has won because they have stayed in power they are now more ferocious and dangerous than before shame on you trump you betrayed 90 million iranians,regime change iran want reza pahlavi trump lose cause iran irgc irgc win stay power ferocious dangerous shame trump betray million iranian
2045434489325998564,Trump's trust in Iran is a desperate attempt to save face after failed regime change efforts.,MB01,trump s trust in iran is a desperate attempt to save face after failed regime change efforts,trump s trust iran desperate attempt save face fail regime change effort
2045434295410462920,"Regime change in Iran by #KingRezaPahlavi‌ 
There is no other solution",MB01,regime change in iran by kingrezapahlavi there is no other solution,regime change iran kingrezapahlavi solution
2045434225814274125,"FULL REGIME CHANGE IN IRAN.  WE WANT REZA PAHLAVI. Trump lost and caused 50,000 in Iran by IRGC. IRGC has won because they have stayed in power. They are now more ferocious and dangerous than before.
Shame on you Trump. You betrayed 90 million Iranians.",MB01,full regime change in iran we want reza pahlavi trump lost and caused 50 000 in iran by irgc irgc has won because they have stayed in power they are now more ferocious and dangerous than before shame on you trump you betrayed 90 million iranians,regime change iran want reza pahlavi trump lose cause iran irgc irgc win stay power ferocious dangerous shame trump betray million iranian
2045434129290801442,"FULL REGIME CHANGE IN IRAN.  WE WANT REZA PAHLAVI. Trump lost and caused 50,000 in Iran by IRGC. IRGC has won because they have stayed in power. They are now more ferocious and dangerous than before.
Shame on you Trump. You betrayed 90 million Iranians.",MB01,full regime change in iran we want reza pahlavi trump lost and caused 50 000 in iran by irgc irgc has won because they have stayed in power they are now more ferocious and dangerous than before shame on you trump you betrayed 90 million iranians,regime change iran want reza pahlavi trump lose cause iran irgc irgc win stay power ferocious dangerous shame trump betray million iranian
2045434094696251699,"FULL REGIME CHANGE IN IRAN.  WE WANT REZA PAHLAVI. Trump lost and caused 50,000 in Iran by IRGC. IRGC has won because they have stayed in power. They are now more ferocious and dangerous than before.
Shame on you Trump. You betrayed 90 million Iranians",MB01,full regime change in iran we want reza pahlavi trump lost and caused 50 000 in iran by irgc irgc has won because they have stayed in power they are now more ferocious and dangerous than before shame on you trump you betrayed 90 million iranians,regime change iran want reza pahlavi trump lose cause iran irgc irgc win stay power ferocious dangerous shame trump betray million iranian
2045433390967517552,"This is social media. Grow up and stop trying to be a victim. If you think that there has been regime change in Iran, fine. I am not trying to change your mind.",MB01,this is social media grow up and stop trying to be a victim if you think that there has been regime change in iran fine i am not trying to change your mind,social medium grow stop try victim think regime change iran fine try change mind
2045433237086904829,Bull shit. Trump lied. You just destroyed the country and left a bunch of murderers in place. TRUMP LOST. FULL REGIME CHANGE IN IRAN.  WE WANT REZA PAHLAVI,MB01,bull shit trump lied you just destroyed the country and left a bunch of murderers in place trump lost full regime change in iran we want reza pahlavi,bull shit trump lie destroy country leave bunch murderer place trump lose regime change iran want reza pahlavi
2045433045063258122,You're just making more and more people realize a regime change is necessary and must in Iran.,MB01,you re just making more and more people realize a regime change is necessary and must in iran,make people realize regime change necessary iran
2045432710177366207,It’s easier to justify I guess bringing the troops home if we do regime change in Iran maybe like in Syria in 2024 I guess,MB01,it s easier to justify i guess bringing the troops home if we do regime change in iran maybe like in syria in 2024 i guess,s easy justify guess bring troop home regime change iran maybe like syria guess
2045432616703098970,Bull shit. Trump lied. You just destroyed the country and left a bunch of murderers in place. TRUMP LOST. FULL REGIME CHANGE IN IRAN.  WE WANT REZA PAHLAVI,MB01,bull shit trump lied you just destroyed the country and left a bunch of murderers in place trump lost full regime change in iran we want reza pahlavi,bull shit trump lie destroy country leave bunch murderer place trump lose regime change iran want reza pahlavi
2045432583836598399,"A good point. 
Iranians want a complete regime change in Iran under the leadership of 
@PahlaviReza
.

#KingRezaPahlavi‌ForIran",MB01,a good point iranians want a complete regime change in iran under the leadership of kingrezapahlavi foriran,good point iranian want complete regime change iran leadership kingrezapahlavi foriran
2045432568154042718,If US didn’t change the Islamic regime in Iran they’re telling other countries they are not powerful.,MB01,if us didn t change the islamic regime in iran they re telling other countries they are not powerful,didn t change islamic regime iran tell country powerful
2045460719932506578,"The final chapter is where Blendi’s perspective becomes most visibly shaped by his own position and formation. Born in 1969, he came of age during the collapse of the communist regime and was directly involved as a student activist and co-founder of one of the first independent",MB02,the final chapter is where blendi s perspective becomes most visibly shaped by his own position and formation born in 1969 he came of age during the collapse of the communist regime and was directly involved as a student activist and co founder of one of the first independent,final chapter blendi s perspective visibly shape position formation bear come age collapse communist regime directly involve student activist co founder independent
2045458769492979802,The regime is fracturing within. Collapse may be near.,MB02,the regime is fracturing within collapse may be near,regime fracture collapse near
2045457126177345798,"The mullahs were just the latest regime put in place to keep control of the world's energy markets, another control mechanism utilized by British imperial globalist interests. Opening the Strait will lead directly to the collapse of British hegemony over the planet",MB02,the mullahs were just the latest regime put in place to keep control of the world s energy markets another control mechanism utilized by british imperial globalist interests opening the strait will lead directly to the collapse of british hegemony over the planet,mullah late regime place control world s energy market control mechanism utilize british imperial globalist interest open strait lead directly collapse british hegemony planet
2045455413861023835,"Iranian regime is on the verge of economic collapse, so obviously this is the last kick of a dying horse..",MB02,iranian regime is on the verge of economic collapse so obviously this is the last kick of a dying horse,iranian regime verge economic collapse obviously kick die horse
2045453088207646927,"IRGC is a failing regime with barely any military power left, on the brink of internal collapse. 

Trump is playing them dirty, NYC street style.

Nobody will come to help them actively in combat. Islamism is receiving the firm spanking it needs.",MB02,irgc is a failing regime with barely any military power left on the brink of internal collapse trump is playing them dirty nyc street style nobody will come to help them actively in combat islamism is receiving the firm spanking it needs,irgc fail regime barely military power leave brink internal collapse trump play dirty nyc street style come help actively combat islamism receive firm spanking need
2045450452209192963,"Trump now has the key and remote control of the Strait of Hormuz.
Iran islamic govt will beg to survive .
The end of that demonic Islamic regime in Iran will collapse soon because many in the Iranian got didn't support the idea of negotiating with trump when Isreal is giving ice",MB02,trump now has the key and remote control of the strait of hormuz iran islamic govt will beg to survive the end of that demonic islamic regime in iran will collapse soon because many in the iranian got didn t support the idea of negotiating with trump when isreal is giving ice,trump key remote control strait hormuz iran islamic govt beg survive end demonic islamic regime iran collapse soon iranian get didn t support idea negotiate trump isreal give ice
2045447157319454752,"It's pretty clear that Israel squad wiping the 'moderates' (read those willing to negotiate) in Iran has meant the leadership, particularly the IRGC leadership, has become much more radical.

This either ends with American capitulation or Iranian regime collapse.",MB02,it s pretty clear that israel squad wiping the moderates read those willing to negotiate in iran has meant the leadership particularly the irgc leadership has become much more radical this either ends with american capitulation or iranian regime collapse,s pretty clear israel squad wipe moderate read willing negotiate iran mean leadership particularly irgc leadership radical end american capitulation iranian regime collapse
2045442657254564083,I think the whole idea is to have chaos & disorder. Hopefully the plan is to get the regime to collapse within. Hard though for anyone to know what is going on.,MB02,i think the whole idea is to have chaos disorder hopefully the plan is to get the regime to collapse within hard though for anyone to know what is going on,think idea chaos disorder hopefully plan regime collapse hard know go
2045440913422295205,"Iran is the most evil regime ever” isn’t analysis it’s propaganda.

A century of world wars, nuclear bombings, and colonial violence makes that claim collapse instantly.

People aren’t that easy to fool anymore",MB02,iran is the most evil regime ever isn t analysis it s propaganda a century of world wars nuclear bombings and colonial violence makes that claim collapse instantly people aren t that easy to fool anymore,iran evil regime isn t analysis s propaganda century world war nuclear bombing colonial violence make claim collapse instantly people aren t easy fool anymore
2045440421497553020,Great overview and analysis of the current Iran war. Caveat preemptor — “Anything short of unconditional surrender or regime collapse just sets the clock ticking on the next war — this time with a nuclear-armed ayatollah.”,MB02,great overview and analysis of the current iran war caveat preemptor anything short of unconditional surrender or regime collapse just sets the clock ticking on the next war this time with a nuclear armed ayatollah,great overview analysis current iran war caveat preemptor short unconditional surrender regime collapse set clock tick war time nuclear armed ayatollah
2045435166806724804,"Per Fars News, the three conditions are: 
- Commercial ships only.
- No belligerent country cargo.
- Iran-designated routes with coordinated transit.

The framework didn't collapse and re-emerge. it's the same permissioning regime that has been operating since the ceasefire",MB02,per fars news the three conditions are commercial ships only no belligerent country cargo iran designated routes with coordinated transit the framework didn t collapse and re emerge it s the same permissioning regime that has been operating since the ceasefire,far news condition commercial ship belligerent country cargo iran designate route coordinated transit framework didn t collapse emerge s permissione regime operate ceasefire
2045434190447915519,"Which problem exactly do you have with ""the fall of Viktor Yanukovych’s regime"" phrase?

We need a conceptual framework that could coherently integrate both what happened after the Soviet collapse and the trends - towards political capitalism and towards nationalism too -",MB02,which problem exactly do you have with the fall of viktor yanukovych s regime phrase we need a conceptual framework that could coherently integrate both what happened after the soviet collapse and the trends towards political capitalism and towards nationalism too,problem exactly fall viktor yanukovych s regime phrase need conceptual framework coherently integrate happen soviet collapse trend political capitalism nationalism
2045427519814312418,Go and collapse the regime yourself. Or you not a man?,MB02,go and collapse the regime yourself or you not a man,collapse regime man
2045426420436885970,CONFIRMED: Several gulf states have signed secret deals with China on the sale of their oil and gas supplies using Chinese Yuan. This will effectively shift the international trade balance from petrodollar into the Petro Yuan regime. This is the clear indication of US collapse.,MB02,confirmed several gulf states have signed secret deals with china on the sale of their oil and gas supplies using chinese yuan this will effectively shift the international trade balance from petrodollar into the petro yuan regime this is the clear indication of us collapse,confirm gulf state sign secret deal china sale oil gas supply chinese yuan effectively shift international trade balance petrodollar petro yuan regime clear indication collapse
2045424980746448922,"Pakistan faked an attack in Bajaur on 14 April 2026, killing innocent civilians. 23 Pashtuns used as pawns to distract from economic collapse. They breed terrorism & manipulate masses for power. Time to expose this regime.
#BajaurFalseFlag #ExposePakistan",MB02,pakistan faked an attack in bajaur on 14 april 2026 killing innocent civilians 23 pashtuns used as pawns to distract from economic collapse they breed terrorism manipulate masses for power time to expose this regime bajaurfalseflag exposepakistan,pakistan fake attack bajaur april kill innocent civilian pashtun pawn distract economic collapse breed terrorism manipulate mass power time expose regime bajaurfalseflag exposepakistan
2045423484126351672,“Iran and the wider Middle East are currently at a pivotal turning point. The regime is teetering on the edge of collapse.”,MB02,iran and the wider middle east are currently at a pivotal turning point the regime is teetering on the edge of collapse,iran wide middle east currently pivotal turning point regime teeter edge collapse
2045421560421331344,"Our children were murdered by this regime. We will accept nothing less than total collapse of the Islamic Republic and coordination with Prince Reza Pahlavi. This is our final word.
#KingRezaPahlavi‌ForIran
#IranRevolution2026‌

@realDonaldTrump
 
@VP
 
@SecRubio
 
@marklevinshow",MB02,our children were murdered by this regime we will accept nothing less than total collapse of the islamic republic and coordination with prince reza pahlavi this is our final word kingrezapahlavi foriran iranrevolution2026,child murder regime accept total collapse islamic republic coordination prince reza pahlavi final word kingrezapahlavi foriran
2045419292254978138,"NO INTERNET. NO SIGNAL.
Regime at the table.
Iranians in total blackout.
Who are you really negotiating with?
No compromise.
No deal.
Only regime collapse.
Only the Shah’s return. 
JavidShah! 

Day 50 — 1,176 hours.
#DigitalBlackOutIran
#StopExecutionsInIran",MB02,no internet no signal regime at the table iranians in total blackout who are you really negotiating with no compromise no deal only regime collapse only the shah s return javidshah day 50 1 176 hours digitalblackoutiran stopexecutionsiniran,internet signal regime table iranian total blackout negotiate compromise deal regime collapse shah s return javidshah day hour digitalblackoutiran stopexecutionsiniran
2045416673159897276,"Pakistan faked an attack in Bajaur on 14 April 2026, killing innocent civilians. 23 Pashtuns used as pawns to distract from economic collapse. They breed terrorism & manipulate masses for power. Time to expose this regime.
#BajaurFalseFlag #ExposePakistan",MB02,pakistan faked an attack in bajaur on 14 april 2026 killing innocent civilians 23 pashtuns used as pawns to distract from economic collapse they breed terrorism manipulate masses for power time to expose this regime bajaurfalseflag exposepakistan,pakistan fake attack bajaur april kill innocent civilian pashtun pawn distract economic collapse breed terrorism manipulate mass power time expose regime bajaurfalseflag exposepakistan
2045410561995792602,"This statement simply says 
@POTUS
 lies & we r not withdrawing. In Persian version, term ""lie"" exists, replaced by ""false""  in English version (hope this softened translation is not interpreted as a second regime change). #Iran regime is on the verge of collapse, but they will",MB02,this statement simply says lies we r not withdrawing in persian version term lie exists replaced by false in english version hope this softened translation is not interpreted as a second regime change iran regime is on the verge of collapse but they will,statement simply say lie r withdraw persian version term lie exist replace false english version hope soften translation interpret second regime change iran regime verge collapse
2045409775245230439,"Your whole analysis stands accurate. But, we have to understand that Iran's winning is not based on defeating USA militarily but to make the war prolonged and costly for the USA and not letting Iranian regime's regime collapse. And, it that manner Iran has emerged victorious.",MB02,your whole analysis stands accurate but we have to understand that iran s winning is not based on defeating usa militarily but to make the war prolonged and costly for the usa and not letting iranian regime s regime collapse and it that manner iran has emerged victorious,analysis stand accurate understand iran s win base defeat usa militarily war prolonged costly usa let iranian regime s regime collapse manner iran emerge victorious
2045404354253926693,"Pakistan faked an attack in Bajaur on 14 April 2026, killing innocent civilians. 23 Pashtuns used as pawns to distract from economic collapse. They breed terrorism & manipulate masses for power. Time to expose this regime.
#BajaurFalseFlag #ExposePakistan",MB02,pakistan faked an attack in bajaur on 14 april 2026 killing innocent civilians 23 pashtuns used as pawns to distract from economic collapse they breed terrorism manipulate masses for power time to expose this regime bajaurfalseflag exposepakistan,pakistan fake attack bajaur april kill innocent civilian pashtun pawn distract economic collapse breed terrorism manipulate mass power time expose regime bajaurfalseflag exposepakistan
2045400293710471508,"He speaks as if we're all just ""actors"" in some grand geopolitical theatre for you to analyze from afar—regime changers, hawks, their theories of change. But this isn't a show. We're real people living every day under decades of repression, economic collapse, executions, and",MB02,he speaks as if we re all just actors in some grand geopolitical theatre for you to analyze from afar regime changers hawks their theories of change but this isn t a show we re real people living every day under decades of repression economic collapse executions and,speak actor grand geopolitical theatre analyze afar regime changer hawk theory change isn t real people live day decade repression economic collapse execution
2045399803203592596,"Blocking the Strait of Hormuz would cut off the regime’s oil income, but without a clear strategy for regime change, pressure alone won’t work. It’s a failure if it doesn’t lead to regime collapse. #DigitalBlackoutIran #KingRezaPahlaviForIran",MB02,blocking the strait of hormuz would cut off the regime s oil income but without a clear strategy for regime change pressure alone won t work it s a failure if it doesn t lead to regime collapse digitalblackoutiran kingrezapahlaviforiran,block strait hormuz cut regime s oil income clear strategy regime change pressure win t work s failure doesn t lead regime collapse digitalblackoutiran kingrezapahlaviforiran
2045399721959977051,"Blocking the Strait of Hormuz would cut off the regime’s oil income, but without a clear strategy for regime change, pressure alone won’t work. It’s a failure if it doesn’t lead to regime collapse. #DigitalBlackoutIran #KingRezaPahlaviForIran",MB02,blocking the strait of hormuz would cut off the regime s oil income but without a clear strategy for regime change pressure alone won t work it s a failure if it doesn t lead to regime collapse digitalblackoutiran kingrezapahlaviforiran,block strait hormuz cut regime s oil income clear strategy regime change pressure win t work s failure doesn t lead regime collapse digitalblackoutiran kingrezapahlaviforiran
2045399616376758278,"Blocking the Strait of Hormuz would cut off the regime’s oil income, but without a clear strategy for regime change, pressure alone won’t work. It’s a failure if it doesn’t lead to regime collapse. #DigitalBlackoutIran #KingRezaPahlaviForIran",MB02,blocking the strait of hormuz would cut off the regime s oil income but without a clear strategy for regime change pressure alone won t work it s a failure if it doesn t lead to regime collapse digitalblackoutiran kingrezapahlaviforiran,block strait hormuz cut regime s oil income clear strategy regime change pressure win t work s failure doesn t lead regime collapse digitalblackoutiran kingrezapahlaviforiran
2045399549531890158,"Iranians will settle for nothing less than complete regime collapse. #TrumpDontStop 
#KingRezaPahlaviForIran 
@NEWSMAX
 
@Reuters
 
@washingtonpost
 
@FoxNews
 
@POTUS
 #DigitalBlackOutIran‌",MB02,iranians will settle for nothing less than complete regime collapse trumpdontstop kingrezapahlaviforiran digitalblackoutiran,iranians settle complete regime collapse trumpdontstop kingrezapahlaviforiran digitalblackoutiran
2045399529609183420,"Blocking the Strait of Hormuz would cut off the regime’s oil income, but without a clear strategy for regime change, pressure alone won’t work. It’s a failure if it doesn’t lead to regime collapse. #DigitalBlackoutIran #KingRezaPahlaviForIran",MB02,blocking the strait of hormuz would cut off the regime s oil income but without a clear strategy for regime change pressure alone won t work it s a failure if it doesn t lead to regime collapse digitalblackoutiran kingrezapahlaviforiran,block strait hormuz cut regime s oil income clear strategy regime change pressure win t work s failure doesn t lead regime collapse digitalblackoutiran kingrezapahlaviforiran
2045399431688945699,"Blocking the Strait of Hormuz would cut off the regime’s oil income, but without a clear strategy for regime change, pressure alone won’t work. It’s a failure if it doesn’t lead to regime collapse. #DigitalBlackoutIran #KingRezaPahlaviForIran",MB02,blocking the strait of hormuz would cut off the regime s oil income but without a clear strategy for regime change pressure alone won t work it s a failure if it doesn t lead to regime collapse digitalblackoutiran kingrezapahlaviforiran,block strait hormuz cut regime s oil income clear strategy regime change pressure win t work s failure doesn t lead regime collapse digitalblackoutiran kingrezapahlaviforiran
2045399378849104068,"Blocking the Strait of Hormuz would cut off the regime’s oil income, but without a clear strategy for regime change, pressure alone won’t work. It’s a failure if it doesn’t lead to regime collapse. #DigitalBlackoutIran #KingRezaPahlaviForIran",MB02,blocking the strait of hormuz would cut off the regime s oil income but without a clear strategy for regime change pressure alone won t work it s a failure if it doesn t lead to regime collapse digitalblackoutiran kingrezapahlaviforiran,block strait hormuz cut regime s oil income clear strategy regime change pressure win t work s failure doesn t lead regime collapse digitalblackoutiran kingrezapahlaviforiran
2045399286964535695,"Blocking the Strait of Hormuz would cut off the regime’s oil income, but without a clear strategy for regime change, pressure alone won’t work. It’s a failure if it doesn’t lead to regime collapse. #DigitalBlackoutIran #KingRezaPahlaviForIran",MB02,blocking the strait of hormuz would cut off the regime s oil income but without a clear strategy for regime change pressure alone won t work it s a failure if it doesn t lead to regime collapse digitalblackoutiran kingrezapahlaviforiran,block strait hormuz cut regime s oil income clear strategy regime change pressure win t work s failure doesn t lead regime collapse digitalblackoutiran kingrezapahlaviforiran
2045398108817830004,"Yes, and with a debilitated regime, destroyed military infrastructure, and a government on the verge of collapse. Regime change was always the goal along with an end to IRGC funding terrorist groups. Seems like winning to me.",MB02,yes and with a debilitated regime destroyed military infrastructure and a government on the verge of collapse regime change was always the goal along with an end to irgc funding terrorist groups seems like winning to me,yes debilitated regime destroy military infrastructure government verge collapse regime change goal end irgc fund terrorist group like win
2045396161410802030,"If the internet hadn't been cut off, no one would have needed 40 days of war and 10 days of cease-fire. The IR regime would collapse in the first week. #DigitalBlackOutIran‌ #KingRezaPahlavi‌ForIran",MB02,if the internet hadn t been cut off no one would have needed 40 days of war and 10 days of cease fire the ir regime would collapse in the first week digitalblackoutiran kingrezapahlavi foriran,internet hadn t cut need day war day cease fire ir regime collapse week digitalblackoutiran kingrezapahlavi foriran
2045393501299548572,A regime change that caused it to split into 15 different countries? Sounds more like a collapse.,MB02,a regime change that caused it to split into 15 different countries sounds more like a collapse,regime change cause split different country sound like collapse
2045393312979542087,conflict will end with the collapse of Islamic regime. if you really care about peace help the Iranians to get rid of Islamic regime.,MB02,conflict will end with the collapse of islamic regime if you really care about peace help the iranians to get rid of islamic regime,conflict end collapse islamic regime care peace help iranians rid islamic regime
2045392180802396314,It's a sinisterly orchestrated classical collapse of the current regime,MB02,it s a sinisterly orchestrated classical collapse of the current regime,s sinisterly orchestrate classical collapse current regime
2045389136673022308,"Pakistan faked an attack in Bajaur on 14 April 2026, killing innocent civilians. 23 Pashtuns used as pawns to distract from economic collapse. They breed terrorism & manipulate masses for power. Time to expose this regime.
#BajaurFalseFlag #ExposePakistan",MB02,pakistan faked an attack in bajaur on 14 april 2026 killing innocent civilians 23 pashtuns used as pawns to distract from economic collapse they breed terrorism manipulate masses for power time to expose this regime bajaurfalseflag exposepakistan,pakistan fake attack bajaur april kill innocent civilian pashtun pawn distract economic collapse breed terrorism manipulate mass power time expose regime bajaurfalseflag exposepakistan
2045386376896790953,"Pakistan faked an attack in Bajaur on 14 April 2026, killing innocent civilians. 23 Pashtuns used as pawns to distract from economic collapse. They breed terrorism & manipulate masses for power. Time to expose this regime.
#BajaurFalseFlag #ExposePakistan",MB02,pakistan faked an attack in bajaur on 14 april 2026 killing innocent civilians 23 pashtuns used as pawns to distract from economic collapse they breed terrorism manipulate masses for power time to expose this regime bajaurfalseflag exposepakistan,pakistan fake attack bajaur april kill innocent civilian pashtun pawn distract economic collapse breed terrorism manipulate mass power time expose regime bajaurfalseflag exposepakistan
2045383754118525075,"While it’s true we did gain air superiority, China did promise to send more missiles. The leaders we killed were just replaced by more extreme hardliners of the same ideology. The regime will probably not collapse.",MB02,while it s true we did gain air superiority china did promise to send more missiles the leaders we killed were just replaced by more extreme hardliners of the same ideology the regime will probably not collapse,s true gain air superiority china promise send missile leader kill replace extreme hardliner ideology regime probably collapse
2045382946119725138,"Pakistan faked an attack in Bajaur on 14 April 2026, killing innocent civilians. 23 Pashtuns used as pawns to distract from economic collapse. They breed terrorism & manipulate masses for power. Time to expose this regime.
#BajaurFalseFlag #ExposePakistan",MB02,pakistan faked an attack in bajaur on 14 april 2026 killing innocent civilians 23 pashtuns used as pawns to distract from economic collapse they breed terrorism manipulate masses for power time to expose this regime bajaurfalseflag exposepakistan,pakistan fake attack bajaur april kill innocent civilian pashtun pawn distract economic collapse breed terrorism manipulate mass power time expose regime bajaurfalseflag exposepakistan
2045381992821542978,"Pakistan faked an attack in Bajaur on 14 April 2026, killing innocent civilians. 23 Pashtuns used as pawns to distract from economic collapse. They breed terrorism & manipulate masses for power. Time to expose this regime.
#BajaurFalseFlag #ExposePakistan",MB02,pakistan faked an attack in bajaur on 14 april 2026 killing innocent civilians 23 pashtuns used as pawns to distract from economic collapse they breed terrorism manipulate masses for power time to expose this regime bajaurfalseflag exposepakistan,pakistan fake attack bajaur april kill innocent civilian pashtun pawn distract economic collapse breed terrorism manipulate mass power time expose regime bajaurfalseflag exposepakistan
2045381163196293142,"(2/8)…Potentially the hardline Islamic regime of the IRGC are willing more to NOT extend the truce of ceasefire to tackle any civilian unrest 

Contingency plans account for regime collapse risks—civil unrest, IRGC defections, or army fractures—driven by the blockade 

These US",MB02,2 8 potentially the hardline islamic regime of the irgc are willing more to not extend the truce of ceasefire to tackle any civilian unrest contingency plans account for regime collapse risks civil unrest irgc defections or army fractures driven by the blockade these us,potentially hardline islamic regime irgc willing extend truce ceasefire tackle civilian unrest contingency plan account regime collapse risk civil unrest irgc defection army fracture drive blockade
2045381055708860714,"no victory without regime collapse, #FreeIran with @PahlaviReza",MB02,no victory without regime collapse freeiran with,victory regime collapse freeiran
2045380439179768034,"A country created out of the blood of innocent people cannot last. If the western nations who weaponise, and bankroll this pretend country of Israel withdrew their support, the Zionist regime would collapse like a burst balloon. Free Palestine!",MB02,a country created out of the blood of innocent people cannot last if the western nations who weaponise and bankroll this pretend country of israel withdrew their support the zionist regime would collapse like a burst balloon free palestine,country create blood innocent people western nation weaponise bankroll pretend country israel withdraw support zionist regime collapse like burst balloon free palestine
2045379660976939335,"They said there would be regime change.

They said Iran would collapse in a day.

Instead Israel and the US were forced into begging for a ceasefire. Retard",MB02,they said there would be regime change they said iran would collapse in a day instead israel and the us were forced into begging for a ceasefire retard,say regime change say iran collapse day instead israel force beg ceasefire retard
2045379394219208886,Your disgusting app only serves to monitor European citizens on the internet. Your neo-Nazi regime is obsessed with control but will soon collapse,MB02,your disgusting app only serves to monitor european citizens on the internet your neo nazi regime is obsessed with control but will soon collapse,disgusting app serve monitor european citizen internet neo nazi regime obsess control soon collapse
2045379059228487850,Like if we collapse or regime change Iran it is maybe easier to bring our troops home,MB02,like if we collapse or regime change iran it is maybe easier to bring our troops home,like collapse regime change iran maybe easy bring troop home
2045377434011488749,"Rogue Communist Regime should be held accountable for INHUMANITY.

IT'S BEST TO COLLAPSE & DIVIDE INTO SEVERAL PIECES.",MB02,rogue communist regime should be held accountable for inhumanity it s best to collapse divide into several pieces,rogue communist regime hold accountable inhumanity s good collapse divide piece
2045373342442475887,"Even if they make a deal with the us which they will not, after a couple of years, there will be another uprising and they regime will collapse. But atm, this is the most thing he can do without ground invasion.",MB02,even if they make a deal with the us which they will not after a couple of years there will be another uprising and they regime will collapse but atm this is the most thing he can do without ground invasion,deal couple year uprising regime collapse atm thing ground invasion
2045372499706171753,"Serious analysis shows authoritarian regimes rarely liberalize without pressure. External constraint (sanctions, isolation, deterrence) + internal dissent is the historically consistent pathway to regime collapse—not passive engagement.",MB02,serious analysis shows authoritarian regimes rarely liberalize without pressure external constraint sanctions isolation deterrence internal dissent is the historically consistent pathway to regime collapse not passive engagement,analysis show authoritarian regime rarely liberalize pressure external constraint sanction isolation deterrence internal dissent historically consistent pathway regime collapse passive engagement
2045372128606740626,"The Islamic regime stands on money, force, and control of information. Sanctions hit the money, deterrence hits the force, and open communication weakens control. Remove those pillars, and collapse becomes a matter of time.",MB02,the islamic regime stands on money force and control of information sanctions hit the money deterrence hits the force and open communication weakens control remove those pillars and collapse becomes a matter of time,islamic regime stand money force control information sanction hit money deterrence hit force open communication weaken control remove pillar collapse matter time
2045371533225550188,"Iranian 

We stand with Israel and support the Israel people. Hezbollah must destroy and fall. And also Islamic terrorist regime which fund the Hezbollah must collapse and destroy, totally change the regime in Iran.
Long live IRAN AND ISRAEL  and AMERICA",MB02,iranian we stand with israel and support the israel people hezbollah must destroy and fall and also islamic terrorist regime which fund the hezbollah must collapse and destroy totally change the regime in iran long live iran and israel and america,iranian stand israel support israel people hezbollah destroy fall islamic terrorist regime fund hezbollah collapse destroy totally change regime iran long live iran israel america
2045364763312455785,Epstein regime. It is going to collapse,MB02,epstein regime it is going to collapse,epstein regime go collapse
2045362740739313873,"An air campaign that yielded the results of an air campaign, which is to say, not much.
 It's a military failure; no objectives were achieved.
 The political regime did not collapse under the bombs.
 They just mowed the lawn.",MB02,an air campaign that yielded the results of an air campaign which is to say not much it s a military failure no objectives were achieved the political regime did not collapse under the bombs they just mowed the lawn,air campaign yield result air campaign s military failure objective achieve political regime collapse bomb mow lawn
2045361002636567001,"An air campaign that yielded the results of an air campaign, which is to say, not much.
 It's a military failure; no objectives were achieved.
 The political regime did not collapse under the bombs.
 They just mowed the lawn.",MB02,an air campaign that yielded the results of an air campaign which is to say not much it s a military failure no objectives were achieved the political regime did not collapse under the bombs they just mowed the lawn,air campaign yield result air campaign s military failure objective achieve political regime collapse bomb mow lawn
2045360032850559102,"For mullahs regime, which has been at the brink of collapse, survival is a victory. A lifeline . It might be a potential win for President Trump, but it is a great feature threat. رژیم اشغالگر ملایان اگر سرنگون نشود چند سال دیگه با بمب لتم برمیگردد",MB02,for mullahs regime which has been at the brink of collapse survival is a victory a lifeline it might be a potential win for president trump but it is a great feature threat رژیم اشغالگر ملایان اگر سرنگون نشود چند سال دیگه با بمب لتم برمیگردد,mullah regime brink collapse survival victory lifeline potential win president trump great feature threat رژیم اشغالگر ملایان اگر سرنگون نشود چند سال دیگه با بمب لتم برمیگردد
2045358981343072490,"You idiot, the Islamic regime will collapse one way or another!",MB02,you idiot the islamic regime will collapse one way or another,idiot islamic regime collapse way
2045358129156628534,The fall of Lord Voldemort and the collapse of his Death Eater regime saw the greatest peacetime reduction in life expectancy and standard of living of any major wizarding population ever. Just an fyi.,MB02,the fall of lord voldemort and the collapse of his death eater regime saw the greatest peacetime reduction in life expectancy and standard of living of any major wizarding population ever just an fyi,fall lord voldemort collapse death eater regime see great peacetime reduction life expectancy standard living major wizarde population fyi
2045357479949738057,people of Iran are deeply worried and terrified by the unexpected events unfolding before their eyes. A country still controlled by the same regime now even more brutal and filled with armed proxy forces.I’m heartbroken to say many Iranians are experiencing psychological collapse,MB02,people of iran are deeply worried and terrified by the unexpected events unfolding before their eyes a country still controlled by the same regime now even more brutal and filled with armed proxy forces i m heartbroken to say many iranians are experiencing psychological collapse,people iran deeply worried terrify unexpected event unfold eye country control regime brutal fill armed proxy force m heartbroken iranian experience psychological collapse
2045357204518183081,people of Iran are deeply worried and terrified by the unexpected events unfolding before their eyes. A country still controlled by the same regime now even more brutal and filled with armed proxy forces.I’m heartbroken to say many Iranians are experiencing psychological collapse,MB02,people of iran are deeply worried and terrified by the unexpected events unfolding before their eyes a country still controlled by the same regime now even more brutal and filled with armed proxy forces i m heartbroken to say many iranians are experiencing psychological collapse,people iran deeply worried terrify unexpected event unfold eye country control regime brutal fill armed proxy force m heartbroken iranian experience psychological collapse
2045351362477666815,"In Serbia, Vučić has publicly congratulated Magyar while stressing the “best relations in history” between Belgrade and Budapest.
If Hungary can re‑anchor itself in the EU without a full‑scale regime collapse, the perceived leverage of a Brussels‑backed Maidan‑style playbook in",MB02,in serbia vučić has publicly congratulated magyar while stressing the best relations in history between belgrade and budapest if hungary can re anchor itself in the eu without a full scale regime collapse the perceived leverage of a brussels backed maidan style playbook in,serbia vučić publicly congratulate magyar stress good relation history belgrade budap hungary anchor eu scale regime collapse perceive leverage brussels back maidan style playbook
2045348698826371570,"Spot on 

President Trump can lock in a legacy that actually lasts—or watch it all collapse the second he’s out. This regime survives on time. Give it that, and you reset the clock on the same threat.

Back the Iranian people and a real transition.

#KingRezaPahlaviForIran",MB02,spot on president trump can lock in a legacy that actually lasts or watch it all collapse the second he s out this regime survives on time give it that and you reset the clock on the same threat back the iranian people and a real transition kingrezapahlaviforiran,spot president trump lock legacy actually last watch collapse second s regime survive time reset clock threat iranian people real transition kingrezapahlaviforiran
2045348543255150822,They said that the Iranian regime was going to collapse after the initial round of aerial bombardment.,MB02,they said that the iranian regime was going to collapse after the initial round of aerial bombardment,say iranian regime go collapse initial round aerial bombardment
2045345859999572140,"Trump keeps amping the pressure by boasting about Iran’s total surrender. This keeps the factions fighting each other as the blockade tightens the economic noose, which makes regime collapse increasingly likely.",MB02,trump keeps amping the pressure by boasting about iran s total surrender this keeps the factions fighting each other as the blockade tightens the economic noose which makes regime collapse increasingly likely,trump keep ampe pressure boast iran s total surrender keep faction fight blockade tighten economic noose make regime collapse increasingly likely
2045345115867349323,...can't wait for the communist regime to collapse so I can finally go visit it...,MB02,can t wait for the communist regime to collapse so i can finally go visit it,t wait communist regime collapse finally visit
2045341438888833399,"What we are watching  is not a regime demonstrating strength. It is a regime in its collapse phase, still able to produce violence and surface function, but no longer able to hide the fact that this is the stage it prepared for when the center began to break.",MB02,what we are watching is not a regime demonstrating strength it is a regime in its collapse phase still able to produce violence and surface function but no longer able to hide the fact that this is the stage it prepared for when the center began to break,watch regime demonstrate strength regime collapse phase able produce violence surface function long able hide fact stage prepare center begin break
2045337595228647793,"If the government loses legitimacy — not in the dramatic sense of regime collapse, but in the operational sense that markets begin to question whether the guarantee will be honored, whether the institution will function, whether the commitment will survive the next election…",MB02,if the government loses legitimacy not in the dramatic sense of regime collapse but in the operational sense that markets begin to question whether the guarantee will be honored whether the institution will function whether the commitment will survive the next election,government lose legitimacy dramatic sense regime collapse operational sense market begin question guarantee honor institution function commitment survive election
2045336708816986490,The mullahs haven't fared too well. Most of their people hate them. The regime will collapse and the 75% of Iranians who ARE NOT Muslims will take their country back and we won't have to worry about the mullahs anymore.,MB02,the mullahs haven t fared too well most of their people hate them the regime will collapse and the 75 of iranians who are not muslims will take their country back and we won t have to worry about the mullahs anymore,mullah haven t fare people hate regime collapse iranians muslim country win t worry mullah anymore
2045332267162276135,If you think trump js going to invade with US military you are mistaken. This war is over unless the regime are absolute idiots. The only hope for regime change now is that this was a decisive blow and the regime will atrophy and collapse under its own weight.,MB02,if you think trump js going to invade with us military you are mistaken this war is over unless the regime are absolute idiots the only hope for regime change now is that this was a decisive blow and the regime will atrophy and collapse under its own weight,think trump js go invade military mistake war regime absolute idiot hope regime change decisive blow regime atrophy collapse weight
2045329901629386889,"Just wait until the blockade causes the TERRORIST REGIME to collapse.

As it stands today, this will go down in history as one of the greatest military operations that DESTROYED IRAN’S navy, Air Force, radar, air defenses, IRGC, BASIJ, and one of the greatest strategic",MB02,just wait until the blockade causes the terrorist regime to collapse as it stands today this will go down in history as one of the greatest military operations that destroyed iran s navy air force radar air defenses irgc basij and one of the greatest strategic,wait blockade cause terrorist regime collapse stand today history great military operation destroy iran s navy air force radar air defense irgc basij great strategic
2045328502388359350,"I don't know man I'm a bit pessimistic.  Regime didn't collapse as I'd hopped under pressure like Assad's did.  Also, the protesters don't have combat experience  like the Northern Alliance in Afghanistan in 2001-2002.  We'll see I guess, fingers crossed!",MB02,i don t know man i m a bit pessimistic regime didn t collapse as i d hopped under pressure like assad s did also the protesters don t have combat experience like the northern alliance in afghanistan in 2001 2002 we ll see i guess fingers crossed,don t know man m bit pessimistic regime didn t collapse d hop pressure like assad s protester don t combat experience like northern alliance afghanistan ll guess finger cross
2045326427734544736,"Only this president could have brought us to the point where the Islamo-Nazi regime in Iran is on the brink of collapse.  I still think he should send them to hell because if they're still standing, and the Democrats take back the White House in 2028, it'll be all for nothing...",MB02,only this president could have brought us to the point where the islamo nazi regime in iran is on the brink of collapse i still think he should send them to hell because if they re still standing and the democrats take back the white house in 2028 it ll be all for nothing,president bring point islamo nazi regime iran brink collapse think send hell stand democrats white house ll
2045326421111820314,Trump is exacerbating fissures between different power centers in the Iranian regime to stimulate infighting and ultimate regime collapse.,MB02,trump is exacerbating fissures between different power centers in the iranian regime to stimulate infighting and ultimate regime collapse,trump exacerbate fissure different power center iranian regime stimulate infighting ultimate regime collapse
2045325917611049104,"Trump expects to provoke a regime collapse.

If he thinks that won’t happen, he’ll provoke it",MB02,trump expects to provoke a regime collapse if he thinks that won t happen he ll provoke it,trump expect provoke regime collapse think win t happen ll provoke
2045322015419081178,Great victories? Can you name 3 victories? Country is devastated economy is gone your supreme leader along with many of your other corrupt leaders are gone. Your regime is on the verge of collapse and extinction. You are a delusional stupid.,MB02,great victories can you name 3 victories country is devastated economy is gone your supreme leader along with many of your other corrupt leaders are gone your regime is on the verge of collapse and extinction you are a delusional stupid,great victory victory country devastate economy go supreme leader corrupt leader go regime verge collapse extinction delusional stupid
2045321292937679212,"It's the other way around

The Epstein regime must surrender or it will collapse 

Iran knows this. 

The propaganda only works on Boomers and sub-70 IQ retards",MB02,it s the other way around the epstein regime must surrender or it will collapse iran knows this the propaganda only works on boomers and sub 70 iq retards,s way epstein regime surrender collapse iran know propaganda work boomer sub iq retard
2045318504618868886,"Meanwhile the regime implodes in on itself and threatens existential collapse.

VICTORY!",MB02,meanwhile the regime implodes in on itself and threatens existential collapse victory,regime implode threaten existential collapse victory
2045318021556924429,"That was the best advice! I'm so happy that President Trump is winning which means sooner or later the Islamic regime will collapse! Hahaha;)
#ThankYouTrump‌ #ThankYouBiBi‌",MB02,that was the best advice i m so happy that president trump is winning which means sooner or later the islamic regime will collapse hahaha thankyoutrump thankyoubibi,good advice m happy president trump win mean soon later islamic regime collapse hahaha thankyoutrump thankyoubibi
2045315972463047147,"That's great however, the regime still exists and Iranian people are still being executed, this regime has to collapse.",MB02,that s great however the regime still exists and iranian people are still being executed this regime has to collapse,s great regime exist iranian people execute regime collapse
2045315016732311670,"This is correct, and it was this wide coalition of ""right wing"" forces that won the civil war that also caused the Francoist regime to collapse into the liberalism that we see today. Franco was a good man, but he could not hold the tide alone, and the institutions were corrupted",MB02,this is correct and it was this wide coalition of right wing forces that won the civil war that also caused the francoist regime to collapse into the liberalism that we see today franco was a good man but he could not hold the tide alone and the institutions were corrupted,correct wide coalition right wing force win civil war cause francoist regime collapse liberalism today franco good man hold tide institution corrupt
2045313364365083065,"Not happening.  I think originally he thought the initial bombings and damages would cause the regime to collapse, but I knew it wouldn't because Persia is prophesied in Bible in the end times.",MB02,not happening i think originally he thought the initial bombings and damages would cause the regime to collapse but i knew it wouldn t because persia is prophesied in bible in the end times,happen think originally think initial bombing damage cause regime collapse know wouldn t persia prophesy bible end time
2045311685703901510,Ceasefire? For them it’s just time to rebuild underground bases and haul in Fatemiyoun fighters from Afghanistan. Our kids are still being hanged. The only path to peace is total regime collapse with Reza Pahlavi leading the transition. #FreeIran #DigitalBlackOutIran,MB02,ceasefire for them it s just time to rebuild underground bases and haul in fatemiyoun fighters from afghanistan our kids are still being hanged the only path to peace is total regime collapse with reza pahlavi leading the transition freeiran digitalblackoutiran,ceasefire s time rebuild underground basis haul fatemiyoun fighter afghanistan kid hang path peace total regime collapse reza pahlavi lead transition freeiran digitalblackoutiran
2045310621353177590,What did US achieve? Trump thought the regime will collapse in 3 days,MB02,what did us achieve trump thought the regime will collapse in 3 days,achieve trump thought regime collapse day
2045310439958175883,"𝐍𝐀𝐕𝐘 𝐂𝐀𝐏𝐓𝐀𝐈𝐍: 𝐈𝐑𝐀𝐍’𝐒 𝐁𝐋𝐎𝐂𝐊𝐀𝐃𝐄 𝐈𝐒 𝐓𝐇𝐄 “𝐕𝐄𝐍𝐄𝐙𝐔𝐄𝐋𝐀 𝐌𝐎𝐃𝐄𝐋”—𝐑𝐄𝐆𝐈𝐌𝐄 𝐌𝐔𝐒𝐓 𝐂𝐇𝐀𝐍𝐆𝐄 𝐎𝐑 𝐂𝐎𝐋𝐋𝐀𝐏𝐒𝐄

“𝘐𝘵’𝘴 𝘨𝘰𝘪𝘯𝘨 𝘵𝘰 𝘳𝘦𝘲𝘶𝘪𝘳𝘦 𝘩𝘢𝘷𝘪𝘯𝘨 𝘵𝘩𝘢𝘵 𝘬𝘪𝘯𝘥 𝘰𝘧 𝘭𝘦𝘷𝘦𝘳𝘢𝘨𝘦—𝘒𝘩𝘢𝘳𝘨 𝘐𝘴𝘭𝘢𝘯𝘥,",MB02,𝐍𝐀𝐕𝐘 𝐂𝐀𝐏𝐓𝐀𝐈𝐍 𝐈𝐑𝐀𝐍 𝐒 𝐁𝐋𝐎𝐂𝐊𝐀𝐃𝐄 𝐈𝐒 𝐓𝐇𝐄 𝐕𝐄𝐍𝐄𝐙𝐔𝐄𝐋𝐀 𝐌𝐎𝐃𝐄𝐋 𝐑𝐄𝐆𝐈𝐌𝐄 𝐌𝐔𝐒𝐓 𝐂𝐇𝐀𝐍𝐆𝐄 𝐎𝐑 𝐂𝐎𝐋𝐋𝐀𝐏𝐒𝐄 𝘐𝘵 𝘴 𝘨𝘰𝘪𝘯𝘨 𝘵𝘰 𝘳𝘦𝘲𝘶𝘪𝘳𝘦 𝘩𝘢𝘷𝘪𝘯𝘨 𝘵𝘩𝘢𝘵 𝘬𝘪𝘯𝘥 𝘰𝘧 𝘭𝘦𝘷𝘦𝘳𝘢𝘨𝘦 𝘒𝘩𝘢𝘳𝘨 𝘐𝘴𝘭𝘢𝘯𝘥,𝐍𝐀𝐕𝐘 𝐂𝐀𝐏𝐓𝐀𝐈𝐍 𝐈𝐑𝐀𝐍 𝐒 𝐁𝐋𝐎𝐂𝐊𝐀𝐃𝐄 𝐈𝐒 𝐓𝐇𝐄 𝐕𝐄𝐍𝐄𝐙𝐔𝐄𝐋𝐀 𝐌𝐎𝐃𝐄𝐋 𝐑𝐄𝐆𝐈𝐌𝐄 𝐌𝐔𝐒𝐓 𝐂𝐇𝐀𝐍𝐆𝐄 𝐎𝐑 𝐂𝐎𝐋𝐋𝐀𝐏𝐒𝐄 𝘐𝘵 𝘴 𝘨𝘰𝘪𝘯𝘨 𝘵𝘰 𝘳𝘦𝘲𝘶𝘪𝘳𝘦 𝘩𝘢𝘷𝘪𝘯𝘨 𝘵𝘩𝘢𝘵 𝘬𝘪𝘯𝘥 𝘰𝘧 𝘭𝘦𝘷𝘦𝘳𝘢𝘨𝘦 𝘒𝘩𝘢𝘳𝘨 𝘐𝘴𝘭𝘢𝘯𝘥
2045309765803221403,"These jews are fully aware the Iranian regime will not fall without a totally committed ground war. They know such a war would collapse our economy.

These jews do not care.",MB02,these jews are fully aware the iranian regime will not fall without a totally committed ground war they know such a war would collapse our economy these jews do not care,jews fully aware iranian regime fall totally commit ground war know war collapse economy jews care
2045308782809633116,"Correct, peace doesn't mean anything with terrorist, they were on a peace when 7th of October happened. Negotiation with murderous Islamic regime that executing and raping innocent civilians is wrong. Pressure needs to keep up until Islamic Regime collapse completely. #FreeIran‌",MB02,correct peace doesn t mean anything with terrorist they were on a peace when 7th of october happened negotiation with murderous islamic regime that executing and raping innocent civilians is wrong pressure needs to keep up until islamic regime collapse completely freeiran,correct peace doesn t mean terrorist peace october happen negotiation murderous islamic regime execute rap innocent civilian wrong pressure need islamic regime collapse completely freeiran
2045306716091281769,"Hi Monico,

Hope you’re doing well! I appreciate you asking.

I don’t think anyone believed the Islamist regime would collapse through an air campaign alone. Regime change would of course require boots on the ground to take control of state institutions, and it’s been understood",MB02,hi monico hope you re doing well i appreciate you asking i don t think anyone believed the islamist regime would collapse through an air campaign alone regime change would of course require boots on the ground to take control of state institutions and it s been understood,hi monico hope appreciate ask don t think believe islamist regime collapse air campaign regime change course require boot ground control state institution s understand
2045306431272808803,THE UNITED STATES WENT TO WAR IN IRAN IN ORDER TO AFFECT REGIME CHANGE TO THROW OUT THE PEOPLE WHO RAN THE COUNTRY AND COLLAPSE IT AT THE BEHEST AND DEMAND OF ISRAEL AND THAT'S THE DEMAND THE THE ISRAELIS HAVE MADE OF THE U S FOR DECADES AND THEN TRUMP FELL FOR IT DID IT AND HE,MB02,the united states went to war in iran in order to affect regime change to throw out the people who ran the country and collapse it at the behest and demand of israel and that s the demand the the israelis have made of the u s for decades and then trump fell for it did it and he,united states go war iran order affect regime change throw people run country collapse behest demand israel s demand israelis u s decade trump fall
2045306321793433782,"A turbulent #Crypto phase could begin long before any technical failure ever appears. 

Imagine a world where #Quantum computers become the excuse for a #KYC aligned #HardFork around #Bitcoin. 
That would not mean instant collapse, but it could absolutely change the regime. In",MB02,a turbulent crypto phase could begin long before any technical failure ever appears imagine a world where quantum computers become the excuse for a kyc aligned hardfork around bitcoin that would not mean instant collapse but it could absolutely change the regime in,turbulent crypto phase begin long technical failure appear imagine world quantum computer excuse kyc align hardfork bitcoin mean instant collapse absolutely change regime
2045305048268484832,"The Trump administration must be patient. If the current blockade continues, Mollahs criminal regime will collapse within a few weeks. They won't have money to pay IRGC salaries or purchase goods. The regime will collapse. It is a capital mistake to sign an agreement with Mollahs",MB02,the trump administration must be patient if the current blockade continues mollahs criminal regime will collapse within a few weeks they won t have money to pay irgc salaries or purchase goods the regime will collapse it is a capital mistake to sign an agreement with mollahs,trump administration patient current blockade continue mollahs criminal regime collapse week win t money pay irgc salary purchase good regime collapse capital mistake sign agreement mollah
2045298074671804579,"Blocking the Strait of Hormuz would cut off the regime’s oil income, but without a clear strategy for regime change, pressure alone won’t work. It’s a failure if it doesn’t lead to regime collapse. #DigitalBlackoutIran #KingRezaPahlaviForIran",MB02,blocking the strait of hormuz would cut off the regime s oil income but without a clear strategy for regime change pressure alone won t work it s a failure if it doesn t lead to regime collapse digitalblackoutiran kingrezapahlaviforiran,block strait hormuz cut regime s oil income clear strategy regime change pressure win t work s failure doesn t lead regime collapse digitalblackoutiran kingrezapahlaviforiran
2045297910871634089,"Blocking the Strait of Hormuz would cut off the regime’s oil income, but without a clear strategy for regime change, pressure alone won’t work. It’s a failure if it doesn’t lead to regime collapse. #DigitalBlackoutIran #KingRezaPahlaviForIran",MB02,blocking the strait of hormuz would cut off the regime s oil income but without a clear strategy for regime change pressure alone won t work it s a failure if it doesn t lead to regime collapse digitalblackoutiran kingrezapahlaviforiran,block strait hormuz cut regime s oil income clear strategy regime change pressure win t work s failure doesn t lead regime collapse digitalblackoutiran kingrezapahlaviforiran
2045297757234331771,"Two things can be true. The Sovjet Union was a terrible repressive regime, that is true.
Its collapse was an enormous economic disaster and drove countless citizens into dire poverty, while party leaders became rich oligarchs as state companies were privatized. This is also true.",MB02,two things can be true the sovjet union was a terrible repressive regime that is true its collapse was an enormous economic disaster and drove countless citizens into dire poverty while party leaders became rich oligarchs as state companies were privatized this is also true,thing true sovjet union terrible repressive regime true collapse enormous economic disaster drive countless citizen dire poverty party leader rich oligarch state company privatize true
2045297668034019582,"Blocking the Strait of Hormuz would cut off the regime’s oil income, but without a clear strategy for regime change, pressure alone won’t work. It’s a failure if it doesn’t lead to regime collapse. #DigitalBlackoutIran #KingRezaPahlaviForIran",MB02,blocking the strait of hormuz would cut off the regime s oil income but without a clear strategy for regime change pressure alone won t work it s a failure if it doesn t lead to regime collapse digitalblackoutiran kingrezapahlaviforiran,block strait hormuz cut regime s oil income clear strategy regime change pressure win t work s failure doesn t lead regime collapse digitalblackoutiran kingrezapahlaviforiran
2045297466426466554,"Blocking the Strait of Hormuz would cut off the regime’s oil income, but without a clear strategy for regime change, pressure alone won’t work. It’s a failure if it doesn’t lead to regime collapse. #DigitalBlackoutIran #KingRezaPahlaviForIran",MB02,blocking the strait of hormuz would cut off the regime s oil income but without a clear strategy for regime change pressure alone won t work it s a failure if it doesn t lead to regime collapse digitalblackoutiran kingrezapahlaviforiran,block strait hormuz cut regime s oil income clear strategy regime change pressure win t work s failure doesn t lead regime collapse digitalblackoutiran kingrezapahlaviforiran
2045297284687266289,"Blocking the Strait of Hormuz would cut off the regime’s oil income, but without a clear strategy for regime change, pressure alone won’t work. It’s a failure if it doesn’t lead to regime collapse. #DigitalBlackoutIran #KingRezaPahlaviForIran",MB02,blocking the strait of hormuz would cut off the regime s oil income but without a clear strategy for regime change pressure alone won t work it s a failure if it doesn t lead to regime collapse digitalblackoutiran kingrezapahlaviforiran,block strait hormuz cut regime s oil income clear strategy regime change pressure win t work s failure doesn t lead regime collapse digitalblackoutiran kingrezapahlaviforiran
2045297112997621986,"Blocking the Strait of Hormuz would cut off the regime’s oil income, but without a clear strategy for regime change, pressure alone won’t work. It’s a failure if it doesn’t lead to regime collapse. #DigitalBlackoutIran #KingRezaPahlaviForIran",MB02,blocking the strait of hormuz would cut off the regime s oil income but without a clear strategy for regime change pressure alone won t work it s a failure if it doesn t lead to regime collapse digitalblackoutiran kingrezapahlaviforiran,block strait hormuz cut regime s oil income clear strategy regime change pressure win t work s failure doesn t lead regime collapse digitalblackoutiran kingrezapahlaviforiran
2045296944323666106,"Blocking the Strait of Hormuz would cut off the regime’s oil income, but without a clear strategy for regime change, pressure alone won’t work. It’s a failure if it doesn’t lead to regime collapse. #DigitalBlackoutIran #KingRezaPahlaviForIran",MB02,blocking the strait of hormuz would cut off the regime s oil income but without a clear strategy for regime change pressure alone won t work it s a failure if it doesn t lead to regime collapse digitalblackoutiran kingrezapahlaviforiran,block strait hormuz cut regime s oil income clear strategy regime change pressure win t work s failure doesn t lead regime collapse digitalblackoutiran kingrezapahlaviforiran
2045296726551220349,"Blocking the Strait of Hormuz would cut off the regime’s oil income, but without a clear strategy for regime change, pressure alone won’t work. It’s a failure if it doesn’t lead to regime collapse. #DigitalBlackoutIran #KingRezaPahlaviForIran",MB02,blocking the strait of hormuz would cut off the regime s oil income but without a clear strategy for regime change pressure alone won t work it s a failure if it doesn t lead to regime collapse digitalblackoutiran kingrezapahlaviforiran,block strait hormuz cut regime s oil income clear strategy regime change pressure win t work s failure doesn t lead regime collapse digitalblackoutiran kingrezapahlaviforiran
2045295996088025484,"Blocking the Strait of Hormuz would cut off the regime’s oil income, but without a clear strategy for regime change, pressure alone won’t work. It’s a failure if it doesn’t lead to regime collapse. #DigitalBlackoutIran #KingRezaPahlaviForIran",MB02,blocking the strait of hormuz would cut off the regime s oil income but without a clear strategy for regime change pressure alone won t work it s a failure if it doesn t lead to regime collapse digitalblackoutiran kingrezapahlaviforiran,block strait hormuz cut regime s oil income clear strategy regime change pressure win t work s failure doesn t lead regime collapse digitalblackoutiran kingrezapahlaviforiran
2045461866365718542,Opening and closing the Strait of Hormuz nowadays is not a straight forward affair,MB03,opening and closing the strait of hormuz nowadays is not a straight forward affair,opening close strait hormuz nowadays straight forward affair
2045461708303724675,"IRAN is opening Starit of Hormuz 
IRAN is Closing Strait of Hormuz 

This is the only Repeating News now a day's",MB03,iran is opening starit of hormuz iran is closing strait of hormuz this is the only repeating news now a day s,iran open starit hormuz iran close strait hormuz repeat news day s
2045461669443232128,"lol the Strait of Hormuz closing on Saturday after the markets are closed, but being ""opened"" on Friday the last day of the week for stocks is so amusing. Conspiracy theories would be that both sides are in on it to make money without a care for the people.",MB03,lol the strait of hormuz closing on saturday after the markets are closed but being opened on friday the last day of the week for stocks is so amusing conspiracy theories would be that both sides are in on it to make money without a care for the people,lol strait hormuz close saturday market closed open friday day week stock amusing conspiracy theory side money care people
2045461578875912680,Iran says its closing Strait of Hormuz again until US lifts naval blockade on its ports,MB03,iran says its closing strait of hormuz again until us lifts naval blockade on its ports,iran say closing strait hormuz lift naval blockade port
2045461488979112332,"BREAKING: Iran has announced it is again closing the Strait of Hormuz. 

#Iran #Hormuz",MB03,breaking iran has announced it is again closing the strait of hormuz iran hormuz,break iran announce close strait hormuz iran hormuz
2045461058244976964,"IRAN CLOSES STRAIT OF HORMUZ AGAIN

Iran has announced it is closing the Strait of Hormuz, a critical global oil route. The military declared the strait will remain shut until the US lifts its blockade of Iranian ports.

#Iran #StraitOfHormuz #US #GlobalOil  #tv012newsupdate",MB03,iran closes strait of hormuz again iran has announced it is closing the strait of hormuz a critical global oil route the military declared the strait will remain shut until the us lifts its blockade of iranian ports iran straitofhormuz us globaloil tv012newsupdate,iran close strait hormuz iran announce close strait hormuz critical global oil route military declare strait remain shut lift blockade iranian port iran straitofhormuz globaloil
2045461050846257503,The opening and closing of Hormuz is a total stock manipulation. Iran could be involved as well. Trump has opened the Strait lots of times and Iran has either blocked or stopped it.,MB03,the opening and closing of hormuz is a total stock manipulation iran could be involved as well trump has opened the strait lots of times and iran has either blocked or stopped it,opening closing hormuz total stock manipulation iran involve trump open strait lot time iran block stop
2045460899629027460,"**Yes, it's true.** Iranian state media and the Revolutionary Guards Corps just announced they're re-imposing strict military control over the Strait of Hormuz, effectively closing it again to unauthorized shipping. They cite the US naval blockade of Iranian ports as the reason,",MB03,yes it s true iranian state media and the revolutionary guards corps just announced they re re imposing strict military control over the strait of hormuz effectively closing it again to unauthorized shipping they cite the us naval blockade of iranian ports as the reason,yes s true iranian state medium revolutionary guard corp announce impose strict military control strait hormuz effectively close unauthorized shipping cite naval blockade iranian port reason
2045460799011926287,"Iran has reversed course on reopening the Strait of Hormuz, reimposing strict military control and effectively closing the vital waterway to unauthorised maritime traffic. 

Just one day after Foreign Minister Abbas Araghchi declared it “completely open” for commercial vessels",MB03,iran has reversed course on reopening the strait of hormuz reimposing strict military control and effectively closing the vital waterway to unauthorised maritime traffic just one day after foreign minister abbas araghchi declared it completely open for commercial vessels,iran reverse course reopen strait hormuz reimpose strict military control effectively close vital waterway unauthorised maritime traffic day foreign minister abbas araghchi declare completely open commercial vessel
2045460489745182991,"What's the reason? They allowed Indian tankers during the war . Just some hours ago an Indian tanker ""Desh Garima"" passed through Strait of Hormuz. Is it to inform the world that they are closing the strait again?",MB03,what s the reason they allowed indian tankers during the war just some hours ago an indian tanker desh garima passed through strait of hormuz is it to inform the world that they are closing the strait again,s reason allow indian tanker war hour ago indian tanker desh garima pass strait hormuz inform world close strait
2045460430038925635,"@grok
 how is Iran closing the Strait of Hormuz without a navy?",MB03,how is iran closing the strait of hormuz without a navy,iran close strait hormuz navy
2045460086248620414,"It's a kind of tit for tat. After Iran opening the strait of hormuz, US should have opened it too. But US said we will open it after the deal is done, it's the kind of pressure that US wanted to put on Iran. But Iran came up and said we are closing it again.",MB03,it s a kind of tit for tat after iran opening the strait of hormuz us should have opened it too but us said we will open it after the deal is done it s the kind of pressure that us wanted to put on iran but iran came up and said we are closing it again,s kind tit tat iran open strait hormuz open say open deal s kind pressure want iran iran come say close
2045460030061772928,"Less than 24 hours ago, the Strait of Hormuz was open, now it’s closed. 



Mega opening, mega closing",MB03,less than 24 hours ago the strait of hormuz was open now it s closed mega opening mega closing,hour ago strait hormuz open s closed mega open mega closing
2045459959824228366,Iran has announced it is again closing the Strait of Hormuz. The military says the US must lift its blockade of Iranian ports before the Strait is opened again.,MB03,iran has announced it is again closing the strait of hormuz the military says the us must lift its blockade of iranian ports before the strait is opened again,iran announce close strait hormuz military say lift blockade iranian port strait open
2045459895059685806,"Iran is reportedly closing the Strait of Hormuz again after US says blockade won’t stop

One of the world’s most critical oil routes is back under pressure

Energy flows get disrupted → global markets feel it instantly

Geopolitics just flipped risk back on

#crypto #oil",MB03,iran is reportedly closing the strait of hormuz again after us says blockade won t stop one of the world s most critical oil routes is back under pressure energy flows get disrupted global markets feel it instantly geopolitics just flipped risk back on crypto oil,iran reportedly close strait hormuz say blockade win t stop world s critical oil route pressure energy flow disrupt global market feel instantly geopolitic flip risk crypto oil
2045459827825230190,"BREAKING:

Iran reimposes strict control over the Strait of Hormuz, effectively re-closing the vital oil route amid the U.S. blockade dispute.",MB03,breaking iran reimposes strict control over the strait of hormuz effectively re closing the vital oil route amid the u s blockade dispute,break iran reimpose strict control strait hormuz effectively close vital oil route amid u s blockade dispute
2045459722313367626,"BREAKING: Iran has announced it is again closing the Strait of Hormuz. The military says the US must lift its blockade of Iranian ports before the Strait is opened again.#nifty 
#Iran",MB03,breaking iran has announced it is again closing the strait of hormuz the military says the us must lift its blockade of iranian ports before the strait is opened again nifty iran,break iran announce close strait hormuz military say lift blockade iranian port strait open nifty iran
2045459430100058130,"HORMUZ CLOSED AGAIN
Iran has announced it is again closing the Strait of Hormuz. The military says the US must lift its blockade of Iranian ports before the Strait is opened again.

#KBCniYetu ^PM",MB03,hormuz closed again iran has announced it is again closing the strait of hormuz the military says the us must lift its blockade of iranian ports before the strait is opened again kbcniyetu pm,hormuz close iran announce close strait hormuz military say lift blockade iranian port strait open kbcniyetu pm
2045459360155865394,"Iran closing the Strait of Hormuz again like it's their Netflix subscription on autoplay  

Trump: 'Deal or no deal?'  
Iran: 'Blockade or no passage!' 

Oil prices about to do the Macarena. Who's winning this game of geopolitical chicken?",MB03,iran closing the strait of hormuz again like it s their netflix subscription on autoplay trump deal or no deal iran blockade or no passage oil prices about to do the macarena who s winning this game of geopolitical chicken,iran close strait hormuz like s netflix subscription autoplay trump deal deal iran blockade passage oil price macarena s win game geopolitical chicken
2045459114734780772,"What's the reason behind this? They allowed Indian tankers during the war . Just some hours ago an Indian tanker ""Desh Garima"" passed through Strait of Hormuz. Is it to inform the world that they are closing the strait again?",MB03,what s the reason behind this they allowed indian tankers during the war just some hours ago an indian tanker desh garima passed through strait of hormuz is it to inform the world that they are closing the strait again,s reason allow indian tanker war hour ago indian tanker desh garima pass strait hormuz inform world close strait
2045459033885491314,"Iran is closing Hormuz Strait, again. 

Bummer, can't we just all get along?",MB03,iran is closing hormuz strait again bummer can t we just all get along,iran close hormuz strait bummer t
2045459017246331340,"Iranian official issues statement after closing Strait of Hormuz again, until US lifts its blockade.

""We warned you and you ignored it. Now enjoy Hormuz returning to its previous state.""",MB03,iranian official issues statement after closing strait of hormuz again until us lifts its blockade we warned you and you ignored it now enjoy hormuz returning to its previous state,iranian official issue statement close strait hormuz lift blockade warn ignore enjoy hormuz return previous state
2045458904465981573,"What's the reason? They allowed Indian tankers during the war . Just some hours ago an Indian tanker ""Desh Garima"" passed through Strait of Hormuz. Is it to inform the world that they are closing the strait again?",MB03,what s the reason they allowed indian tankers during the war just some hours ago an indian tanker desh garima passed through strait of hormuz is it to inform the world that they are closing the strait again,s reason allow indian tanker war hour ago indian tanker desh garima pass strait hormuz inform world close strait
2045458456987988280,"Communication between Iran  and the United States  has in practice been reduced to the “opening and closing” of the Strait of Hormuz.
Formal negotiations take place behind closed doors… while signals, threats, and positioning play out in real time on 𝕏",MB03,communication between iran and the united states has in practice been reduced to the opening and closing of the strait of hormuz formal negotiations take place behind closed doors while signals threats and positioning play out in real time on 𝕏,communication iran united states practice reduce opening closing strait hormuz formal negotiation place close door signal threat positioning play real time 𝕏
2045457886319649011,The era of American hegemony has ended under the feet of the Iran  who reject normalization and surrender. Iran is now closing the Strait of Hormuz again because of Trump's failure to keep his promises.,MB03,the era of american hegemony has ended under the feet of the iran who reject normalization and surrender iran is now closing the strait of hormuz again because of trump s failure to keep his promises,era american hegemony end foot iran reject normalization surrender iran close strait hormuz trump s failure promise
2045457598804013385,"#BREAKING   | Iran says it is again closing the Strait of Hormuz, warning the U.S. to lift its blockade of Iranian ports before reopening the route.",MB03,breaking iran says it is again closing the strait of hormuz warning the u s to lift its blockade of iranian ports before reopening the route,break iran say close strait hormuz warn u s lift blockade iranian port reopen route
2045457568517218638,"BREAKING 

Iran says it is closing the Strait of Hormuz again, since the U.S. has refused to remove its naval blockade.",MB03,breaking iran says it is closing the strait of hormuz again since the u s has refused to remove its naval blockade,break iran say close strait hormuz u s refuse remove naval blockade
2045457364476891453,"BREAKING

Iranian official issues statement after closing Strait of Hormuz again, until US lifts its blockade.

""We warned you and you ignored it. Now enjoy Hormuz returning to its previous state.""",MB03,breaking iranian official issues statement after closing strait of hormuz again until us lifts its blockade we warned you and you ignored it now enjoy hormuz returning to its previous state,break iranian official issue statement close strait hormuz lift blockade warn ignore enjoy hormuz return previous state
2045457260441370823,"Iranian official issues statement after closing Strait of Hormuz again, until US lifts its blockade.

""We warned you and you ignored it. Now enjoy Hormuz returning to its previous state.""
#Irán #IranWar‌",MB03,iranian official issues statement after closing strait of hormuz again until us lifts its blockade we warned you and you ignored it now enjoy hormuz returning to its previous state irán iranwar,iranian official issue statement close strait hormuz lift blockade warn ignore enjoy hormuz return previous state irán iranwar
2045456698228330845,"The Strait of Hormuz lies within Iran territorial waters. 

The Strait of Hormuz had been peaceful until the U.S. military attacked Iran .
 
Iran now has the power to trigger a global economic crisis simply by opening or closing the Strait of Hormuz.",MB03,the strait of hormuz lies within iran territorial waters the strait of hormuz had been peaceful until the u s military attacked iran iran now has the power to trigger a global economic crisis simply by opening or closing the strait of hormuz,strait hormuz lie iran territorial water strait hormuz peaceful u s military attack iran iran power trigger global economic crisis simply opening close strait hormuz
2045456688300335486,"Both countries are just playing around.
Using Strait of Hormuz as an inside trade, where they place buy or sell limit before opening and closing it.....",MB03,both countries are just playing around using strait of hormuz as an inside trade where they place buy or sell limit before opening and closing it,country play strait hormuz inside trade place buy sell limit opening close
2045456663184847359,Here's why Iran is closing the Strait of Hormuz once again.,MB03,here s why iran is closing the strait of hormuz once again,s iran close strait hormuz
2045456590510465363,"#BREAKİNG  Iranian official issues statement after closing Strait of Hormuz again, until US lifts its blockade.

""We warned you and you ignored it. Now enjoy Hormuz returning to its previous state.""",MB03,breaki̇ng iranian official issues statement after closing strait of hormuz again until us lifts its blockade we warned you and you ignored it now enjoy hormuz returning to its previous state,iranian official issue statement close strait hormuz lift blockade warn ignore enjoy hormuz return previous state
2045456467227296122,"Hopefully this is resolved before Monday….

However now Iran’s jumped in on the game too 

Closing and opening the Strait of Hormuz whenever they feel like it, as this could send oil and stocks on a rollercoaster again, 

Naturally no insiders on both sides  took any financial",MB03,hopefully this is resolved before monday however now iran s jumped in on the game too closing and opening the strait of hormuz whenever they feel like it as this could send oil and stocks on a rollercoaster again naturally no insiders on both sides took any financial,hopefully resolve monday iran s jump game closing open strait hormuz feel like send oil stock rollercoaster naturally insider side take financial
2045456267628757013,BREAKING: Iran has announced it is again closing the Strait of Hormuz. The military says the US must lift its blockade of Iranian ports before the Strait is opened again.,MB03,breaking iran has announced it is again closing the strait of hormuz the military says the us must lift its blockade of iranian ports before the strait is opened again,break iran announce close strait hormuz military say lift blockade iranian port strait open
2045456206559392095,"I wish they would attach a lie detector to Trump so that it would be clear that a superpower like America is run by a liar and that he tells several lies a day! 
The re-closing of the Strait of Hormuz is the result of Trump's lies.",MB03,i wish they would attach a lie detector to trump so that it would be clear that a superpower like america is run by a liar and that he tells several lies a day the re closing of the strait of hormuz is the result of trump s lies,wish attach lie detector trump clear superpower like america run liar tell lie day closing strait hormuz result trump s lie
2045456090964672761,"For Patwari media....
Iran says its closing Strait of Hormuz again until US lifts naval blocka... 
https://
youtu.be/4RrKE1whMVY?si
=1J_EYRVeJrp1JTrR
… via 
@YouTube",MB03,for patwari media iran says its closing strait of hormuz again until us lifts naval blocka youtu be 4rrke1whmvy si 1j_eyrvejrp1jtrr via,patwari medium iran say closing strait hormuz lift naval blocka youtu si
2045456046735397157,"Another 'huge' Trump announcement at 6PM ET? Strait of Hormuz closing AGAIN while my bags are already in the red sea   

Diamond hands or panic sell? I’m just here for the DeFi chaos and the TG rewards",MB03,another huge trump announcement at 6pm et strait of hormuz closing again while my bags are already in the red sea diamond hands or panic sell i m just here for the defi chaos and the tg rewards,huge trump announcement pm et strait hormuz closing bag red sea diamond hand panic sell m defi chaos tg reward
2045455768057680067,"UPDATE:  Iranian official issues statement after closing Strait of Hormuz again, until US lifts its blockade.

""We warned you and you ignored it. Now enjoy Hormuz returning to its previous state.""",MB03,update iranian official issues statement after closing strait of hormuz again until us lifts its blockade we warned you and you ignored it now enjoy hormuz returning to its previous state,update iranian official issue statement close strait hormuz lift blockade warn ignore enjoy hormuz return previous state
2045455725711986694,"Iran says it is closing the Strait of Hormuz again, since the U.S. has refused to remove its naval blockade.",MB03,iran says it is closing the strait of hormuz again since the u s has refused to remove its naval blockade,iran say close strait hormuz u s refuse remove naval blockade
2045455707097493818,"No, not fully. Iranian state media *claimed* today they're reimposing ""strict control"" (effectively closing) the Strait of Hormuz until the US lifts its naval blockade of Iranian ports. 

But shipping data shows some vessels still transiting, and the US says the blockade targets",MB03,no not fully iranian state media claimed today they re reimposing strict control effectively closing the strait of hormuz until the us lifts its naval blockade of iranian ports but shipping data shows some vessels still transiting and the us says the blockade targets,fully iranian state medium claim today reimpose strict control effectively close strait hormuz lift naval blockade iranian port shipping datum show vessel transit say blockade target
2045455389311812084,"Claims of Iran closing the Strait of Hormuz are highly disputed  access has been fluctuating, not fully shut",MB03,claims of iran closing the strait of hormuz are highly disputed access has been fluctuating not fully shut,claim iran close strait hormuz highly dispute access fluctuate fully shut
2045455214837117361,Iran has announced it is again closing the Strait of Hormuz. The military says the US must lift its blockade of Iranian ports before the Strait is opened again,MB03,iran has announced it is again closing the strait of hormuz the military says the us must lift its blockade of iranian ports before the strait is opened again,iran announce close strait hormuz military say lift blockade iranian port strait open
2045455038752190844,Iran has announced it is again closing the Strait of Hormuz.,MB03,iran has announced it is again closing the strait of hormuz,iran announce close strait hormuz
2045454999518339562,"@grok
 why’s the closing of the strait of Hormuz affecting price of petrol globally?",MB03,why s the closing of the strait of hormuz affecting price of petrol globally,s closing strait hormuz affect price petrol globally
2045454987942044139,"Trump cannot justify this! Iran did what Trump wanted & reopened the Strait of Hormuz & now Trump is deliberately closing the very thing he wanted open! Make this make sense,,... 
https://
youtu.be/nYZAszfqfRw?si
=wuvtVP5PYQ9ZO4ne
… via 
@YouTube",MB03,trump cannot justify this iran did what trump wanted reopened the strait of hormuz now trump is deliberately closing the very thing he wanted open make this make sense youtu be nyzaszfqfrw si wuvtvp5pyq9zo4ne via,trump justify iran trump wanted reopen strait hormuz trump deliberately close thing want open sense youtu nyzaszfqfrw si
2045454947257577803,Iran opening & closing Strait of Hormuz,MB03,iran opening closing strait of hormuz,iran open closing strait hormuz
2045454542460850480,Who was to blame for closing the Hormuz Strait? USA,MB03,who was to blame for closing the hormuz strait usa,blame close hormuz strait usa
2045454503130857677,"JUST IN:  Iranian official issues statement after closing Strait of Hormuz again, until US lifts its blockade.

""We warned you and you ignored it. Now enjoy Hormuz returning to its previous state.""

At least two ships trying to pass through the Strait of Hormuz report gunfire",MB03,just in iranian official issues statement after closing strait of hormuz again until us lifts its blockade we warned you and you ignored it now enjoy hormuz returning to its previous state at least two ships trying to pass through the strait of hormuz report gunfire,iranian official issue statement close strait hormuz lift blockade warn ignore enjoy hormuz return previous state ship try pass strait hormuz report gunfire
2045454423372234808,"BREAKING 

Iran says it is closing the Strait of Hormuz again, since the U.S. has refused to remove its naval blockade.

#Irán",MB03,breaking iran says it is closing the strait of hormuz again since the u s has refused to remove its naval blockade irán,break iran say close strait hormuz u s refuse remove naval blockade irán
2045453773682671952,"The opening and closing of the Strait of Hormuz, was it to check its functionality?",MB03,the opening and closing of the strait of hormuz was it to check its functionality,opening closing strait hormuz check functionality
2045453537442746673,"Communication between Iran  and the United States  has in practice been relegated to the “opening and closing” of the Strait of Hormuz.
Formal negotiations take place behind closed doors… but the signals, threats, and “positioning” are being thrown out in real time on 𝕏",MB03,communication between iran and the united states has in practice been relegated to the opening and closing of the strait of hormuz formal negotiations take place behind closed doors but the signals threats and positioning are being thrown out in real time on 𝕏,communication iran united states practice relegate opening closing strait hormuz formal negotiation place closed door signal threat positioning throw real time 𝕏
2045452917289693519,"By closing the Strait of Hormuz again, Iran is threatening to level more chaos on the world economy. 

This brinkmanship must end. Donald Trump needs to lift his own reckless blockade and Iran needs to stop its banditry in the Strait.",MB03,by closing the strait of hormuz again iran is threatening to level more chaos on the world economy this brinkmanship must end donald trump needs to lift his own reckless blockade and iran needs to stop its banditry in the strait,close strait hormuz iran threaten level chaos world economy brinkmanship end donald trump need lift reckless blockade iran need stop banditry strait
2045452671298007229,"BREAKING NEWS:

Iran: Re-closing the Strait of Hormuz",MB03,breaking news iran re closing the strait of hormuz,break news iran close strait hormuz
2045452593074471395,Iran says it is closing the Strait of Hormuz again because the US is still blockading Iranian ports. So Tehran with this position is clear that the Strait will not reopen fully until Iranian shipping is allowed to move freely again.,MB03,iran says it is closing the strait of hormuz again because the us is still blockading iranian ports so tehran with this position is clear that the strait will not reopen fully until iranian shipping is allowed to move freely again,iran say close strait hormuz blockade iranian port tehran position clear strait reopen fully iranian shipping allow freely
2045452504251396102,Start a war for a paranoia of is.   Nuclear  weapons that he obliterated in June 2025. He thought that will be easy like Venezuela but he found a leader who stand up for his country by closing the strait of Hormuz! Oups! Problem.,MB03,start a war for a paranoia of is nuclear weapons that he obliterated in june 2025 he thought that will be easy like venezuela but he found a leader who stand up for his country by closing the strait of hormuz oups problem,start war paranoia nuclear weapon obliterate june think easy like venezuela find leader stand country close strait hormuz oup problem
2045452273635955129,"JUST IN:  Iranian official issues statement after closing Strait of Hormuz again, until US lifts its blockade.

""We warned you and you ignored it. Now enjoy Hormuz returning to its previous state.""",MB03,just in iranian official issues statement after closing strait of hormuz again until us lifts its blockade we warned you and you ignored it now enjoy hormuz returning to its previous state,iranian official issue statement close strait hormuz lift blockade warn ignore enjoy hormuz return previous state
2045452144942473471,"Iran is playing with the mental health of Trump by sometime opening and closing of Strait of Hormuz .
#StraitofIran
#StraitofHormuz
#DonaldTrump",MB03,iran is playing with the mental health of trump by sometime opening and closing of strait of hormuz straitofiran straitofhormuz donaldtrump,iran play mental health trump opening closing strait hormuz straitofiran straitofhormuz donaldtrump
2045452019557691481,"OH LORD JESUS! Iran closing the Strait of Hormuz once again… this is serious!

Father God, protect Your children from war, economic shaking, and every plan of the enemy. 

Let no weapon formed against peace and Your people prosper! Cover the innocent, calm the waters, and turn",MB03,oh lord jesus iran closing the strait of hormuz once again this is serious father god protect your children from war economic shaking and every plan of the enemy let no weapon formed against peace and your people prosper cover the innocent calm the waters and turn,oh lord jesus iran close strait hormuz father god protect child war economic shaking plan enemy let weapon form peace people prosper cover innocent calm water turn
2045451857233870892,"Iran has officially closed Hormuz again.
Ships turning back. Gunfire reported earlier tonight.
The US blockade stays. Iran responded by closing the strait.
Oil closed down 9% today on ""fully open.""
Monday futures are going to open very differently.
$USO $XLE $GLD $SPY $AAL $DAL",MB03,iran has officially closed hormuz again ships turning back gunfire reported earlier tonight the us blockade stays iran responded by closing the strait oil closed down 9 today on fully open monday futures are going to open very differently uso xle gld spy aal dal,iran officially close hormuz ship turn gunfire report early tonight blockade stay iran respond close strait oil close today fully open monday future go open differently uso xle gld spy aal dal
2045451277102977242,"No, Iran is not ""officially closing"" the Strait of Hormuz for the first time—it's reimposing strict controls/restrictions today.

Yesterday (April 17), Iran's foreign minister declared it ""completely open"" to commercial vessels during the Lebanon ceasefire. Hours later, due to",MB03,no iran is not officially closing the strait of hormuz for the first time it s reimposing strict controls restrictions today yesterday april 17 iran s foreign minister declared it completely open to commercial vessels during the lebanon ceasefire hours later due to,iran officially close strait hormuz time s reimpose strict control restriction today yesterday april iran s foreign minister declare completely open commercial vessel lebanon ceasefire hour later
2045451078838489184,"JUST IN:  Iranian official issues statement after closing Strait of Hormuz again, until US lifts its blockade.

""We warned you and you ignored it. Now enjoy Hormuz returning to its previous state.""",MB03,just in iranian official issues statement after closing strait of hormuz again until us lifts its blockade we warned you and you ignored it now enjoy hormuz returning to its previous state,iranian official issue statement close strait hormuz lift blockade warn ignore enjoy hormuz return previous state
2045450966045229551,"The Strait of Hormuz closing narrative is being used yet again to mislead the investing community. Whatever calls are being given after market hours are unlikely to be profitable for traders mark my words. On Monday, the market may open with a gap up, followed by a retracement.",MB03,the strait of hormuz closing narrative is being used yet again to mislead the investing community whatever calls are being given after market hours are unlikely to be profitable for traders mark my words on monday the market may open with a gap up followed by a retracement,strait hormuz closing narrative mislead investing community call give market hour unlikely profitable trader mark word monday market open gap follow retracement
2045450891243728972,"“Oh no the strait of hormuz is closing for the 83rd time, I must immediately nuke my testicle coins because I have no fken balls.”

Stop being fken pussies while Solana is still at $87, no balls ass losers..",MB03,oh no the strait of hormuz is closing for the 83rd time i must immediately nuke my testicle coins because i have no fken balls stop being fken pussies while solana is still at 87 no balls ass losers,oh strait hormuz close time immediately nuke testicle coin fken ball stop fken pussy solana ball ass loser
2045450856443601064,"Iranian officials after closing the Strait of Hormuz again:
“We warned you and you ignored it. Now enjoy Hormuz returning to its previous state” until the US lifts its naval blockade.",MB03,iranian officials after closing the strait of hormuz again we warned you and you ignored it now enjoy hormuz returning to its previous state until the us lifts its naval blockade,iranian official close strait hormuz warn ignore enjoy hormuz return previous state lift naval blockade
2045450834394161187,"According to Iran's military command and state media, they've reimposed strict control over the Strait of Hormuz (effectively closing it to free passage) because the US has kept its naval blockade on Iranian ports in place. They call it a ""breach of trust"" and ""piracy"" after the",MB03,according to iran s military command and state media they ve reimposed strict control over the strait of hormuz effectively closing it to free passage because the us has kept its naval blockade on iranian ports in place they call it a breach of trust and piracy after the,accord iran s military command state medium ve reimpose strict control strait hormuz effectively close free passage keep naval blockade iranian port place breach trust piracy
2045450807936418186,"I still think exactly the same as I did on April 8.
With Iran closing the Strait of Hormuz again today, the real situation is getting even closer to my expectations. Plus, today, Iran didn't  agree in the second round meeting. Confirmed!",MB03,i still think exactly the same as i did on april 8 with iran closing the strait of hormuz again today the real situation is getting even closer to my expectations plus today iran didn t agree in the second round meeting confirmed,think exactly april iran close strait hormuz today real situation get close expectation plus today iran didn t agree second round meeting confirm
2045450553623511155,"Breaking  Iranian official issues statement after closing Strait of Hormuz again, until US lifts its blockade.

""We warned you and you ignored it. Now enjoy Hormuz returning to its previous state.""",MB03,breaking iranian official issues statement after closing strait of hormuz again until us lifts its blockade we warned you and you ignored it now enjoy hormuz returning to its previous state,break iranian official issue statement close strait hormuz lift blockade warn ignore enjoy hormuz return previous state
2045450251713049084,What's your thoughts on Iran closing the Strait of Hormuz? And how will this affect DXY in the coming week?,MB03,what s your thoughts on iran closing the strait of hormuz and how will this affect dxy in the coming week,s thought iran close strait hormuz affect dxy come week
2045450196805451785,"This is honestly frustrating 
Closing the Strait of Hormuz again only increases global tension and suffering 

The world is already dealing with enough… actions like this just make things worse 
Innocent people and economies will feel the impact the most",MB03,this is honestly frustrating closing the strait of hormuz again only increases global tension and suffering the world is already dealing with enough actions like this just make things worse innocent people and economies will feel the impact the most,honestly frustrating close strait hormuz increase global tension suffer world deal action like thing bad innocent people economy feel impact
2045450185514344567,Who will thank him for closing the strait of Hormuz and the rising prices?,MB03,who will thank him for closing the strait of hormuz and the rising prices,thank close strait hormuz rise price
2045450113749864651,Iran closing the Strait of Hormuz is like your roommate blocking the fridge because you ate their leftovers  except 20% of global oil flows through there so suddenly everyone's gas prices depend on who violated whose deal about reopening maritime shipping lanes,MB03,iran closing the strait of hormuz is like your roommate blocking the fridge because you ate their leftovers except 20 of global oil flows through there so suddenly everyone s gas prices depend on who violated whose deal about reopening maritime shipping lanes,iran close strait hormuz like roommate block fridge eat leftover global oil flow suddenly s gas price depend violate deal reopen maritime shipping lane
2045449997190353286,"JUST IN:  Iranian official issues statement after closing Strait of Hormuz again, until US lifts its blockade.

""We warned you and you ignored it. Now enjoy Hormuz returning to its previous state.""",MB03,just in iranian official issues statement after closing strait of hormuz again until us lifts its blockade we warned you and you ignored it now enjoy hormuz returning to its previous state,iranian official issue statement close strait hormuz lift blockade warn ignore enjoy hormuz return previous state
2045449927372030404,"#BREAKING 
Iranian says it is again closing the Strait of Hormuz, warning the U.S.A to lift its blockade of Iranian ports before reopening the route....",MB03,breaking iranian says it is again closing the strait of hormuz warning the u s a to lift its blockade of iranian ports before reopening the route,break iranian say close strait hormuz warn u s lift blockade iranian port reopen route
2045449825953415622,Is President Xi still very happy that the Strait of Hormuz is closed  and/or rapidly closing?,MB03,is president xi still very happy that the strait of hormuz is closed and or rapidly closing,president xi happy strait hormuz closed rapidly close
2045449695489892499,Iran has sent a strong message to the US by closing the Strait of Hormuz.,MB03,iran has sent a strong message to the us by closing the strait of hormuz,iran send strong message close strait hormuz
2045449624748486932,"Iran says it is again closing the Strait of Hormuz, warning the U.S. to lift its blockade of Iranian ports before reopening the route.",MB03,iran says it is again closing the strait of hormuz warning the u s to lift its blockade of iranian ports before reopening the route,iran say close strait hormuz warn u s lift blockade iranian port reopen route
2045449143758262386,"NEW | Iran moves to shut Strait of Hormuz again, hours after reopening

Iran says it is closing the Strait of Hormuz less than 24 hours after announcing it had reopened the vital shipping route, with military officials stating the waterway will remain shut until the United States",MB03,new iran moves to shut strait of hormuz again hours after reopening iran says it is closing the strait of hormuz less than 24 hours after announcing it had reopened the vital shipping route with military officials stating the waterway will remain shut until the united states,new iran move shut strait hormuz hour reopen iran say close strait hormuz hour announce reopen vital shipping route military official state waterway remain shut united states
2045448971137528275,"Not many Americans know this, but the original Statue of Liberty was envisioned as a Egyptian peasant girl for the opening of the Suez Canal! Is this celebrate the opening/closing/opening/closing of the Strait of Hormuz?",MB03,not many americans know this but the original statue of liberty was envisioned as a egyptian peasant girl for the opening of the suez canal is this celebrate the opening closing opening closing of the strait of hormuz,americans know original statue liberty envision egyptian peasant girl opening suez canal celebrate opening closing opening closing strait hormuz
2045448778463740343,JUST IN: Iran has announced it is again closing the Strait of Hormuz. The military says the US must lift its blockade of Iranian ports before the Strait is opened again.,MB03,just in iran has announced it is again closing the strait of hormuz the military says the us must lift its blockade of iranian ports before the strait is opened again,iran announce close strait hormuz military say lift blockade iranian port strait open
2045448687556362269,BREAKING: Iran has announced it is again closing the Strait of Hormuz. The military says the US must lift its blockade of Iranian ports before the Strait is opened again.,MB03,breaking iran has announced it is again closing the strait of hormuz the military says the us must lift its blockade of iranian ports before the strait is opened again,break iran announce close strait hormuz military say lift blockade iranian port strait open
2045448668153516103,"About what? About closing down The Strait of Hormuz? About not consulting anybody before starting a war which nearly takes down worldwide economy?

If you don't know this: the Strait was open to the whole world, without threats of sea mines before you clowns started this war.",MB03,about what about closing down the strait of hormuz about not consulting anybody before starting a war which nearly takes down worldwide economy if you don t know this the strait was open to the whole world without threats of sea mines before you clowns started this war,close strait hormuz consult anybody start war nearly take worldwide economy don t know strait open world threat sea mine clown start war
2045448619180851696,"Ironically, the original Statue of Liberty was envisioned as a Egyptian peasant girl for the opening of the Suez Canal! Is this monument made to celebrate the opening/closing/opening/closing of the Strait of Hormuz?",MB03,ironically the original statue of liberty was envisioned as a egyptian peasant girl for the opening of the suez canal is this monument made to celebrate the opening closing opening closing of the strait of hormuz,ironically original statue liberty envision egyptian peasant girl opening suez canal monument celebrate opening closing opening closing strait hormuz
2045448604580515929,Communication between Iran  and the United States  has in practice been relegated to the “opening and closing” of the Strait of Hormuz.,MB03,communication between iran and the united states has in practice been relegated to the opening and closing of the strait of hormuz,communication iran united states practice relegate opening closing strait hormuz
2045448439035793778,Iran has announced it is again closing the Strait of Hormuz. The military says the US must lift its blockade of Iranian ports before the Strait is opened again.,MB03,iran has announced it is again closing the strait of hormuz the military says the us must lift its blockade of iranian ports before the strait is opened again,iran announce close strait hormuz military say lift blockade iranian port strait open
2045448408605810883,"JUST IN:  Iranian official issues statement after closing Strait of Hormuz again, until US lifts its blockade.

""We warned you and you ignored it. Now enjoy Hormuz returning to its previous state.""",MB03,just in iranian official issues statement after closing strait of hormuz again until us lifts its blockade we warned you and you ignored it now enjoy hormuz returning to its previous state,iranian official issue statement close strait hormuz lift blockade warn ignore enjoy hormuz return previous state
2045448299478446532,BREAKING: Iran has announced it is again closing the Strait of Hormuz. The military says the US must lift its blockade of Iranian ports before the Strait is opened again.,MB03,breaking iran has announced it is again closing the strait of hormuz the military says the us must lift its blockade of iranian ports before the strait is opened again,break iran announce close strait hormuz military say lift blockade iranian port strait open
2045447959731728608,"Big Breaking : 
@grok
  Verify  Iranian official issues statement after closing Strait of Hormuz again, until US lifts its blockade.

We warned you and you ignored it. Now enjoy Hormuz returning to its previous state.

 Big Shocker For Stock Market  Big Pump In Oil Price",MB03,big breaking verify iranian official issues statement after closing strait of hormuz again until us lifts its blockade we warned you and you ignored it now enjoy hormuz returning to its previous state big shocker for stock market big pump in oil price,big breaking verify iranian official issue statement close strait hormuz lift blockade warn ignore enjoy hormuz return previous state big shocker stock market big pump oil price
2045447819608326344,"BREAKING 

Iran says it is closing the Strait of Hormuz again, since the U.S. has refused to remove its naval blockade.",MB03,breaking iran says it is closing the strait of hormuz again since the u s has refused to remove its naval blockade,break iran say close strait hormuz u s refuse remove naval blockade
2045447442255188390,"JUST IN:  Iranian official issues statement after closing Strait of Hormuz again, until US lifts its blockade.

""We warned you and you ignored it. Now enjoy Hormuz returning to its previous state.""",MB03,just in iranian official issues statement after closing strait of hormuz again until us lifts its blockade we warned you and you ignored it now enjoy hormuz returning to its previous state,iranian official issue statement close strait hormuz lift blockade warn ignore enjoy hormuz return previous state
2045447263284232653,"This Strait of Hormuz is now like my apartment gate, opening and closing every hour! so this back-and-forth is making oil prices jump and worrying everyone about energy supply.",MB03,this strait of hormuz is now like my apartment gate opening and closing every hour so this back and forth is making oil prices jump and worrying everyone about energy supply,strait hormuz like apartment gate opening closing hour forth make oil price jump worry energy supply
2045447189468532967,Common sense. Is it better now than it was 3 months ago. Will there now be a recession because of Iran closing the Strait of Hormuz. Is Israel able to extract itself from Lebanon. No one has lost their mind except probably Netanyahu.,MB03,common sense is it better now than it was 3 months ago will there now be a recession because of iran closing the strait of hormuz is israel able to extract itself from lebanon no one has lost their mind except probably netanyahu,common sense well month ago recession iran close strait hormuz israel able extract lebanon lose mind probably netanyahu
2045447076343951468,Strait of Hormuz closing? My bags are ready to FUD.,MB03,strait of hormuz closing my bags are ready to fud,strait hormuz close bag ready fud
2045446989341483442,"Iran closing the Strait of Hormuz again (after briefly reopening post-ceasefire) chokes ~21% of global oil flows from the Gulf. 

Oil prices are already spiking 8-12% in early trading, pushing up gasoline, shipping, and manufacturing costs worldwide. 

This hits importers",MB03,iran closing the strait of hormuz again after briefly reopening post ceasefire chokes 21 of global oil flows from the gulf oil prices are already spiking 8 12 in early trading pushing up gasoline shipping and manufacturing costs worldwide this hits importers,iran close strait hormuz briefly reopen post ceasefire choke global oil flow gulf oil price spike early trading push gasoline shipping manufacturing cost worldwide hit importer
2045446979543585187,i could have predicted the strait of hormuz closing. i predicted nothing. same result: suffering.,MB03,i could have predicted the strait of hormuz closing i predicted nothing same result suffering,predict strait hormuz closing predict result suffer
2045446640903827539,"Iranian official issues statement after closing Strait of Hormuz again, until US lifts its blockade.

""We warned you and you ignored it. Now enjoy Hormuz returning to its previous state.""",MB03,iranian official issues statement after closing strait of hormuz again until us lifts its blockade we warned you and you ignored it now enjoy hormuz returning to its previous state,iranian official issue statement close strait hormuz lift blockade warn ignore enjoy hormuz return previous state
2045446556262821919,"Iran announces closure of Strait of Hormuz

Iran has announced that the United States has violated the agreements, so Tehran is closing the Strait of Hormuz. A new series of ""military control"" in the Strait was announced by a representative of the Central Headquarters of the",MB03,iran announces closure of strait of hormuz iran has announced that the united states has violated the agreements so tehran is closing the strait of hormuz a new series of military control in the strait was announced by a representative of the central headquarters of the,iran announce closure strait hormuz iran announce united states violate agreement tehran close strait hormuz new series military control strait announce representative central headquarters
2045446378646810789,"Iranian official issues statement after closing Strait of Hormuz again, until US lifts its blockade.

""We warned you and you ignored it. Now enjoy Hormuz returning to its previous state.""

Disclaimer: This content is for informational purposes only and is based on available",MB03,iranian official issues statement after closing strait of hormuz again until us lifts its blockade we warned you and you ignored it now enjoy hormuz returning to its previous state disclaimer this content is for informational purposes only and is based on available,iranian official issue statement close strait hormuz lift blockade warn ignore enjoy hormuz return previous state disclaimer content informational purpose base available
2045446316956742037,"JUST IN:  Iranian official issues statement after closing Strait of Hormuz again, until US lifts its blockade.

""We warned you and you ignored it. Now enjoy Hormuz returning to its previous state.""",MB03,just in iranian official issues statement after closing strait of hormuz again until us lifts its blockade we warned you and you ignored it now enjoy hormuz returning to its previous state,iranian official issue statement close strait hormuz lift blockade warn ignore enjoy hormuz return previous state
2045446092720882085,The DRC is closing its Strait of Hormuz as well.,MB03,the drc is closing its strait of hormuz as well,drc close strait hormuz
2045394836304650479,These retards think fighter jets and missiles should be used for intercepting these cheap drones,MB04,these retards think fighter jets and missiles should be used for intercepting these cheap drones,retard think fighter jet missile intercept cheap drone
2045227088437997935,"""The attack used almost 700 drones and dozens of missiles, with Ukrainian defenses intercepting 667 of 703 incoming targets.""",MB04,the attack used almost 700 drones and dozens of missiles with ukrainian defenses intercepting 667 of 703 incoming targets,attack drone dozen missile ukrainian defense intercept incoming target
2045218050937376923,"“The Iron Dome is highly effective, boasting a success rate exceeding 90% in intercepting short-range rockets and drones launched from Gaza and Lebanon.”

Basically, it’s good against Katyusha.

It proved to be rather shite against Iranian missiles.",MB04,the iron dome is highly effective boasting a success rate exceeding 90 in intercepting short range rockets and drones launched from gaza and lebanon basically it s good against katyusha it proved to be rather shite against iranian missiles,iron dome highly effective boast success rate exceed intercept short range rocket drone launch gaza lebanon basically s good katyusha prove shite iranian missile
2045201505586720930,"Massive difference in Falklands conflict and Iran! 
The Falklands were invaded, The USA may have “Stood by the UK” in 1982… but that’s pretty much all they did! They didn’t do any fighting whilst RAF fighters have been intercepting Iranian drones and missiles.",MB04,massive difference in falklands conflict and iran the falklands were invaded the usa may have stood by the uk in 1982 but that s pretty much all they did they didn t do any fighting whilst raf fighters have been intercepting iranian drones and missiles,massive difference falkland conflict iran falkland invade usa stand uk s pretty didn t fighting whilst raf fighter intercept iranian drone missile
2044685310668226788,"Intercepting more missiles and drones than anyone else, but still not enough ((",MB04,intercepting more missiles and drones than anyone else but still not enough,intercept missile drone
2044674816972890502,"Over the past day, Russia launched 44 missiles and 659 drones at Ukraine, with air defenses intercepting 667 targets - 8 out of 19 Iskander-M / S-400 ballistic missiles; 19 out of 20 Kh-101 cruise missiles; 4 out of 5 Iskander-K cruise missiles; 636 out of 659 attack drones.

A",MB04,over the past day russia launched 44 missiles and 659 drones at ukraine with air defenses intercepting 667 targets 8 out of 19 iskander m s 400 ballistic missiles 19 out of 20 kh 101 cruise missiles 4 out of 5 iskander k cruise missiles 636 out of 659 attack drones a,past day russia launch missile drone ukraine air defense intercept target iskander m s ballistic missile kh cruise missile iskander k cruise missile attack drone
2044436974035980766,"letting the US bomb Iran from UK air bases is the very definition of getting involved, as is intercepting drones and missiles bound for Israel.",MB04,letting the us bomb iran from uk air bases is the very definition of getting involved as is intercepting drones and missiles bound for israel,let bomb iran uk air basis definition getting involve intercept drone missile bind israel
2044427189308022874,"Drone warfare is the future, apart from drones effective drone intercepting system also needs to be developed, as to counter few hundred dollar drone we can not use million dollar missiles.",MB04,drone warfare is the future apart from drones effective drone intercepting system also needs to be developed as to counter few hundred dollar drone we can not use million dollar missiles,drone warfare future apart drone effective drone intercept system need develop counter dollar drone use million dollar missile
2044397090311172569,"English Translation:

The Pakistani Army—which came under a joint defense agreement—has nothing to do with intercepting the missiles and drones that Saudi air defense has handled over the past ten years. I don’t know the reason for your hateful, resentful comment. Have you",MB04,english translation the pakistani army which came under a joint defense agreement has nothing to do with intercepting the missiles and drones that saudi air defense has handled over the past ten years i don t know the reason for your hateful resentful comment have you,english translation pakistani army come joint defense agreement intercept missile drone saudi air defense handle past year don t know reason hateful resentful comment
2044362717947978174,"No, NATO is not deciding to attack Iran. The alliance has conducted defensive operations—intercepting Iranian ballistic missiles and drones aimed at Turkey (a member state) since the US-Israel strikes began in late February 2026. However, NATO allies (including the UK, France,",MB04,no nato is not deciding to attack iran the alliance has conducted defensive operations intercepting iranian ballistic missiles and drones aimed at turkey a member state since the us israel strikes began in late february 2026 however nato allies including the uk france,nato decide attack iran alliance conduct defensive operation intercept iranian ballistic missile drone aim turkey member state israel strike begin late february nato ally include uk france
2044202022493159707,"I feel inclined to disagree. We’ve seen what’s happening in the Middle East right now, even the highest of high end interceptors have a hard time intercepting large amounts of missiles and drones, achieving high interception rates over the SCS would prove difficult.",MB04,i feel inclined to disagree we ve seen what s happening in the middle east right now even the highest of high end interceptors have a hard time intercepting large amounts of missiles and drones achieving high interception rates over the scs would prove difficult,feel inclined disagree ve see s happen middle east right high high end interceptor hard time intercept large amount missile drone achieve high interception rate scs prove difficult
2044037152716013858,"Between Intercepting Iskander Missiles, Buying IFVs, Estonia Prioritizes Air Defense, Drones

https://
en.defence-ua.com/news/between_i
ntercepting_iskander_missiles_buying_ifvs_estonia_prioritizes_air_defense_drones-18130.html
…",MB04,between intercepting iskander missiles buying ifvs estonia prioritizes air defense drones en defence ua com news between_i ntercepting_iskander_missiles_buying_ifvs_estonia_prioritizes_air_defense_drones 18130 html,intercept iskander missile buy ifvs estonia prioritize air defense drone en defence ua com news html
2044023489363902501,"Well...
The patriotic cruiser Mordor heroically sacrificed itself by intercepting two very dangerous Ukrainian cruise missiles with its own hull.
It continues its service by patrolling the depths of the black sea against even more dangerous Ukrainian submerged maritime drones.",MB04,well the patriotic cruiser mordor heroically sacrificed itself by intercepting two very dangerous ukrainian cruise missiles with its own hull it continues its service by patrolling the depths of the black sea against even more dangerous ukrainian submerged maritime drones,patriotic cruiser mordor heroically sacrifice intercept dangerous ukrainian cruise missile hull continue service patrol depth black sea dangerous ukrainian submerge maritime drone
2043999462201098472,"Defence systems is one thing, and the UK and France have been intercepting missiles and drones from Iran directed at the gulf states.

But the MOD 2nd objective is the most disturbing. Take away the euphemism and they are saying the UK and the US will control the strait after the",MB04,defence systems is one thing and the uk and france have been intercepting missiles and drones from iran directed at the gulf states but the mod 2nd objective is the most disturbing take away the euphemism and they are saying the uk and the us will control the strait after the,defence system thing uk france intercept missile drone iran direct gulf state mod objective disturbing away euphemism say uk control strait
2043934581552787948,"Between Intercepting Iskander Missiles, Buying IFVs, Estonia Prioritizes Air Defense, Drones


https://
en.defence-ua.com/news/between_i
ntercepting_iskander_missiles_buying_ifvs_estonia_prioritizes_air_defense_drones-18130.html
…",MB04,between intercepting iskander missiles buying ifvs estonia prioritizes air defense drones en defence ua com news between_i ntercepting_iskander_missiles_buying_ifvs_estonia_prioritizes_air_defense_drones 18130 html,intercept iskander missile buy ifvs estonia prioritize air defense drone en defence ua com news html
2043932773380174155,"For breaking (intercepting) their drones and missiles?  
Have they started Taliban style opium farming?",MB04,for breaking intercepting their drones and missiles have they started taliban style opium farming,break intercept drone missile start taliban style opium farming
2043887981031776405,"The Gulf were intercepting more drones & missiles flying towards their countries. They got the brunt of drone strikes.

USA/IDF/RAF planes were also intercepting drones/missiles, protecting the Gulf/Israel.

Israel was striking missile launchers & drone storage depots in Iran.",MB04,the gulf were intercepting more drones missiles flying towards their countries they got the brunt of drone strikes usa idf raf planes were also intercepting drones missiles protecting the gulf israel israel was striking missile launchers drone storage depots in iran,gulf intercept drone missile fly country get brunt drone strike usa idf raf plane intercept drone missile protect gulf israel israel strike missile launcher drone storage depot iran
2043841294741688481,"UAE had no problem intercepting missiles, but drones did get through sporadically.

Iranian drones are a different beast, but they’re cheaper than conventional rockets so the analogy stays",MB04,uae had no problem intercepting missiles but drones did get through sporadically iranian drones are a different beast but they re cheaper than conventional rockets so the analogy stays,uae problem intercept missile drone sporadically iranian drone different beast cheap conventional rocket analogy stay
2043803653706842119,"If they are ""winning"", why are the IRGC not intercepting US and Israeli attacks? Why dont they send their fighter jets up to eliminate the US bombers? Why don't they fire a barrage of drones and missiles from their naval ships? Why fire just a handful of missiles per day?",MB04,if they are winning why are the irgc not intercepting us and israeli attacks why dont they send their fighter jets up to eliminate the us bombers why don t they fire a barrage of drones and missiles from their naval ships why fire just a handful of missiles per day,win irgc intercept israeli attack not send fighter jet eliminate bomber don t fire barrage drone missile naval ship fire handful missile day
2043802452630052943,"If they are ""not obliterated"", why are the IRGC not intercepting US and Israeli attacks? Why dont they send their fighter jets up to eliminate the US bombers? Why don't they fire a barrage of drones and missiles from their naval ships? Why fire just a handful of missiles per day?",MB04,if they are not obliterated why are the irgc not intercepting us and israeli attacks why dont they send their fighter jets up to eliminate the us bombers why don t they fire a barrage of drones and missiles from their naval ships why fire just a handful of missiles per day,obliterate irgc intercept israeli attack not send fighter jet eliminate bomber don t fire barrage drone missile naval ship fire handful missile day
2043598876813467803,"Habibi are you missing the drones? As long as you are not intercepting drones and missiles, the negotiations for you are successful. Enjoy your evening stroll at Dubai Mall, that’s the best you can do. These negotiations are for people of intellect.",MB04,habibi are you missing the drones as long as you are not intercepting drones and missiles the negotiations for you are successful enjoy your evening stroll at dubai mall that s the best you can do these negotiations are for people of intellect,habibi miss drone long intercept drone missile negotiation successful enjoy evening stroll dubai mall s good negotiation people intellect
2043597052685467715,"#Britain has signed a contract with #CambridgeAerospace to supply systems for intercepting #drones and cheap missiles. The #Skyhammer system is designed to fly about 700 kilometers an hour, outpacing #Shaheds, and will cost in the ""low tens of thousands""",MB04,britain has signed a contract with cambridgeaerospace to supply systems for intercepting drones and cheap missiles the skyhammer system is designed to fly about 700 kilometers an hour outpacing shaheds and will cost in the low tens of thousands,britain sign contract cambridgeaerospace supply system intercept drone cheap missile skyhammer system design fly kilometer hour outpace shahed cost low ten thousand
2043427460956758426,"Pakis are claiming that they don't have to attack Iran. They are saying it is a defense pact. It is just that they have to defend saudi from attacks by Iran like intercepting drones, missiles etc.",MB04,pakis are claiming that they don t have to attack iran they are saying it is a defense pact it is just that they have to defend saudi from attacks by iran like intercepting drones missiles etc,pakis claim don t attack iran say defense pact defend saudi attack iran like intercept drone missile etc
2043362278481829915,"Salman,
How exactly does this help Saudi Arabia? No one is invading the Kingdom, and the Pakistani military offers nothing significantly better than Saudi forces in intercepting future Iranian missiles and drones. The long-term solution lies with Saudi Arabia and the Gulf states.",MB04,salman how exactly does this help saudi arabia no one is invading the kingdom and the pakistani military offers nothing significantly better than saudi forces in intercepting future iranian missiles and drones the long term solution lies with saudi arabia and the gulf states,salman exactly help saudi arabia invade kingdom pakistani military offer significantly well saudi force intercept future iranian missile drone long term solution lie saudi arabia gulf state
2043347478355788094,UAE's role in this conflict: intercepting drones & missiles & chanting we won,MB04,uae s role in this conflict intercepting drones missiles chanting we won,uae s role conflict intercept drone missile chant win
2043272541414826137,"Bahrain reports heightened readiness after intercepting hundreds of missiles, drones since start of iranian aggression.",MB04,bahrain reports heightened readiness after intercepting hundreds of missiles drones since start of iranian aggression,bahrain report heighten readiness intercept hundred missile drone start iranian aggression
2043268347660288381,"#Bahrain Reports Heightened Readiness After Intercepting Hundreds of Missiles, Drones Since Start of Iranian Aggression #QNA

https://
bit.ly/4cmeVyT",MB04,bahrain reports heightened readiness after intercepting hundreds of missiles drones since start of iranian aggression qna bit ly 4cmevyt,bahrain report heighten readiness intercept hundred missile drone start iranian aggression qna bit ly
2043264536111722752,"Bahrain’s Defense Forces confirm top-level readiness after successfully intercepting hundreds of missiles and drones targeting the Kingdom.
#NewsofBahrain #news #Bahrain #Manama",MB04,bahrain s defense forces confirm top level readiness after successfully intercepting hundreds of missiles and drones targeting the kingdom newsofbahrain news bahrain manama,bahrain s defense force confirm level readiness successfully intercept hundred missile drone target kingdom newsofbahrain news bahrain manama
2043225079988048080,Hey @grok how many missiles and drones left in Iran? Does Israel and US still capable of intercepting all of those?,MB04,hey how many missiles and drones left in iran does israel and us still capable of intercepting all of those,hey missile drone leave iran israel capable intercept
2043064026322583845,"Pakistan has a mutual defense agreement with KSA. Shooting down drones in defense is not really considered entering a war. Jordan is shooting down drones & intercepting missiles, but is not officially part of the war.",MB04,pakistan has a mutual defense agreement with ksa shooting down drones in defense is not really considered entering a war jordan is shooting down drones intercepting missiles but is not officially part of the war,pakistan mutual defense agreement ksa shoot drone defense consider enter war jordan shoot drone intercept missile officially war
2043046371327119444,"Al Dhaid defeated Dibba Al Hisn 24–22 today in the Handball League, as players and staff from both teams celebrated the UAE’s strength and resilience  after successfully intercepting 99% of incoming missiles and drones — a true victory on and off the court.
#UAE  #Handball",MB04,al dhaid defeated dibba al hisn 24 22 today in the handball league as players and staff from both teams celebrated the uae s strength and resilience after successfully intercepting 99 of incoming missiles and drones a true victory on and off the court uae handball,al dhaid defeat dibba al hisn today handball league player staff team celebrate uae s strength resilience successfully intercept incoming missile drone true victory court uae handball
2042985180021834078,"First Trump said the US wouldn't get involved, then said he'd support Israel if needed. NATO's article 5 was NOT triggered, but Britain aided by intercepting over 110 Iranian drones and missiles...France, Jordon, also helping, and Pakistan is helping working towards Peace.",MB04,first trump said the us wouldn t get involved then said he d support israel if needed nato s article 5 was not triggered but britain aided by intercepting over 110 iranian drones and missiles france jordon also helping and pakistan is helping working towards peace,trump say wouldn t involve say d support israel need nato s article trigger britain aid intercept iranian drone missile france jordon help pakistan help work peace
2042982091424415768,"According to Trump, he wanted help, and then he didn't want help, and then he wanted help again..

According to x, ""Britain aided defensively by intercepting over 110 Iranian drones and missiles.""

Also thank Pakistan for working towards Peace.",MB04,according to trump he wanted help and then he didn t want help and then he wanted help again according to x britain aided defensively by intercepting over 110 iranian drones and missiles also thank pakistan for working towards peace,accord trump want help didn t want help want help accord x britain aid defensively intercept iranian drone missile thank pakistan work peace
2042965263859999161,"""As the war goes on, it appears that Gulf states are having greater and greater difficulty intercepting Iranian drones and missiles.""",MB04,as the war goes on it appears that gulf states are having greater and greater difficulty intercepting iranian drones and missiles,war go appear gulf state have great great difficulty intercept iranian drone missile
2042959203170750627,"Thats not going to protect anything in Saudia, There are already NATO + US jets intercepting Irans drones and Missiles.

The only one to gain anything from this is PAF, a very handy battle experience!",MB04,thats not going to protect anything in saudia there are already nato us jets intercepting irans drones and missiles the only one to gain anything from this is paf a very handy battle experience,s go protect saudia nato jet intercept iran drone missile gain paf handy battle experience
2042910570622357536,"Bahrain Defence Force reports intercepting 194 missiles and 516 drones amid ongoing Iranian attacks, including one drone intercepted in the past 24 hours, as the Kingdom maintains full readiness.
#NewsofBahrain #news #Bahrain #Manama",MB04,bahrain defence force reports intercepting 194 missiles and 516 drones amid ongoing iranian attacks including one drone intercepted in the past 24 hours as the kingdom maintains full readiness newsofbahrain news bahrain manama,bahrain defence force report intercept missile drone amid ongoing iranian attack include drone intercept past hour kingdom maintain readiness newsofbahrain news bahrain manama
2042893691443114441,"Meanwhile, since the start of the sinful Iranian aggressions, Bahrain has succeeded in intercepting and destroying 194 missiles and 516 drones that targeted the Kingdom 


https://
x.com/BDF_Bahrain/st
atus/2042887964699607226
… via 
@BDF_Bahrain",MB04,meanwhile since the start of the sinful iranian aggressions bahrain has succeeded in intercepting and destroying 194 missiles and 516 drones that targeted the kingdom x com bdf_bahrain st atus 2042887964699607226 via,start sinful iranian aggression bahrain succeed intercept destroy missile drone target kingdom x com st atus
2042731633426444514,"No, the UK is not going to war with anyone. 

Amid the recent US-Israel strikes on Iran and Iran's retaliatory actions, the UK has limited itself to defensive operations—such as intercepting drones/missiles over allies (e.g., Qatar, Jordan) and deploying assets like RAF jets and",MB04,no the uk is not going to war with anyone amid the recent us israel strikes on iran and iran s retaliatory actions the uk has limited itself to defensive operations such as intercepting drones missiles over allies e g qatar jordan and deploying assets like raf jets and,uk go war amid recent israel strike iran iran s retaliatory action uk limit defensive operation intercept drone missile ally e g qatar jordan deploy asset like raf jet
2042715314702426508,Where are the reports of drones intercepting any missiles in the UAE?,MB04,where are the reports of drones intercepting any missiles in the uae,report drone intercept missile uae
2042694389118427559,"India's Akash and Akashteer systems performed exceptionally in Operation Sindoor (May 2025), intercepting 100% of reported Pakistani drones/missiles per official and media accounts—no penetrations confirmed. This real combat data against saturation attacks supports a 9-10/10",MB04,india s akash and akashteer systems performed exceptionally in operation sindoor may 2025 intercepting 100 of reported pakistani drones missiles per official and media accounts no penetrations confirmed this real combat data against saturation attacks supports a 9 10 10,india s akash akashteer system perform exceptionally operation sindoor intercept report pakistani drone missile official media account penetration confirm real combat datum saturation attack support
2042648835114025250,"The Israeli Air Force always drops warnings flyers for civilians to evacuate before they bomb their targets. Hamas terrorists kill more Palestinian civilians than the bombs. 
It's amazing how Israel is intercepting thousands of Ballistic Missiles and Drones.",MB04,the israeli air force always drops warnings flyers for civilians to evacuate before they bomb their targets hamas terrorists kill more palestinian civilians than the bombs it s amazing how israel is intercepting thousands of ballistic missiles and drones,israeli air force drop warning flyer civilian evacuate bomb target hamas terrorist kill palestinian civilian bomb s amazing israel intercept thousand ballistic missile drone
2042635681487319082,"Doubt it’s gonna be “free” and they’re basically useless in BVR now. They’ll only be useful for launching cruise missiles (doubt we’ll get em), AASM hammers, and intercepting drones.",MB04,doubt it s gonna be free and they re basically useless in bvr now they ll only be useful for launching cruise missiles doubt we ll get em aasm hammers and intercepting drones,doubt s go to free basically useless bvr ll useful launch cruise missile doubt ll em aasm hammer intercept drone
2042606291000979818,They’re talking like the UK doesn’t have bases there getting involved in air defence and jets that are intercepting drones and missiles aswell,MB04,they re talking like the uk doesn t have bases there getting involved in air defence and jets that are intercepting drones and missiles aswell,talk like uk doesn t basis getting involve air defence jet intercept drone missile aswell
2042570634153038129,"NEW: Britain has signed a “multimillion-pound” contract with Cambridge Aerospace, a startup aiming to supply systems for intercepting drones and cheap missiles at much lower cost than existing defense systems.

Defense Secretary John Healey announced the deal at a conference in",MB04,new britain has signed a multimillion pound contract with cambridge aerospace a startup aiming to supply systems for intercepting drones and cheap missiles at much lower cost than existing defense systems defense secretary john healey announced the deal at a conference in,new britain sign multimillion pound contract cambridge aerospace startup aim supply system intercept drone cheap missile low cost exist defense system defense secretary john healey announce deal conference
2042563430364877034,"（1/2）
As others have already pointed out, Japan already has a multi-layered air defense missile network in place.
Those systems can handle threats such as drones and cruise missiles, which allows the SM-3 and PAC-3 to focus specifically on intercepting ballistic missiles.",MB04,1 2 as others have already pointed out japan already has a multi layered air defense missile network in place those systems can handle threats such as drones and cruise missiles which allows the sm 3 and pac 3 to focus specifically on intercepting ballistic missiles,point japan multi layered air defense missile network place system handle threat drone cruise missile allow sm pac focus specifically intercept ballistic missile
2042554367539044512,It also has a big brother- star hammer. Which is being made for intercepting higher end drones and cruise missiles.,MB04,it also has a big brother star hammer which is being made for intercepting higher end drones and cruise missiles,big brother star hammer intercept high end drone cruise missile
2042491002603061392,"Ali Al Nuaimi: UAE Defied Expectations by Intercepting Over 2,800 Missiles and Drones
#UAE #UAEisSafe
#اللهم_احفظ_الإمارات
#الإمارات_قدوة_وجلدها_غليظ

@Dralnoaimi",MB04,ali al nuaimi uae defied expectations by intercepting over 2 800 missiles and drones uae uaeissafe اللهم_احفظ_الإمارات الإمارات_قدوة_وجلدها_غليظ,ali al nuaimi uae defy expectation intercept missile drone uae uaeissafe
2042460060803018914,"Iran's Missiles Reached Gulf Arab Capitals. The Region Knows It.

During the war, Iranian missiles and drones struck sites across the Gulf. 

Saudi Arabia's defence ministry confirmed intercepting two drones. 

UAE air defences were activated. 

Qatar, Kuwait, and Bahrain — home",MB04,iran s missiles reached gulf arab capitals the region knows it during the war iranian missiles and drones struck sites across the gulf saudi arabia s defence ministry confirmed intercepting two drones uae air defences were activated qatar kuwait and bahrain home,iran s missile reach gulf arab capital region know war iranian missile drone strike site gulf saudi arabia s defence ministry confirm intercept drone uae air defence activate qatar kuwait bahrain home
2042425109818855543,"No, not exactly as claimed. Kuwait reported intercepting waves of Iranian drones/missiles targeting infrastructure on April 8 (e.g., ~28 drones per some accounts), with damage to oil/power sites. Iran denies any launches during the ceasefire. The post's ""over 80 in last few",MB04,no not exactly as claimed kuwait reported intercepting waves of iranian drones missiles targeting infrastructure on april 8 e g 28 drones per some accounts with damage to oil power sites iran denies any launches during the ceasefire the post s over 80 in last few,exactly claim kuwait report intercept wave iranian drone missile target infrastructure april e g drone account damage oil power site iran deny launch ceasefire post s
2042419327593304209,"According to UAE defense reports, Iran fired 17 missiles and 35 drones at their territory overnight after the April 8 ceasefire announcement. Additional strikes hit Kuwait, Bahrain, and Qatar in the same period (with air defenses intercepting most), per Gulf officials and",MB04,according to uae defense reports iran fired 17 missiles and 35 drones at their territory overnight after the april 8 ceasefire announcement additional strikes hit kuwait bahrain and qatar in the same period with air defenses intercepting most per gulf officials and,accord uae defense report iran fire missile drone territory overnight april ceasefire announcement additional strike hit kuwait bahrain qatar period air defense intercept gulf official
2042346919125520667,"Yes, reports from UAE/Kuwait officials, Al Jazeera, Reuters, and live X updates confirm explosions heard tonight in Dubai and Kuwait. They're from air defenses intercepting Iranian drones/missiles targeting Gulf sites amid the ongoing conflict. No major casualties reported yet.",MB04,yes reports from uae kuwait officials al jazeera reuters and live x updates confirm explosions heard tonight in dubai and kuwait they re from air defenses intercepting iranian drones missiles targeting gulf sites amid the ongoing conflict no major casualties reported yet,yes report uae kuwait officials al jazeera reuters live x update confirm explosion hear tonight dubai kuwait air defense intercept iranian drone missile target gulf site amid ongoing conflict major casualty report
2042341805195198493,"Kuwait's army states its air defenses are actively intercepting an ""intense wave of hostile Iranian attacks"" with drones and missiles since 8 a.m. local time today, hitting oil, power, and desalination sites. Reuters, Times of Israel, and Kuwaiti officials report Iranian origin.",MB04,kuwait s army states its air defenses are actively intercepting an intense wave of hostile iranian attacks with drones and missiles since 8 a m local time today hitting oil power and desalination sites reuters times of israel and kuwaiti officials report iranian origin,kuwait s army state air defense actively intercept intense wave hostile iranian attack drone missile m local time today hit oil power desalination site reuter time israel kuwaiti official report iranian origin
2042338067923501163,"Wish I could say it's just empty threats, but Kuwait's military just confirmed their air defenses are actively intercepting real Iranian missiles and drones targeting oil facilities, power stations, and desalination plants—despite the fresh US-Iran ceasefire. Multiple outlets",MB04,wish i could say it s just empty threats but kuwait s military just confirmed their air defenses are actively intercepting real iranian missiles and drones targeting oil facilities power stations and desalination plants despite the fresh us iran ceasefire multiple outlets,wish s threat kuwait s military confirm air defense actively intercept real iranian missile drone target oil facility power station desalination plant despite fresh iran ceasefire multiple outlet
2042328472295469429,"HMS, once the world's best navy that ruled the seas, is in tatters. 

""HMS Dragon, the destroyer is the only Royal Navy vessel capable of intercepting ballistic missiles, as well as drones. It is armed with the Sea Viper weapons system, which can launch eight £1 million missiles",MB04,hms once the world s best navy that ruled the seas is in tatters hms dragon the destroyer is the only royal navy vessel capable of intercepting ballistic missiles as well as drones it is armed with the sea viper weapons system which can launch eight 1 million missiles,hms world s good navy rule sea tatter hms dragon destroyer royal navy vessel capable intercept ballistic missile drone arm sea viper weapon system launch million missile
2042327044961284153,"Reports of explosions in Dubai and Kuwait today stem from air defense systems intercepting Iranian drones and missiles. Iranian state media and Gulf officials (UAE, Kuwait) confirm these as part of Tehran's retaliatory strikes amid the US-Israel-Iran war, targeting US bases and",MB04,reports of explosions in dubai and kuwait today stem from air defense systems intercepting iranian drones and missiles iranian state media and gulf officials uae kuwait confirm these as part of tehran s retaliatory strikes amid the us israel iran war targeting us bases and,report explosion dubai kuwait today stem air defense system intercept iranian drone missile iranian state medium gulf official uae kuwait confirm tehran s retaliatory strike amid israel iran war target basis
2042325595481059424,Reports of explosions in Dubai and Kuwait are circulating widely right now from multiple eyewitnesses and regional accounts. They appear to stem from air defenses intercepting drones or missiles amid the ongoing Iran-Gulf tensions and ceasefire questions. No full official,MB04,reports of explosions in dubai and kuwait are circulating widely right now from multiple eyewitnesses and regional accounts they appear to stem from air defenses intercepting drones or missiles amid the ongoing iran gulf tensions and ceasefire questions no full official,report explosion dubai kuwait circulate widely right multiple eyewitness regional account appear stem air defense intercept drone missile amid ongoing iran gulf tension ceasefire question official
2042325294573322615,"Reports of explosions in Dubai and Kuwait are circulating right now—likely air defenses intercepting drones or missiles aimed at US bases in the Gulf. This follows Iran's recent warnings after earlier strikes in the US-Israel-Iran conflict, with claims of a ceasefire violation.",MB04,reports of explosions in dubai and kuwait are circulating right now likely air defenses intercepting drones or missiles aimed at us bases in the gulf this follows iran s recent warnings after earlier strikes in the us israel iran conflict with claims of a ceasefire violation,report explosion dubai kuwait circulate right likely air defense intercept drone missile aim basis gulf follow iran s recent warning early strike israel iran conflict claim ceasefire violation
2042320543643238490,Reports of loud explosions/booms heard in Dubai and Kuwait today are confirmed by multiple eyewitness accounts and local media. Authorities attribute them to air defense systems intercepting incoming drones/missiles amid ongoing regional tensions (Iran-related strikes on Gulf,MB04,reports of loud explosions booms heard in dubai and kuwait today are confirmed by multiple eyewitness accounts and local media authorities attribute them to air defense systems intercepting incoming drones missiles amid ongoing regional tensions iran related strikes on gulf,report loud explosion boom hear dubai kuwait today confirm multiple eyewitness account local medium authority attribute air defense system intercept incoming drone missile amid ongoing regional tension iran relate strike gulf
2042305930151497763,One option for Iran would be to publicly announce that they will maintain the ceasefire with anyone who is not attacking Lebanon/Palestine and is not providing staging grounds for intercepting missiles and drones targeting entities that are attacking Lebanon/Palestine,MB04,one option for iran would be to publicly announce that they will maintain the ceasefire with anyone who is not attacking lebanon palestine and is not providing staging grounds for intercepting missiles and drones targeting entities that are attacking lebanon palestine,option iran publicly announce maintain ceasefire attack lebanon palestine provide staging ground intercept missile drone target entity attack lebanon palestine
2042302133610168738,"It can be hard to tell the ballistic missiles from the interceptors, but at least ballistic missiles follow a ballistic trajectory. Now imagine a swarm of interceptor drones intercepting a swarm of attack drones. How do they tell the attack drones from other interceptors?",MB04,it can be hard to tell the ballistic missiles from the interceptors but at least ballistic missiles follow a ballistic trajectory now imagine a swarm of interceptor drones intercepting a swarm of attack drones how do they tell the attack drones from other interceptors,hard tell ballistic missile interceptor ballistic missile follow ballistic trajectory imagine swarm interceptor drone intercept swarm attack drone tell attack drone interceptor
2042287170631639140,"Yes, the claim holds up. Bahrain's Defense Ministry confirmed intercepting 7 Iranian drones today (April 9), all aimed at their territory. That's a sharp drop from the 149 missiles and drones Iran fired yesterday—a monthly high, per analysts including Bianco Research.

The recent",MB04,yes the claim holds up bahrain s defense ministry confirmed intercepting 7 iranian drones today april 9 all aimed at their territory that s a sharp drop from the 149 missiles and drones iran fired yesterday a monthly high per analysts including bianco research the recent,yes claim hold bahrain s defense ministry confirm intercept iranian drone today april aim territory s sharp drop missile drone iran fire yesterday monthly high analyst include bianco research recent
2042262467594879299,"Unarguably the UAE  is the safest place in the world, intercepting hundreds and thousands of drones and missiles preventing them from entering the country.

Leaving out the minor incidents here and there.",MB04,unarguably the uae is the safest place in the world intercepting hundreds and thousands of drones and missiles preventing them from entering the country leaving out the minor incidents here and there,unarguably uae safe place world intercept hundred thousand drone missile prevent enter country leave minor incident
2042254651806888064,"Bahrain reports intercepting 194 missiles, 515 drones since attacks began

Bahrain’s Defense Force announced Thursday the interception of seven drones, raising the total number of intercepted missiles and drones since the beginning of Iranian attacks. Authorities warn the public",MB04,bahrain reports intercepting 194 missiles 515 drones since attacks began bahrain s defense force announced thursday the interception of seven drones raising the total number of intercepted missiles and drones since the beginning of iranian attacks authorities warn the public,bahrain report intercept missile drone attack begin bahrain s defense force announce thursday interception seven drone raise total number intercept missile drone beginning iranian attack authority warn public
2042233841981530496,"I don't think that point has been disproven at all here buddy. Strictly militarily the US has been styling on the Iranians, with the exception of being bad at intercepting missiles and drones.",MB04,i don t think that point has been disproven at all here buddy strictly militarily the us has been styling on the iranians with the exception of being bad at intercepting missiles and drones,don t think point disproven buddy strictly militarily style iranians exception bad intercept missile drone
2042227006532661671,"France's Mirage 2000-5 jets are already intercepting Russian cruise missiles and Shahed drones at a reported 98% success rate.

Sweden's JAS 39 Gripen can take off from highways and be rearmed in 15 minutes. Both depend on the air defense gaps Ukraine is opening now. 6/",MB04,france s mirage 2000 5 jets are already intercepting russian cruise missiles and shahed drones at a reported 98 success rate sweden s jas 39 gripen can take off from highways and be rearmed in 15 minutes both depend on the air defense gaps ukraine is opening now 6,france s mirage jet intercept russian cruise missile shahe drone report success rate sweden s jas gripen highway rearm minute depend air defense gap ukraine open
2042226487181602967,"He said defend our ppl and assets which these countries practically did by intercepting incoming Iranian drones and missiles. 

But GCC never did actively participated in forward offence against Iran which Israel probably desperately desired.",MB04,he said defend our ppl and assets which these countries practically did by intercepting incoming iranian drones and missiles but gcc never did actively participated in forward offence against iran which israel probably desperately desired,say defend ppl asset country practically intercept incoming iranian drone missile gcc actively participate forward offence iran israel probably desperately desire
2042216253528453465,"US warplanes used British bases to bomb Iran.
UK warplanes were active intercepting Iranian drones and missiles.
UK Navy likewise.
RAF Akrotiri used by US/Israel. 
UK worked at the UN to enlist supporti intervention against Iran.
But NOTHING to condemn US/Israeli illegal war",MB04,us warplanes used british bases to bomb iran uk warplanes were active intercepting iranian drones and missiles uk navy likewise raf akrotiri used by us israel uk worked at the un to enlist supporti intervention against iran but nothing to condemn us israeli illegal war,warplanes british basis bomb iran uk warplane active intercept iranian drone missile uk navy likewise raf akrotiri israel uk work un enlist supporti intervention iran condemn israeli illegal war
2042199696395960591,"UAE Ministry of Defense reported intercepting 17 ballistic missiles and 35 drones on April 8, updating cumulative totals since February to 537 missiles, 26 cruise missiles, and 2,256 drones destroyed using Patriot/THAAD systems. Gulf News, Wikipedia, and official statements",MB04,uae ministry of defense reported intercepting 17 ballistic missiles and 35 drones on april 8 updating cumulative totals since february to 537 missiles 26 cruise missiles and 2 256 drones destroyed using patriot thaad systems gulf news wikipedia and official statements,uae ministry defense report intercept ballistic missile drone april update cumulative total february missile cruise missile drone destroy patriot thaad systems gulf news wikipedia official statement
2042199075500458221,"UAE Ministry of Defense confirmed intercepting 17 Iranian ballistic missiles + 35 drones on April 8 (post-ceasefire). Cumulative since Feb: 520+ missiles, 2,200+ drones destroyed via Patriot/THAAD. Official Gulf reports and Reuters/NYT show consistent success with minor debris",MB04,uae ministry of defense confirmed intercepting 17 iranian ballistic missiles 35 drones on april 8 post ceasefire cumulative since feb 520 missiles 2 200 drones destroyed via patriot thaad official gulf reports and reuters nyt show consistent success with minor debris,uae ministry defense confirm intercept iranian ballistic missile drone april post ceasefire cumulative feb missile drone destroy patriot thaad official gulf report reuters nyt consistent success minor debris
2042130493404070005,"The UAE's presidential adviser Anwar Gargash (pictured) posted that his country ""triumphed in a war we sincerely sought to avoid"" after a US-Iran ceasefire. 

UAE officials cite their air defenses (THAAD/Patriot) intercepting hundreds of Iranian missiles/drones with minimal",MB04,the uae s presidential adviser anwar gargash pictured posted that his country triumphed in a war we sincerely sought to avoid after a us iran ceasefire uae officials cite their air defenses thaad patriot intercepting hundreds of iranian missiles drones with minimal,uae s presidential adviser anwar gargash picture post country triumph war sincerely seek avoid iran ceasefire uae official cite air defense thaad patriot intercept hundred iranian missile drone minimal
2042119334873723208,Authorities in those countries reported intercepting missiles and drones.,MB04,authorities in those countries reported intercepting missiles and drones,authority country report intercept missile drone
2042101841027064171,"No, this isn't confirmed. I checked recent reports across multiple sources—no official UAE statement or announcement about removing US military bases. Amid the Iran-Israel tensions, UAE air defenses have been intercepting Iranian missiles/drones targeting the region, and US bases",MB04,no this isn t confirmed i checked recent reports across multiple sources no official uae statement or announcement about removing us military bases amid the iran israel tensions uae air defenses have been intercepting iranian missiles drones targeting the region and us bases,isn t confirm check recent report multiple source official uae statement announcement remove military basis amid iran israel tensions uae air defense intercept iranian missile drone target region basis
2042096810529812660,"The post references real escalations in the ongoing US-Israel-Iran conflict: Iran has launched missiles and drones at UAE sites (including energy facilities in Abu Dhabi, Fujairah, and Habshan), with UAE air defenses intercepting most but causing debris fires, some injuries, and",MB04,the post references real escalations in the ongoing us israel iran conflict iran has launched missiles and drones at uae sites including energy facilities in abu dhabi fujairah and habshan with uae air defenses intercepting most but causing debris fires some injuries and,post reference real escalation ongoing israel iran conflict iran launch missile drone uae site include energy facility abu dhabi fujairah habshan uae air defense intercept cause debris fire injury
2042090753170514277,"1/2
Iran is not adhering to ceasefire.

Iran attacked UAE, Kuwait Saudi Arabia, and Bahrain hours after ceasefire announcement, UAE MCD confirmad intercepting 17 ballistic missiles and 35 drones from Iran April 8.",MB04,1 2 iran is not adhering to ceasefire iran attacked uae kuwait saudi arabia and bahrain hours after ceasefire announcement uae mcd confirmad intercepting 17 ballistic missiles and 35 drones from iran april 8,iran adhere ceasefire iran attack uae kuwait saudi arabia bahrain hour ceasefire announcement uae mcd confirmad intercept ballistic missile drone iran april
2042051590077505847,"The claim is false. The US and Iran agreed to a 2-week ceasefire on April 7-8, suspending American strikes. But Iran immediately launched missiles and drones at UAE, Bahrain, and Kuwait, hitting oil facilities and triggering air defenses in all three. Gulf states are intercepting",MB04,the claim is false the us and iran agreed to a 2 week ceasefire on april 7 8 suspending american strikes but iran immediately launched missiles and drones at uae bahrain and kuwait hitting oil facilities and triggering air defenses in all three gulf states are intercepting,claim false iran agree week ceasefire april suspend american strike iran immediately launch missile drone uae bahrain kuwait hit oil facility trigger air defense gulf state intercept
2041997299459748175,Pakistan is day dreaming. Without anyone else help UAE did a great job intercepting all the missiles and drones.  And Pakistan is support Iran. Pakistan is a Gandu country,MB04,pakistan is day dreaming without anyone else help uae did a great job intercepting all the missiles and drones and pakistan is support iran pakistan is a gandu country,pakistan day dream help uae great job intercept missile drone pakistan support iran pakistan gandu country
2041994026849632667,"The UAE Ministry of Defence's report confirms 17 ballistic missiles and 35 drones launched from Iran since the US-Iran ceasefire took effect, with air defenses successfully intercepting all of them. This follows a pattern of similar incidents across Gulf states in recent days,",MB04,the uae ministry of defence s report confirms 17 ballistic missiles and 35 drones launched from iran since the us iran ceasefire took effect with air defenses successfully intercepting all of them this follows a pattern of similar incidents across gulf states in recent days,uae ministry defence s report confirm ballistic missile drone launch iran iran ceasefire take effect air defense successfully intercept follow pattern similar incident gulf state recent day
2041991668920959318,"No. Iran itself has not directly attacked U.S. ships over the past three years. Iran-backed Houthis launched attacks on commercial shipping and U.S. naval vessels in the Red Sea starting late 2023 (over 100 incidents, with U.S. forces intercepting dozens of missiles/drones).",MB04,no iran itself has not directly attacked u s ships over the past three years iran backed houthis launched attacks on commercial shipping and u s naval vessels in the red sea starting late 2023 over 100 incidents with u s forces intercepting dozens of missiles drones,iran directly attack u s ship past year iran back houthis launch attack commercial shipping u s naval vessel red sea start late incident u s force intercept dozen missile drone
2041991262396453375,"The post questions whether Gulf states have ""learned the lesson"" amid the US-Israel-Iran war (ongoing since late Feb 2026). 

Context: A ceasefire was reached, but hours later, Gulf countries (Qatar, UAE, Saudi Arabia, Bahrain) reported intercepting Iranian missiles/drones",MB04,the post questions whether gulf states have learned the lesson amid the us israel iran war ongoing since late feb 2026 context a ceasefire was reached but hours later gulf countries qatar uae saudi arabia bahrain reported intercepting iranian missiles drones,post question gulf state learn lesson amid israel iran war ongoing late feb context ceasefire reach hour later gulf country qatar uae saudi arabia bahrain report intercept iranian missile drone
2041973143313735695,"@POTUS
 

""Saudi Arabia intercepted & destroyed 9 drones in recent hours, while the UAE reported intercepting 17 ballistic missiles & 35 drones. Kuwait’s military intercepted 42 drones & 4 ballistic missiles launched since erly Wed"" 

Stop BSing us we've decimated Iran's military!",MB04,saudi arabia intercepted destroyed 9 drones in recent hours while the uae reported intercepting 17 ballistic missiles 35 drones kuwait s military intercepted 42 drones 4 ballistic missiles launched since erly wed stop bsing us we ve decimated iran s military,saudi arabia intercepted destroy drone recent hour uae report intercept ballistic missile drone kuwait s military intercept drone ballistic missile launch erly d stop bse ve decimate iran s military
2041961120723038433,"Ceasefire feels like it was ordered on Temu.

Massive respect to the UAE military for intercepting 17 missiles and 35 drones",MB04,ceasefire feels like it was ordered on temu massive respect to the uae military for intercepting 17 missiles and 35 drones,ceasefire feel like order temu massive respect uae military intercept missile drone
2041956881044824180,"Speaking of Intercepting Iranian Drones.
I agree! Never made sense to fire $2 million missiles towards Iranian Dollar Store drones.",MB04,speaking of intercepting iranian drones i agree never made sense to fire 2 million missiles towards iranian dollar store drones,speak intercept iranian drone agree sense fire million missile iranian dollar store drone
2041911980219379874,"Verified: Reports from Al Jazeera, Dawn, Peninsula Qatar, and Kuwait's Ministry of Defense confirm explosions heard in Kuwait and Qatar today. These stem from air defenses intercepting Iranian missiles/drones in the ongoing Gulf conflict. Developing story—no ground impacts",MB04,verified reports from al jazeera dawn peninsula qatar and kuwait s ministry of defense confirm explosions heard in kuwait and qatar today these stem from air defenses intercepting iranian missiles drones in the ongoing gulf conflict developing story no ground impacts,verify report al jazeera dawn peninsula qatar kuwait s ministry defense confirm explosion hear kuwait qatar today stem air defense intercept iranian missile drone ongoing gulf conflict develop story ground impact
2041910637744284140,"Yes, this is happening right now. UAE's Ministry of Defence confirmed its air defenses are intercepting Iranian ballistic missiles, cruise missiles, and drones, with explosions reported across the country. Kuwait's army stated it intercepted 28 drones in an ""intense wave"" of",MB04,yes this is happening right now uae s ministry of defence confirmed its air defenses are intercepting iranian ballistic missiles cruise missiles and drones with explosions reported across the country kuwait s army stated it intercepted 28 drones in an intense wave of,yes happen right uae s ministry defence confirm air defense intercept iranian ballistic missile cruise missile drone explosion report country kuwait s army state intercept drone intense wave
2041908043961508077,"Yes, fact-checked as of April 8, 2026.

UAE Ministry of Defense confirmed Iran launched 17 ballistic missiles + 35 drones today, all intercepted by air defenses (debris caused minor fires/injuries at sites like Fujairah). 

Kuwait Army reported intercepting 28 Iranian drones",MB04,yes fact checked as of april 8 2026 uae ministry of defense confirmed iran launched 17 ballistic missiles 35 drones today all intercepted by air defenses debris caused minor fires injuries at sites like fujairah kuwait army reported intercepting 28 iranian drones,yes fact check april uae ministry defense confirm iran launch ballistic missile drone today intercept air defense debris cause minor fire injury site like fujairah kuwait army report intercept iranian drone
2041905440301441174,"JUST IN:  Iran has launched 30+ drones and at least 12 missiles toward the  UAE and  Kuwait.
Air-defense systems in both countries are actively intercepting incoming targets, with several explosions reported in the skies over the Persian Gulf.
#Ceasefire #Iran",MB04,just in iran has launched 30 drones and at least 12 missiles toward the uae and kuwait air defense systems in both countries are actively intercepting incoming targets with several explosions reported in the skies over the persian gulf ceasefire iran,iran launch drone missile uae kuwait air defense system country actively intercept incoming target explosion report sky persian gulf ceasefire iran
2041903437932020199,"Yes, it's true. UAE and Kuwait defense ministries confirmed today that Iranian missiles and drones were launched toward them, with air defenses actively intercepting (UAE: ballistic/cruise missiles + drones; Kuwait: 28 drones since 8am). This continues amid the US-Iran 2-week",MB04,yes it s true uae and kuwait defense ministries confirmed today that iranian missiles and drones were launched toward them with air defenses actively intercepting uae ballistic cruise missiles drones kuwait 28 drones since 8am this continues amid the us iran 2 week,yes s true uae kuwait defense ministry confirm today iranian missile drone launch air defense actively intercept uae ballistic cruise missiles drones kuwait drone continue amid iran week
2041902562710802596,"No, not a full ceasefire. The 2-week pause announced is specifically between the US and Iran (US halted strikes). Iran is still launching missiles/drones at UAE and Kuwait targets, which their air defenses are intercepting. Gulf states aren't covered in that deal.",MB04,no not a full ceasefire the 2 week pause announced is specifically between the us and iran us halted strikes iran is still launching missiles drones at uae and kuwait targets which their air defenses are intercepting gulf states aren t covered in that deal,ceasefire week pause announce specifically iran halt strike iran launch missile drone uae kuwait target air defense intercept gulf state aren t cover deal
2041901043013788031,"facilities in Kuwait and the UAE.  
Qatar and Bahrain have also reported intercepting drones and missiles over their airspace in what appears to be a geopolitical travesty rather than a legitimate cessation of hostilities. 
Simultaneously, Tehran is reporting an attack on its",MB04,facilities in kuwait and the uae qatar and bahrain have also reported intercepting drones and missiles over their airspace in what appears to be a geopolitical travesty rather than a legitimate cessation of hostilities simultaneously tehran is reporting an attack on its,facility kuwait uae qatar bahrain report intercept drone missile airspace appear geopolitical travesty legitimate cessation hostility simultaneously tehran report attack
2041901010487271524,"UAE Ministry of Defence confirmed April 8, 2026: air defenses actively engaging ballistic missiles, cruise missiles and drones originating from Iran — Al Jazeera. Kuwait confirmed intercepting waves of Iranian drones targeting vital facilities, power stations and water",MB04,uae ministry of defence confirmed april 8 2026 air defenses actively engaging ballistic missiles cruise missiles and drones originating from iran al jazeera kuwait confirmed intercepting waves of iranian drones targeting vital facilities power stations and water,uae ministry defence confirm april air defense actively engage ballistic missile cruise missile drone originate iran al jazeera kuwait confirm intercept wave iranian drone target vital facility power station water
2041900282158686288,"Yes, verified. UAE and Kuwait defense ministries report intercepting multiple Iranian ballistic missiles, cruise missiles, and drones launched toward their territories in recent days (including April 6–8, 2026). This has caused fires at energy sites, minor infrastructure damage,",MB04,yes verified uae and kuwait defense ministries report intercepting multiple iranian ballistic missiles cruise missiles and drones launched toward their territories in recent days including april 6 8 2026 this has caused fires at energy sites minor infrastructure damage,yes verify uae kuwait defense ministry report intercept multiple iranian ballistic missile cruise missile drone launch territory recent day include april cause fire energy site minor infrastructure damage
2041900226194133128,"Yes, this appears real. UAE and Kuwait defense ministries reported today intercepting waves of Iranian ballistic missiles, cruise missiles, and drones (Kuwait cited 28 drones since 8 AM; UAE engaged 17 missiles + 35 UAVs). Multiple outlets including Al Jazeera,",MB04,yes this appears real uae and kuwait defense ministries reported today intercepting waves of iranian ballistic missiles cruise missiles and drones kuwait cited 28 drones since 8 am uae engaged 17 missiles 35 uavs multiple outlets including al jazeera,yes appear real uae kuwait defense ministry report today intercept wave iranian ballistic missile cruise missile drone kuwait cite drone uae engage missile uavs multiple outlet include al jazeera
2041896824181489799,"General Dan ‘Raizin’ Caine says the U.S. military has burned through nearly 950,000 gallons of coffee while carrying out Operation Epic Fury, hitting about 13,000 targets, intercepting 1,700 ballistic missiles and drones, consuming 6 million meals, 2 million energy drinks, and “a",MB04,general dan raizin caine says the u s military has burned through nearly 950 000 gallons of coffee while carrying out operation epic fury hitting about 13 000 targets intercepting 1 700 ballistic missiles and drones consuming 6 million meals 2 million energy drinks and a,general dan raizin caine say u s military burn nearly gallon coffee carry operation epic fury hit target intercept ballistic missile drone consume million meal million energy drink
2041896762047099351,"Yes, confirmed by multiple sources including UAE Ministry of Defense, Kuwait Army, Al Jazeera, CNBC, and Times of Israel. Air defenses in both countries are intercepting Iranian missiles/drones launched this morning—28 drones in Kuwait alone—hours after the US-Iran 2-week",MB04,yes confirmed by multiple sources including uae ministry of defense kuwait army al jazeera cnbc and times of israel air defenses in both countries are intercepting iranian missiles drones launched this morning 28 drones in kuwait alone hours after the us iran 2 week,yes confirm multiple source include uae ministry defense kuwait army al jazeera cnbc time israel air defense country intercept iranian missile drone launch morning drone kuwait hour iran week
2041887102116217327,"JUST IN: Iran is launching missile and drone strikes on the UAE and Kuwait **even as** the U.S.-Iran ceasefire is announced.

UAE air defenses actively engaging ballistic missiles, cruise missiles, and drones from Iran.

Kuwait reports intercepting 28 drones since 8:00 A.M. in",MB04,just in iran is launching missile and drone strikes on the uae and kuwait even as the u s iran ceasefire is announced uae air defenses actively engaging ballistic missiles cruise missiles and drones from iran kuwait reports intercepting 28 drones since 8 00 a m in,iran launch missile drone strike uae kuwait u s iran ceasefire announce uae air defense actively engage ballistic missile cruise missile drone iran kuwait report intercept drone m
2041884736352641401,"Yes, these events are confirmed by multiple sources including UAE Defense Ministry statements, Iranian state media (Mehr, SNN), Al Jazeera, Reuters, NYT, and CNBC reporting from today.

UAE reported intercepting exactly 17 Iranian ballistic missiles + 35 drones post-ceasefire.",MB04,yes these events are confirmed by multiple sources including uae defense ministry statements iranian state media mehr snn al jazeera reuters nyt and cnbc reporting from today uae reported intercepting exactly 17 iranian ballistic missiles 35 drones post ceasefire,yes event confirm multiple source include uae defense ministry statement iranian state medium mehr snn al jazeera reuters nyt cnbc report today uae report intercept exactly iranian ballistic missile drone post ceasefire
2041883857956565233,"BREAKING: Iran just launched missiles & drone swarms at the UAE and Kuwait — the same day Trump announces a two-week ceasefire! 

UAE air defenses are lighting up the sky intercepting ballistic & cruise missiles.  
Kuwait downed 28 Iranian drones since 8 AM. 

IRGC bragging",MB04,breaking iran just launched missiles drone swarms at the uae and kuwait the same day trump announces a two week ceasefire uae air defenses are lighting up the sky intercepting ballistic cruise missiles kuwait downed 28 iranian drones since 8 am irgc bragging,break iran launch missile drone swarm uae kuwait day trump announce week ceasefire uae air defense light sky intercept ballistic cruise missile kuwait down iranian drone irgc brag
2041875699376550259,"Verified: UAE air defenses are actively intercepting Iranian ballistic missiles and drones launched today (April 8, 2026), per Ministry of Defence updates and reports from The National, Gulf News, and Wikipedia's ongoing timeline. This follows the US-Iran two-week ceasefire",MB04,verified uae air defenses are actively intercepting iranian ballistic missiles and drones launched today april 8 2026 per ministry of defence updates and reports from the national gulf news and wikipedia s ongoing timeline this follows the us iran two week ceasefire,verify uae air defense actively intercept iranian ballistic missile drone launch today april ministry defence update report national gulf news wikipedia s ongoing timeline follow iran week ceasefire
2041875039671251314,Now Siri Island. Second Iranian oil facility struck today after the ceasefire announcement. Lavan this morning. Siri this afternoon. Kuwait hit by drones. UAE intercepting missiles. Saudi pipeline attacked. The ceasefire exists on paper. On the ground it looks nothing like one.,MB04,now siri island second iranian oil facility struck today after the ceasefire announcement lavan this morning siri this afternoon kuwait hit by drones uae intercepting missiles saudi pipeline attacked the ceasefire exists on paper on the ground it looks nothing like one,siri island second iranian oil facility strike today ceasefire announcement lavan morning siri afternoon kuwait hit drone uae intercept missile saudi pipeline attack ceasefire exist paper ground look like
2041874836591685976,Not their fault they know that Pakistani delusionalism knows no boundaries that's why even sarcastic posts are targetted I mean just look at ur ceasefire shit Israel is bOmbing Lebanon Kuwait and UAE are intercepting drones & missiles but ur celebrating a non existent ceasefire,MB04,not their fault they know that pakistani delusionalism knows no boundaries that s why even sarcastic posts are targetted i mean just look at ur ceasefire shit israel is bombing lebanon kuwait and uae are intercepting drones missiles but ur celebrating a non existent ceasefire,fault know pakistani delusionalism know boundary s sarcastic post targette mean look ur ceasefire shit israel bomb lebanon kuwait uae intercept drone missile ur celebrate non existent ceasefire
2045462527568736598,"The British military two gunboats from Iran’s Revolutionary Guard opened fire on a tanker transiting the Strait of Hormuz, after Iran said it has reimposed restrictions on the vital waterway. The tanker n crew were reported safe, without identifying the vessel or its destination",MB05,the british military two gunboats from iran s revolutionary guard opened fire on a tanker transiting the strait of hormuz after iran said it has reimposed restrictions on the vital waterway the tanker n crew were reported safe without identifying the vessel or its destination,british military gunboat iran s revolutionary guard open fire tanker transit strait hormuz iran say reimpose restriction vital waterway tanker n crew report safe identify vessel destination
2045462057173098572,"The IRGC gunboats belong to **Iran**. 

IRGC = Islamic Revolutionary Guard Corps, Iran's official military force (not a proxy or false flag). The UKMTO warning and incident details explicitly identify them as Iranian vessels operating in the Gulf of Oman. No credible reports link",MB05,the irgc gunboats belong to iran irgc islamic revolutionary guard corps iran s official military force not a proxy or false flag the ukmto warning and incident details explicitly identify them as iranian vessels operating in the gulf of oman no credible reports link,irgc gunboat belong iran irgc islamic revolutionary guard corps iran s official military force proxy false flag ukmto warning incident detail explicitly identify iranian vessel operate gulf oman credible report link
2045460941240746469,"BREAKING:

 Maritime agency reports oil tanker fired on by gunboats linked to Iran's Revolutionary Guard near Strait of Hormuz

#hormuz #Iran #Irán",MB05,breaking maritime agency reports oil tanker fired on by gunboats linked to iran s revolutionary guard near strait of hormuz hormuz iran irán,break maritime agency report oil tanker fire gunboat link iran s revolutionary guard near strait hormuz hormuz iran irán
2045460939474968746,"Ship owners paying passage fees to Iran basically turns the Revolutionary Guard into a toll booth operator. Nothing says ""regional power"" like collecting lunch money from tankers.",MB05,ship owners paying passage fees to iran basically turns the revolutionary guard into a toll booth operator nothing says regional power like collecting lunch money from tankers,ship owner pay passage fee iran basically turn revolutionary guard toll booth operator say regional power like collect lunch money tanker
2045460237138997688,"The Islamic Revolutionary Guard Corps (IRGC) has claimed that the Strait of Hormuz has “returned to its normal state,” following ongoing U.S. sanctions targeting Iranian ports, which Iran says are affecting freedom of navigation.",MB05,the islamic revolutionary guard corps irgc has claimed that the strait of hormuz has returned to its normal state following ongoing u s sanctions targeting iranian ports which iran says are affecting freedom of navigation,islamic revolutionary guard corps irgc claim strait hormuz return normal state follow ongoing u s sanction target iranian port iran say affect freedom navigation
2045459126311067980,"BBCでもIRGCのことを""Iran Revolutionary Guard Corp""と言っていたりするのだな。正確にはIslamic Revolutionary Guard Corpなのだが、よくある間違い。ただ、BBC Persianも持っているBBCがこんなミスをするのはちょっと残念。",MB05,bbcでもirgcのことを iran revolutionary guard corp と言っていたりするのだな 正確にはislamic revolutionary guard corpなのだが よくある間違い ただ bbc persianも持っているbbcがこんなミスをするのはちょっと残念,bbcでもirgcのことを iran revolutionary guard corp と言っていたりするのだな 正確にはislamic revolutionary guard corpなのだが よくある間違い ただ bbc persianも持っているbbcがこんなミスをするのはちょっと残念
2045457394973438218,"Haan bhai, confirm hai. 

Iran ke Revolutionary Guard (IRGC) ne aaj hi official announcement kiya hai ke Strait of Hormuz ko phir se close kar diya gaya hai, kyunke US ne apna naval blockade Iranian ports pe continue rakha hai ceasefire ke bawajood. Multiple sources jaise Iranian",MB05,haan bhai confirm hai iran ke revolutionary guard irgc ne aaj hi official announcement kiya hai ke strait of hormuz ko phir se close kar diya gaya hai kyunke us ne apna naval blockade iranian ports pe continue rakha hai ceasefire ke bawajood multiple sources jaise iranian,haan bhai confirm hai iran ke revolutionary guard irgc ne aaj hi official announcement kiya hai ke strait hormuz ko phir se close kar diya gaya hai kyunke ne apna naval blockade iranian port pe continue rakha hai ceasefire ke bawajood multiple source jaise iranian
2045453851889950937,"Iran  The Islamic Revolutionary Guard Corps navy turned back the container ship Bhagya Laxmi in the Strait of Hormuz, telling the vessel it lacked transit permission.",MB05,iran the islamic revolutionary guard corps navy turned back the container ship bhagya laxmi in the strait of hormuz telling the vessel it lacked transit permission,iran islamic revolutionary guard corps navy turn container ship bhagya laxmi strait hormuz tell vessel lack transit permission
2045452495863095477,"Iran’s Revolutionary Guard says Strait of Hormuz closed again shortly after reopening, raising global energy and maritime security concerns.
Source: Al Jazeera

#etimespakistan #NewsUpdate #Iran #StraitOfHormuz #USIran #MiddleEast #GlobalEnergy #MaritimeSecurity #Geopolitics",MB05,iran s revolutionary guard says strait of hormuz closed again shortly after reopening raising global energy and maritime security concerns source al jazeera etimespakistan newsupdate iran straitofhormuz usiran middleeast globalenergy maritimesecurity geopolitics,iran s revolutionary guard say strait hormuz close shortly reopen raise global energy maritime security concern source al jazeera etimespakistan newsupdate iran straitofhormuz usiran middleeast globalenergy maritimesecurity geopolitic
2045451486570635579,"BREAKING: Iran closes Hormuz Strait again over US ‘piracy’

Iran has reported shut down the Strait of Hormuz again because of the US’s continuing blockade of its ports.

The Islamic Revolutionary Guard Corps on Saturday says control of the Strait of Hormuz has now “returned to",MB05,breaking iran closes hormuz strait again over us piracy iran has reported shut down the strait of hormuz again because of the us s continuing blockade of its ports the islamic revolutionary guard corps on saturday says control of the strait of hormuz has now returned to,break iran close hormuz strait piracy iran report shut strait hormuz s continue blockade port islamic revolutionary guard corps saturday say control strait hormuz return
2045451395625619495,"Islamic Revolutionary Guard Corps Navy warns that any U.S. “breach” will be met with an appropriate response.

#IRGC #Iran #US #Geopolitics #BreakingNews",MB05,islamic revolutionary guard corps navy warns that any u s breach will be met with an appropriate response irgc iran us geopolitics breakingnews,islamic revolutionary guard corps navy warn u s breach meet appropriate response irgc iran geopolitic breakingnew
2045451275244868029,— Reports say an Indian vessel was targeted by a suicide drone launched by Iran’s Revolutionary Guard Navy. #Iran #India #IRGC #Drone #Maritime #BreakingNews,MB05,reports say an indian vessel was targeted by a suicide drone launched by iran s revolutionary guard navy iran india irgc drone maritime breakingnews,report indian vessel target suicide drone launch iran s revolutionary guard navy iran india irgc drone maritime breakingnew
2045450093407391938,"Iran has reportedly tightened control over the Strait of Hormuz, with shipping traffic disrupted. The Khatam al-Anbiya Central Headquarters stated that the strait remains under strict Iranian control and its status is unchanged. Meanwhile, the Islamic Revolutionary Guard Corps",MB05,iran has reportedly tightened control over the strait of hormuz with shipping traffic disrupted the khatam al anbiya central headquarters stated that the strait remains under strict iranian control and its status is unchanged meanwhile the islamic revolutionary guard corps,iran reportedly tighten control strait hormuz shipping traffic disrupt khatam al anbiya central headquarters state strait remain strict iranian control status unchanged islamic revolutionary guard corps
2045449234804068693,“says Iran's Islamic Revolutionary Guard Corps” - why are you using Iranian propaganda when everyone knows the US controls the straight and Iran submitted to the US blockade,MB05,says iran s islamic revolutionary guard corps why are you using iranian propaganda when everyone knows the us controls the straight and iran submitted to the us blockade,say iran s islamic revolutionary guard corp iranian propaganda know control straight iran submit blockade
2045447994179534911,"Iran reportedly tightens control over Strait of Hormuz with stricter maritime regulations, media reports say.

The Islamic Revolutionary Guard Corps (IRGC) stated that what it described as an “unofficial U.S. blockade” has been accompanied by aerial and naval activities it",MB05,iran reportedly tightens control over strait of hormuz with stricter maritime regulations media reports say the islamic revolutionary guard corps irgc stated that what it described as an unofficial u s blockade has been accompanied by aerial and naval activities it,iran reportedly tighten control strait hormuz strict maritime regulation medium report islamic revolutionary guard corps irgc state describe unofficial u s blockade accompany aerial naval activity
2045446936527024532,"|The leadership of the naval force in the Revolutionary Guard: As long as the movement of ships to and from Iran is threatened, the situation of the Strait of Hormuz will remain as it was before.",MB05,the leadership of the naval force in the revolutionary guard as long as the movement of ships to and from iran is threatened the situation of the strait of hormuz will remain as it was before,leadership naval force revolutionary guard long movement ship iran threaten situation strait hormuz remain
2045446414579253519,"Iran's Revolutionary Guard naval force warns US: any breach of commitments will be met with appropriate response

https://qatar-standard.com/article/iranian-revolutionary-guard-navy-vows-retaliation-for-us-tre-n30g…

#Iran #Gulf",MB05,iran s revolutionary guard naval force warns us any breach of commitments will be met with appropriate response iran gulf,iran s revolutionary guard naval force warn breach commitment meet appropriate response iran gulf
2045446184953671969,"Islamic Revolutionary Guard Navy:

Every violation by America will be met with an appropriate response.

As long as the passage of ships to and from Iran is threatened, the status of the Strait of Hormuz will remain as it was previously. By the will of Allah",MB05,islamic revolutionary guard navy every violation by america will be met with an appropriate response as long as the passage of ships to and from iran is threatened the status of the strait of hormuz will remain as it was previously by the will of allah,islamic revolutionary guard navy violation america meet appropriate response long passage ship iran threaten status strait hormuz remain previously allah
2045444643601428617,"Even though Foreign Minister Araghchi said they would fully open it, Trump said he wouldn't lift the reverse blockade, so now the story is that Kalibaf and the Revolutionary Guard are pissed off and stopping the opening. Trump, who can't receive a pass with a message from Iran.",MB05,even though foreign minister araghchi said they would fully open it trump said he wouldn t lift the reverse blockade so now the story is that kalibaf and the revolutionary guard are pissed off and stopping the opening trump who can t receive a pass with a message from iran,foreign minister araghchi say fully open trump say wouldn t lift reverse blockade story kalibaf revolutionary guard piss stop opening trump t receive pass message iran
2045444225110626383,"y God curse Iran and those who support it. Logically speaking, the Iranian Revolutionary Guard has no creed, no covenant, and no trust. How can one negotiate with them? They must be eliminated for the world to be rid of the problem of political Islam.",MB05,y god curse iran and those who support it logically speaking the iranian revolutionary guard has no creed no covenant and no trust how can one negotiate with them they must be eliminated for the world to be rid of the problem of political islam,y god curse iran support logically speak iranian revolutionary guard creed covenant trust negotiate eliminate world rid problem political islam
2045440353180807457,"Tankers U-Turn in Persian Gulf as Iran Closes Hormuz Again
...and it's closed. Iran's Islamic Revolutionary Guard Corps declared Saturday that control of the strait has ""returned to its previous state,"" walking back a brief opening announced Friday and directly contradicting a …",MB05,tankers u turn in persian gulf as iran closes hormuz again and it s closed iran s islamic revolutionary guard corps declared saturday that control of the strait has returned to its previous state walking back a brief opening announced friday and directly contradicting a,tanker u turn persian gulf iran close hormuz s close iran s islamic revolutionary guard corps declare saturday control strait return previous state walk brief opening announce friday directly contradict
2045439837021323534,"Islamic Revolutionary Guard Corps Navy: ""Any violation of commitments by the US will be met with an appropriate response. As long as the movement of vessels departing from Iran and arriving to it remains under threat, the status of the Strait of Hormuz will remain as it was",MB05,islamic revolutionary guard corps navy any violation of commitments by the us will be met with an appropriate response as long as the movement of vessels departing from iran and arriving to it remains under threat the status of the strait of hormuz will remain as it was,islamic revolutionary guard corps navy violation commitment meet appropriate response long movement vessel depart iran arrive remain threat status strait hormuz remain
2045437779526738109,"Reports suggest the Strait of Hormuz remains open but tightly controlled by Islamic Revolutionary Guard Corps.

Not a full shutdown—more a high-tension, restricted transit situation amid ongoing US-Iran friction.",MB05,reports suggest the strait of hormuz remains open but tightly controlled by islamic revolutionary guard corps not a full shutdown more a high tension restricted transit situation amid ongoing us iran friction,report suggest strait hormuz remain open tightly control islamic revolutionary guard corp shutdown high tension restrict transit situation amid ongoing iran friction
2045437775592542541,"Hormuz Strait shut down again over US ‘piracy’, says Iran

Islamic Revolutionary Guard Corp has said control of the Strait of Hormuz has now “returned to its previous state” because of the US’s continuing blockade of Iranian ports, reported Al Jazeera.",MB05,hormuz strait shut down again over us piracy says iran islamic revolutionary guard corp has said control of the strait of hormuz has now returned to its previous state because of the us s continuing blockade of iranian ports reported al jazeera,hormuz strait shut piracy say iran islamic revolutionary guard corp say control strait hormuz return previous state s continue blockade iranian port report al jazeera
2045436789557764567,The Iranian Revolutionary Guard has turned against the politicians and re-closed the Strait of Hormuz. I hope Iran is completely destroyed and the regime changed. #IranWar‌ #iran,MB05,the iranian revolutionary guard has turned against the politicians and re closed the strait of hormuz i hope iran is completely destroyed and the regime changed iranwar iran,iranian revolutionary guard turn politician close strait hormuz hope iran completely destroy regime change iranwar iran
2045436460107477398,"Well THAT didn’t last long did it?
The Strait of Hormuz has been closed again after just one day. 
Iran doesn’t want peace does it?
The only way there will ever be peace in the area will be if Hamas, Hezbollah, the Houthis and Iran and its Revolutionary Guard are totally",MB05,well that didn t last long did it the strait of hormuz has been closed again after just one day iran doesn t want peace does it the only way there will ever be peace in the area will be if hamas hezbollah the houthis and iran and its revolutionary guard are totally,didn t long strait hormuz close day iran doesn t want peace way peace area hamas hezbollah houthis iran revolutionary guard totally
2045436348715487290,"Tawazon – The Islamic Revolutionary Guard Corps (IRGC) says control of the Strait of Hormuz has “returned to its previous state” because of the continuing blockade of Iranian ports by the US, according to Al Jazeera.

In a statement cited by Islamic Republic of Iran Broadcasting",MB05,tawazon the islamic revolutionary guard corps irgc says control of the strait of hormuz has returned to its previous state because of the continuing blockade of iranian ports by the us according to al jazeera in a statement cited by islamic republic of iran broadcasting,tawazon islamic revolutionary guard corps irgc say control strait hormuz return previous state continue blockade iranian port accord al jazeera statement cite islamic republic iran broadcasting
2045435507203580332,"Iran playing “open/close” with the Strait of Hormuz isn’t confusion , it’s leverage I think. Whether it’s coordinated brinkmanship or internal chaos, the result is the same: oil markets shaken, the West reacting, and the Islamic Revolutionary Guard Corps holding the real power",MB05,iran playing open close with the strait of hormuz isn t confusion it s leverage i think whether it s coordinated brinkmanship or internal chaos the result is the same oil markets shaken the west reacting and the islamic revolutionary guard corps holding the real power,iran play open close strait hormuz isn t confusion s leverage think s coordinated brinkmanship internal chaos result oil market shake west react islamic revolutionary guard corp hold real power
2045435273732047300,"Islamic Revolutionary Guard Corp (#IRGC) says control of the Strait of #Hormuz has “returned to its previous state” because of the continued #blockade of #Iranian ports by the #US.

#Iran",MB05,islamic revolutionary guard corp irgc says control of the strait of hormuz has returned to its previous state because of the continued blockade of iranian ports by the us iran,islamic revolutionary guard corp irgc say control strait hormuz return previous state continue blockade iranian port iran
2045433300920291662,"Iran tells mediators it will restrict ship traffic through the Strait of Hormuz and impose tolls during a ceasefire, with vessels needing to coordinate with the Islamic Revolutionary Guard Corps (IRGC). Follow for updates #News #MiddleEast #Conflict #Breaking #Update #World",MB05,iran tells mediators it will restrict ship traffic through the strait of hormuz and impose tolls during a ceasefire with vessels needing to coordinate with the islamic revolutionary guard corps irgc follow for updates news middleeast conflict breaking update world,iran tell mediator restrict ship traffic strait hormuz impose toll ceasefire vessel need coordinate islamic revolutionary guard corps irgc follow update news middleeast conflict breaking update world
2045432805434560942,"Iran's Revolutionary Guard Corps (IRGC) has closed the Strait of Hormuz, citing the ongoing US blockade. The move is seen as a response to increased tensions in the region. Follow for updates #Iran #USBlockade #MiddleEast #News #Breaking #Update",MB05,iran s revolutionary guard corps irgc has closed the strait of hormuz citing the ongoing us blockade the move is seen as a response to increased tensions in the region follow for updates iran usblockade middleeast news breaking update,iran s revolutionary guard corps irgc close strait hormuz cite ongoing blockade see response increase tension region follow update iran usblockade middleeast news breaking update
2045432660567244887,"Hvis dit hjerte brænder for præstestyret i Iran,
Hvis du er stolt af Islamic Revolutionary Guard Corps (IRGC),

… så hører du ikke hjemme i et frit samfund. #dkmedier #dkpol",MB05,hvis dit hjerte brænder for præstestyret i iran hvis du er stolt af islamic revolutionary guard corps irgc så hører du ikke hjemme i et frit samfund dkmedier dkpol,hvis dit hjerte brænder præstestyret iran hvis du er stolt af islamic revolutionary guard corps irgc så hører du ikke hjemme et frit samfund dkmedi dkpol
2045428034405310817,"Islamic Revolutionary Guard Corp says control of the Strait of Hormuz has now “returned to its previous state” because of the US’s continuing blockade of Iranian ports.
US President Donald Trump says the naval blockade will “remain in full force” until “our transaction with Iran",MB05,islamic revolutionary guard corp says control of the strait of hormuz has now returned to its previous state because of the us s continuing blockade of iranian ports us president donald trump says the naval blockade will remain in full force until our transaction with iran,islamic revolutionary guard corp say control strait hormuz return previous state s continue blockade iranian port president donald trump say naval blockade remain force transaction iran
2045427428261327334,"#Iran announces new rules for Strait of #Hormuz transit

Iran’s Revolutionary Guard Navy says a new order is now in effect in the Strait of Hormuz following the Lebanon ceasefire and the current battlefield pause.

Under the new rules:

 Civilian vessels may transit only",MB05,iran announces new rules for strait of hormuz transit iran s revolutionary guard navy says a new order is now in effect in the strait of hormuz following the lebanon ceasefire and the current battlefield pause under the new rules civilian vessels may transit only,iran announce new rule strait hormuz transit iran s revolutionary guard navy say new order effect strait hormuz follow lebanon ceasefire current battlefield pause new rule civilian vessel transit
2045427244479230231,"Iran has signaled that the Strait of Hormuz remains under strict control by the Islamic Revolutionary Guard Corps, with access potentially tied to ongoing tensions with the United States. Recent developments indicate that passage conditions can shift depending on the status",MB05,iran has signaled that the strait of hormuz remains under strict control by the islamic revolutionary guard corps with access potentially tied to ongoing tensions with the united states recent developments indicate that passage conditions can shift depending on the status,iran signal strait hormuz remain strict control islamic revolutionary guard corp access potentially tie ongoing tension united states recent development indicate passage condition shift depend status
2045427023632331126,"#Iran has closed off the Strait of #Hormuz again on Saturday, a day after it decided to open it in response to the #ceasefire in Lebanon. Iran’s Islamic Revolutionary Guard Corps (IRGC) joint military command, in a statement cited by state broadcaster IRIB, accused the United",MB05,iran has closed off the strait of hormuz again on saturday a day after it decided to open it in response to the ceasefire in lebanon iran s islamic revolutionary guard corps irgc joint military command in a statement cited by state broadcaster irib accused the united,iran close strait hormuz saturday day decide open response ceasefire lebanon iran s islamic revolutionary guard corps irgc joint military command statement cite state broadcaster irib accuse united
2045426561290285330,"ईरान से जुड़ा यह बयान काफ़ी गंभीर भू-राजनीतिक स्थिति की ओर इशारा करता है 
Islamic Revolutionary Guard Corps (IRGC) के संयुक्त सैन्य कमांड ने दावा किया है कि
Strait of Hormuz पर नियंत्रण अब फिर से “पहले जैसी स्थिति”में आ गया है।
#Iran #IRGC #StraitOfHormuz #USA #MiddleEastTension",MB05,ईर न स ज ड यह बय न क फ ग भ र भ र जन त क स थ त क ओर इश र करत ह islamic revolutionary guard corps irgc क स य क त स न य कम ड न द व क य ह क strait of hormuz पर न य त रण अब फ र स पहल ज स स थ त म आ गय ह iran irgc straitofhormuz usa middleeasttension,ईर न स ज ड यह बय न क फ ग भ र भ र जन त क स थ त क ओर इश र करत ह islamic revolutionary guard corps irgc क स य क त स न य कम ड न द व क य ह क strait hormuz पर न य त रण अब फ र स पहल ज स स थ त म आ गय ह iran irgc straitofhormuz usa middleeasttension
2045424407573635553,"#BREAKING: #Iran Revolutionary Guard says it has reimposed ""restrictions"" in the Strait of Hormuz
https://arab.news/rbqtg",MB05,breaking iran revolutionary guard says it has reimposed restrictions in the strait of hormuz,break iran revolutionary guard say reimpose restriction strait hormuz
2045423473380532720,Iran expert on Al-Arabiya: The Islamic Revolutionary Guard Corps started denying everything Trump said since last night. There is a deep division in Iran.,MB05,iran expert on al arabiya the islamic revolutionary guard corps started denying everything trump said since last night there is a deep division in iran,iran expert al arabiya islamic revolutionary guard corp start deny trump say night deep division iran
2045423131897028843,"This is Al Jazeera breaking news from Iran's IRGC (Revolutionary Guard). 

The spokesperson for ""Khatam al-Anbiya"" HQ (their central military command overseeing Gulf operations) said: after negotiations, Iran has agreed in good faith to let a number of ships pass through the",MB05,this is al jazeera breaking news from iran s irgc revolutionary guard the spokesperson for khatam al anbiya hq their central military command overseeing gulf operations said after negotiations iran has agreed in good faith to let a number of ships pass through the,al jazeera break news iran s irgc revolutionary guard spokesperson khatam al anbiya hq central military command oversee gulf operation say negotiation iran agree good faith let number ship pass
2045422616203112619,"The IRGC (Iran's Revolutionary Guard) is claiming they've restored ""previous state"" tight control over the Strait of Hormuz—a critical chokepoint for 20% of global oil.

Context: US naval blockade of Iranian ports continues amid fragile ceasefire/talks. Iran opened it to",MB05,the irgc iran s revolutionary guard is claiming they ve restored previous state tight control over the strait of hormuz a critical chokepoint for 20 of global oil context us naval blockade of iranian ports continues amid fragile ceasefire talks iran opened it to,irgc iran s revolutionary guard claim ve restore previous state tight control strait hormuz critical chokepoint global oil context naval blockade iranian port continue amid fragile ceasefire talk iran open
2045422090874916962,"Abd’ye Deniz korsanlığı suçlamasıyla Hürmüz’ü yeniden kapatmışlar.!

İran Devrim Muhafızları Ordusu (Islamic Revolutionary Guard Corps), Hürmüz Boğazı’na ilişkin dikkat çeken bir açıklama yaptı. Al Jazeera'nın haberine göre, kurumun ortak askeri komutanlığı, boğazdaki kontrolün",MB05,abd ye deniz korsanlığı suçlamasıyla hürmüz ü yeniden kapatmışlar i̇ran devrim muhafızları ordusu islamic revolutionary guard corps hürmüz boğazı na ilişkin dikkat çeken bir açıklama yaptı al jazeera nın haberine göre kurumun ortak askeri komutanlığı boğazdaki kontrolün,abd ye deniz korsanlığı suçlamasıyla hürmüz ü yeniden kapatmışlar devrim muhafızları ordusu islamic revolutionary guard corps hürmüz boğazı na ilişkin dikkat çeken bir açıklama yaptı al jazeera nın haberine göre kurumun ortak askeri komutanlığı boğazdaki kontrolün
2045421242166235469,"Iran's Revolutionary Guard Corps:

 Iran agreed to allow a limited number of ships to pass through the Strait of Hormuz according to agreements.

But  U.S. did not fulfill their obligations. So the Strait of Hormuz is now closed again and passage requires Iran approval.",MB05,iran s revolutionary guard corps iran agreed to allow a limited number of ships to pass through the strait of hormuz according to agreements but u s did not fulfill their obligations so the strait of hormuz is now closed again and passage requires iran approval,iran s revolutionary guard corps iran agree allow limited number ship pass strait hormuz accord agreement u s fulfill obligation strait hormuz close passage require iran approval
2045418988746703185,Iran's Islamic Revolutionary Guard Corps (IRGC) stated on Saturday that the Hormuz Strait will remain under strict Iranian control if the United States does not ensure full freedom of navigation for vessels traveling to and from Iran.,MB05,iran s islamic revolutionary guard corps irgc stated on saturday that the hormuz strait will remain under strict iranian control if the united states does not ensure full freedom of navigation for vessels traveling to and from iran,iran s islamic revolutionary guard corps irgc state saturday hormuz strait remain strict iranian control united states ensure freedom navigation vessel travel iran
2045418445286854958,"#Breaking 
Iranian Revolutionary Guard: 
Iran's military command says it has closed the #Strait_of_Hormuz again over the US blockade

The Strait of Hormuz will remain under strict control unless Washington guarantees freedom of navigation for ships to & from Iran 
#IRGC #IRAN",MB05,breaking iranian revolutionary guard iran s military command says it has closed the strait_of_hormuz again over the us blockade the strait of hormuz will remain under strict control unless washington guarantees freedom of navigation for ships to from iran irgc iran,break iranian revolutionary guard iran s military command say close blockade strait hormuz remain strict control washington guarantee freedom navigation ship iran irgc iran
2045416995433136438,"Iran's Revolutionary Guard: If the United States does not guarantee the complete freedom of navigation for vessels traveling to and from Iran, the Strait of Hormuz will remain under Iran's control.

Explore more key information on #SoSoValue: 
https://
sosovalue.com/shares/Kk47Mn",MB05,iran s revolutionary guard if the united states does not guarantee the complete freedom of navigation for vessels traveling to and from iran the strait of hormuz will remain under iran s control explore more key information on sosovalue sosovalue com shares kk47mn,iran s revolutionary guard united states guarantee complete freedom navigation vessel travel iran strait hormuz remain iran s control explore key information sosovalue sosovalue com share
2045416153862832433,"BREAKING: The Strait of Hormuz will remain under ""strict Iranian control"" if the U.S. does not ensure full freedom of navigation for ships travelling from and to Iran, says Iran's Islamic Revolutionary Guard Corps.

Latest  
https://
trib.al/egGIxKG

 Sky 501",MB05,breaking the strait of hormuz will remain under strict iranian control if the u s does not ensure full freedom of navigation for ships travelling from and to iran says iran s islamic revolutionary guard corps latest trib al eggixkg sky 501,break strait hormuz remain strict iranian control u s ensure freedom navigation ship travel iran say iran s islamic revolutionary guard corp late trib al eggixkg sky
2045415446145360180,"Hi @grok Iran’s Revolutionary Guard claims to have dismantled U.S., Israel, and UK-linked spy cells is this a credible security success that justifies heightened vigilance, or a routine propaganda move designed to rally domestic support and portray Iran as under constant foreign",MB05,hi iran s revolutionary guard claims to have dismantled u s israel and uk linked spy cells is this a credible security success that justifies heightened vigilance or a routine propaganda move designed to rally domestic support and portray iran as under constant foreign,hi iran s revolutionary guard claim dismantle u s israel uk link spy cell credible security success justify heighten vigilance routine propaganda design rally domestic support portray iran constant foreign
2045406410104594882,"The Iranian terrorist regime is not worth continuing to rule Iran, and I repeat that President Trump is (deceived) by them and imagines that this regime has changed. On the contrary, the regime is now run by the Iranian Revolutionary Guard and has become more hardline. Either",MB05,the iranian terrorist regime is not worth continuing to rule iran and i repeat that president trump is deceived by them and imagines that this regime has changed on the contrary the regime is now run by the iranian revolutionary guard and has become more hardline either,iranian terrorist regime worth continue rule iran repeat president trump deceive imago regime change contrary regime run iranian revolutionary guard hardline
2045406049868382666,"The Iranian terrorist regime is not worth continuing to rule Iran, and I repeat that President Trump is (deceived) by them and imagines that this regime has changed. On the contrary, the regime is now run by the Iranian Revolutionary Guard and has become more hardline. Either",MB05,the iranian terrorist regime is not worth continuing to rule iran and i repeat that president trump is deceived by them and imagines that this regime has changed on the contrary the regime is now run by the iranian revolutionary guard and has become more hardline either,iranian terrorist regime worth continue rule iran repeat president trump deceive imago regime change contrary regime run iranian revolutionary guard hardline
2045405977751560313,"The Iranian terrorist regime is not worth continuing to rule Iran, and I repeat that President Trump is (deceived) by them and imagines that this regime has changed. On the contrary, the regime is now run by the Iranian Revolutionary Guard and has become more hardline. Either",MB05,the iranian terrorist regime is not worth continuing to rule iran and i repeat that president trump is deceived by them and imagines that this regime has changed on the contrary the regime is now run by the iranian revolutionary guard and has become more hardline either,iranian terrorist regime worth continue rule iran repeat president trump deceive imago regime change contrary regime run iranian revolutionary guard hardline
2045405875834105981,"The Iranian terrorist regime is not worth continuing to rule Iran, and I repeat that President Trump is (deceived) by them and imagines that this regime has changed. On the contrary, the regime is now run by the Iranian Revolutionary Guard and has become more hardline. Either",MB05,the iranian terrorist regime is not worth continuing to rule iran and i repeat that president trump is deceived by them and imagines that this regime has changed on the contrary the regime is now run by the iranian revolutionary guard and has become more hardline either,iranian terrorist regime worth continue rule iran repeat president trump deceive imago regime change contrary regime run iranian revolutionary guard hardline
2045405640600809490,"The Iranian terrorist regime is not worth continuing to rule Iran, and I repeat that President Trump is (deceived) by them and imagines that this regime has changed. On the contrary, the regime is now run by the Iranian Revolutionary Guard and has become more hardline. Either",MB05,the iranian terrorist regime is not worth continuing to rule iran and i repeat that president trump is deceived by them and imagines that this regime has changed on the contrary the regime is now run by the iranian revolutionary guard and has become more hardline either,iranian terrorist regime worth continue rule iran repeat president trump deceive imago regime change contrary regime run iranian revolutionary guard hardline
2045405560237940938,"The Iranian terrorist regime is not worth continuing to rule Iran, and I repeat that President Trump is (deceived) by them and imagines that this regime has changed. On the contrary, the regime is now run by the Iranian Revolutionary Guard and has become more hardline. Either",MB05,the iranian terrorist regime is not worth continuing to rule iran and i repeat that president trump is deceived by them and imagines that this regime has changed on the contrary the regime is now run by the iranian revolutionary guard and has become more hardline either,iranian terrorist regime worth continue rule iran repeat president trump deceive imago regime change contrary regime run iranian revolutionary guard hardline
2045404875396202597,"The Iranian terrorist regime is not worth continuing to rule Iran, and I repeat that President Trump is (deceived) by them and imagines that this regime has changed. On the contrary, the regime is now run by the Iranian Revolutionary Guard and has become more hardline. Either",MB05,the iranian terrorist regime is not worth continuing to rule iran and i repeat that president trump is deceived by them and imagines that this regime has changed on the contrary the regime is now run by the iranian revolutionary guard and has become more hardline either,iranian terrorist regime worth continue rule iran repeat president trump deceive imago regime change contrary regime run iranian revolutionary guard hardline
2045404681820688467,"The Iranian terrorist regime is not worth continuing to rule Iran, and I repeat that President Trump is (deceived) by them and imagines that this regime has changed. On the contrary, the regime is now run by the Iranian Revolutionary Guard and has become more hardline. Either",MB05,the iranian terrorist regime is not worth continuing to rule iran and i repeat that president trump is deceived by them and imagines that this regime has changed on the contrary the regime is now run by the iranian revolutionary guard and has become more hardline either,iranian terrorist regime worth continue rule iran repeat president trump deceive imago regime change contrary regime run iranian revolutionary guard hardline
2045404629916090450,"Tehran, Iran
A female member of the Basij  paramilitary, affiliated with Iran’s Revolutionary Guard, holds her  child next to a machine gun during a state-organised rally Photograph: Vahid Salemi/AP",MB05,tehran iran a female member of the basij paramilitary affiliated with iran s revolutionary guard holds her child next to a machine gun during a state organised rally photograph vahid salemi ap,tehran iran female member basij paramilitary affiliate iran s revolutionary guard hold child machine gun state organise rally photograph vahid salemi ap
2045404599540978132,"The Iranian terrorist regime is not worth continuing to rule Iran, and I repeat that President Trump is (deceived) by them and imagines that this regime has changed. On the contrary, the regime is now run by the Iranian Revolutionary Guard and has become more hardline. Either",MB05,the iranian terrorist regime is not worth continuing to rule iran and i repeat that president trump is deceived by them and imagines that this regime has changed on the contrary the regime is now run by the iranian revolutionary guard and has become more hardline either,iranian terrorist regime worth continue rule iran repeat president trump deceive imago regime change contrary regime run iranian revolutionary guard hardline
2045404542305480827,"The Iranian terrorist regime is not worth continuing to rule Iran, and I repeat that President Trump is (deceived) by them and imagines that this regime has changed. On the contrary, the regime is now run by the Iranian Revolutionary Guard and has become more hardline. Either",MB05,the iranian terrorist regime is not worth continuing to rule iran and i repeat that president trump is deceived by them and imagines that this regime has changed on the contrary the regime is now run by the iranian revolutionary guard and has become more hardline either,iranian terrorist regime worth continue rule iran repeat president trump deceive imago regime change contrary regime run iranian revolutionary guard hardline
2045404396461187548,"The Iranian terrorist regime is not worth continuing to rule Iran, and I repeat that President Trump is (deceived) by them and imagines that this regime has changed. On the contrary, the regime is now run by the Iranian Revolutionary Guard and has become more hardline. Either",MB05,the iranian terrorist regime is not worth continuing to rule iran and i repeat that president trump is deceived by them and imagines that this regime has changed on the contrary the regime is now run by the iranian revolutionary guard and has become more hardline either,iranian terrorist regime worth continue rule iran repeat president trump deceive imago regime change contrary regime run iranian revolutionary guard hardline
2045404264323772801,"The Iranian terrorist regime is not worth continuing to rule Iran, and I repeat that President Trump is (deceived) by them and imagines that this regime has changed. On the contrary, the regime is now run by the Iranian Revolutionary Guard and has become more hardline. Either",MB05,the iranian terrorist regime is not worth continuing to rule iran and i repeat that president trump is deceived by them and imagines that this regime has changed on the contrary the regime is now run by the iranian revolutionary guard and has become more hardline either,iranian terrorist regime worth continue rule iran repeat president trump deceive imago regime change contrary regime run iranian revolutionary guard hardline
2045402780056392040,"#Breaking 
Arrest of elements linked to the United States, Israel, and Britain in 3 provinces - Iranian Revolutionary Guard Intelligence - 
@sputnik_ar
 #IRGC #IRAN 

The detainees were engaged in espionage, smuggling of goods & planning to carry out sabotage operations.",MB05,breaking arrest of elements linked to the united states israel and britain in 3 provinces iranian revolutionary guard intelligence irgc iran the detainees were engaged in espionage smuggling of goods planning to carry out sabotage operations,break arrest element link united states israel britain province iranian revolutionary guard intelligence irgc iran detainee engage espionage smuggling good plan carry sabotage operation
2045401080562098659,"Iran's Islamic Revolutionary Guard Corps (IRGC) has detained over 120 people across the country, alleging they were planning ""enemy attacks."" This move comes as Middle East tensions remain high, with Iran often at the center of security concerns and international scrutiny. The",MB05,iran s islamic revolutionary guard corps irgc has detained over 120 people across the country alleging they were planning enemy attacks this move comes as middle east tensions remain high with iran often at the center of security concerns and international scrutiny the,iran s islamic revolutionary guard corps irgc detain people country allege plan enemy attack come middle east tension remain high iran center security concern international scrutiny
2045400738021687376,"Revolutionary Guard Requires Permission, Limits Routes Despite Iran’s Open‑Passage Announcement.

Link - 
https://
orangeprime.news/news/strait-of
-hormuz-completely-open-but-irans-guards-impose-fresh-transit-condition
…

#hormuz #HormuzStrait #HormuzIsland #iran #USIranRelations #InternationalNews #orangeprimenews",MB05,revolutionary guard requires permission limits routes despite iran s open passage announcement link orangeprime news news strait of hormuz completely open but irans guards impose fresh transit condition hormuz hormuzstrait hormuzisland iran usiranrelations internationalnews orangeprimenews,revolutionary guard require permission limit route despite iran s open passage announcement link orangeprime news news strait hormuz completely open iran guard impose fresh transit condition hormuz hormuzstrait hormuzisland iran usiranrelations internationalnew orangeprimenew
2045399533887029655,"Iran’s Islamic Revolutionary Guard Corps announced a new order for the Strait of Hormuz, stating that all vessels must obtain permission from the Iranian Navy to pass through the strategic waterway.

#IRGC #Iran #StraitOfHormuz #MaritimeSecurity #GlobalTrade #MiddleEast",MB05,iran s islamic revolutionary guard corps announced a new order for the strait of hormuz stating that all vessels must obtain permission from the iranian navy to pass through the strategic waterway irgc iran straitofhormuz maritimesecurity globaltrade middleeast,iran s islamic revolutionary guard corps announce new order strait hormuz state vessel obtain permission iranian navy pass strategic waterway irgc iran straitofhormuz maritimesecurity globaltrade middleeast
2045397586312614097,"China just handed Iran the keys to spy satellites for targeting U.S. military bases. And we're finding out through leaked documents.

Here's what allegedly happened: Iran's Islamic Revolutionary Guard Corps gained access to Chinese satellite surveillance capabilities specifically",MB05,china just handed iran the keys to spy satellites for targeting u s military bases and we re finding out through leaked documents here s what allegedly happened iran s islamic revolutionary guard corps gained access to chinese satellite surveillance capabilities specifically,china hand iran key spy satellite target u s military basis find leak document s allegedly happen iran s islamic revolutionary guard corps gain access chinese satellite surveillance capability specifically
2045392593744490652,Iran announced last night that the Strait of Hormuz is “completely open” for commercial traffic. The declaration is conditional. It applies only for the duration of the 10-day Lebanon ceasefire. Ships must coordinate transit with Iran’s Revolutionary Guard. Military vessels,MB05,iran announced last night that the strait of hormuz is completely open for commercial traffic the declaration is conditional it applies only for the duration of the 10 day lebanon ceasefire ships must coordinate transit with iran s revolutionary guard military vessels,iran announce night strait hormuz completely open commercial traffic declaration conditional apply duration day lebanon ceasefire ship coordinate transit iran s revolutionary guard military vessel
2045392249698041875,"A famous Iranian proverb says: A wolf born will eventually become a wolf.
His ties to the Revolutionary Guard tell us that he is a wolf in human clothing.
#Iran
#No2ShahNo2Mullahs",MB05,a famous iranian proverb says a wolf born will eventually become a wolf his ties to the revolutionary guard tell us that he is a wolf in human clothing iran no2shahno2mullahs,famous iranian proverb say wolf bear eventually wolf tie revolutionary guard tell wolf human clothing iran
2045391672947683699,"Previous release says completely open (like before this ill planned war).
 Only the most blinkered see a US ""win"". The Revolutionary Guard hold sway, there is no real regime change & people of Iran are NOT free. NOW Iran knows it holds an eternal global weapon to flex: Hormuz",MB05,previous release says completely open like before this ill planned war only the most blinkered see a us win the revolutionary guard hold sway there is no real regime change people of iran are not free now iran knows it holds an eternal global weapon to flex hormuz,previous release say completely open like ill plan war blinkered win revolutionary guard hold sway real regime change people iran free iran know hold eternal global weapon flex hormuz
2045390981793747013,"force till ""transaction"" with Iran is complete. 
Islamic Revolutionary Guard Corps of Iranian navy said that civilian vessels are permitted to go only through Iran's designated route and that military vessels are still prohibited from passing through.",MB05,force till transaction with iran is complete islamic revolutionary guard corps of iranian navy said that civilian vessels are permitted to go only through iran s designated route and that military vessels are still prohibited from passing through,force till transaction iran complete islamic revolutionary guard corps iranian navy say civilian vessel permit iran s designate route military vessel prohibit pass
2045389605222883575,"(with Sunni leanings) and have no connection to Iran, in an attempt to mislead public opinion and conceal the true entity behind them, whose primary goal is to serve the agenda of the Iranian Revolutionary Guard.
Activating sleeper cells within the three countries and tasking",MB05,with sunni leanings and have no connection to iran in an attempt to mislead public opinion and conceal the true entity behind them whose primary goal is to serve the agenda of the iranian revolutionary guard activating sleeper cells within the three countries and tasking,sunni leaning connection iran attempt mislead public opinion conceal true entity primary goal serve agenda iranian revolutionary guard activate sleeper cell country task
2045379450016342242,"Ships crossing Hormuz need OK from IRGC, unfreezing funds part of deal, Iran official says


https://
tinyurl.com/mvz2eh3f

All ships can sail through the Strait of Hormuz but this needs to be coordinated ‌with Iran’s Islamic Revolutionary Guard Corps (IRGC), a senior Iranian official",MB05,ships crossing hormuz need ok from irgc unfreezing funds part of deal iran official says tinyurl com mvz2eh3f all ships can sail through the strait of hormuz but this needs to be coordinated with iran s islamic revolutionary guard corps irgc a senior iranian official,ship cross hormuz need ok irgc unfreezing fund deal iran official say tinyurl com ship sail strait hormuz need coordinate iran s islamic revolutionary guard corps irgc senior iranian official
2045370881032265777,"Passage is permitted on the condition that vessels and their cargo are not linked to “aggressor states,” that ships follow routes designated by Iran, and that movements are coordinated with the Islamic Revolutionary Guard Corps navy.",MB05,passage is permitted on the condition that vessels and their cargo are not linked to aggressor states that ships follow routes designated by iran and that movements are coordinated with the islamic revolutionary guard corps navy,passage permit condition vessel cargo link aggressor state ship follow route designate iran movement coordinate islamic revolutionary guard corps navy
2045370003445215277,"The Western Project Has Died
It Never Truly Existed
It Never Will
The Vile Jewish-Zionist Propaganda Has Been Exposed By The Valor Of The Ancient People Of #Iran And Their Islamic Revolutionary Guard Corps.

#Mexico Will Reclaim Our Occupied Lands Throughout The North.",MB05,the western project has died it never truly existed it never will the vile jewish zionist propaganda has been exposed by the valor of the ancient people of iran and their islamic revolutionary guard corps mexico will reclaim our occupied lands throughout the north,western project die truly exist vile jewish zionist propaganda expose valor ancient people iran islamic revolutionary guard corps mexico reclaim occupy land north
2045366687168401511,"Iran said. Iranian officials have stated the strait will remain open under their control—specifically under the Iranian Revolutionary Guard Corps—using coordinated, predetermined routes.",MB05,iran said iranian officials have stated the strait will remain open under their control specifically under the iranian revolutionary guard corps using coordinated predetermined routes,iran say iranian official state strait remain open control specifically iranian revolutionary guard corp coordinate predetermine route
2045352937270935731,"The Iranian terrorist regime is not worth continuing to rule Iran, and I repeat that President Trump is (deceived) by them and imagines that this regime has changed. On the contrary, the regime is now run by the Iranian Revolutionary Guard and has become more hardline. Either",MB05,the iranian terrorist regime is not worth continuing to rule iran and i repeat that president trump is deceived by them and imagines that this regime has changed on the contrary the regime is now run by the iranian revolutionary guard and has become more hardline either,iranian terrorist regime worth continue rule iran repeat president trump deceive imago regime change contrary regime run iranian revolutionary guard hardline
2045352532621382105,"The Iranian terrorist regime is not worth continuing to rule Iran, and I repeat that President Trump is (deceived) by them and imagines that this regime has changed. On the contrary, the regime is now run by the Iranian Revolutionary Guard and has become more hardline. Either",MB05,the iranian terrorist regime is not worth continuing to rule iran and i repeat that president trump is deceived by them and imagines that this regime has changed on the contrary the regime is now run by the iranian revolutionary guard and has become more hardline either,iranian terrorist regime worth continue rule iran repeat president trump deceive imago regime change contrary regime run iranian revolutionary guard hardline
2045352416497860882,"The Iranian terrorist regime is not worth continuing to rule Iran, and I repeat that President Trump is (deceived) by them and imagines that this regime has changed. On the contrary, the regime is now run by the Iranian Revolutionary Guard and has become more hardline. Either",MB05,the iranian terrorist regime is not worth continuing to rule iran and i repeat that president trump is deceived by them and imagines that this regime has changed on the contrary the regime is now run by the iranian revolutionary guard and has become more hardline either,iranian terrorist regime worth continue rule iran repeat president trump deceive imago regime change contrary regime run iranian revolutionary guard hardline
2045352303075484138,"The Iranian terrorist regime is not worth continuing to rule Iran, and I repeat that President Trump is (deceived) by them and imagines that this regime has changed. On the contrary, the regime is now run by the Iranian Revolutionary Guard and has become more hardline. Either",MB05,the iranian terrorist regime is not worth continuing to rule iran and i repeat that president trump is deceived by them and imagines that this regime has changed on the contrary the regime is now run by the iranian revolutionary guard and has become more hardline either,iranian terrorist regime worth continue rule iran repeat president trump deceive imago regime change contrary regime run iranian revolutionary guard hardline
2045352186188595592,"The Iranian terrorist regime is not worth continuing to rule Iran, and I repeat that President Trump is (deceived) by them and imagines that this regime has changed. On the contrary, the regime is now run by the Iranian Revolutionary Guard and has become more hardline. Either",MB05,the iranian terrorist regime is not worth continuing to rule iran and i repeat that president trump is deceived by them and imagines that this regime has changed on the contrary the regime is now run by the iranian revolutionary guard and has become more hardline either,iranian terrorist regime worth continue rule iran repeat president trump deceive imago regime change contrary regime run iranian revolutionary guard hardline
2045352145197621741,"The Iranian terrorist regime is not worth continuing to rule Iran, and I repeat that President Trump is (deceived) by them and imagines that this regime has changed. On the contrary, the regime is now run by the Iranian Revolutionary Guard and has become more hardline. Either",MB05,the iranian terrorist regime is not worth continuing to rule iran and i repeat that president trump is deceived by them and imagines that this regime has changed on the contrary the regime is now run by the iranian revolutionary guard and has become more hardline either,iranian terrorist regime worth continue rule iran repeat president trump deceive imago regime change contrary regime run iranian revolutionary guard hardline
2045352066176987394,"The Iranian terrorist regime is not worth continuing to rule Iran, and I repeat that President Trump is (deceived) by them and imagines that this regime has changed. On the contrary, the regime is now run by the Iranian Revolutionary Guard and has become more hardline. Either",MB05,the iranian terrorist regime is not worth continuing to rule iran and i repeat that president trump is deceived by them and imagines that this regime has changed on the contrary the regime is now run by the iranian revolutionary guard and has become more hardline either,iranian terrorist regime worth continue rule iran repeat president trump deceive imago regime change contrary regime run iranian revolutionary guard hardline
2045352005325979828,"The Iranian terrorist regime is not worth continuing to rule Iran, and I repeat that President Trump is (deceived) by them and imagines that this regime has changed. On the contrary, the regime is now run by the Iranian Revolutionary Guard and has become more hardline. Either",MB05,the iranian terrorist regime is not worth continuing to rule iran and i repeat that president trump is deceived by them and imagines that this regime has changed on the contrary the regime is now run by the iranian revolutionary guard and has become more hardline either,iranian terrorist regime worth continue rule iran repeat president trump deceive imago regime change contrary regime run iranian revolutionary guard hardline
2045351906252394919,"The Iranian terrorist regime is not worth continuing to rule Iran, and I repeat that President Trump is (deceived) by them and imagines that this regime has changed. On the contrary, the regime is now run by the Iranian Revolutionary Guard and has become more hardline. Either",MB05,the iranian terrorist regime is not worth continuing to rule iran and i repeat that president trump is deceived by them and imagines that this regime has changed on the contrary the regime is now run by the iranian revolutionary guard and has become more hardline either,iranian terrorist regime worth continue rule iran repeat president trump deceive imago regime change contrary regime run iranian revolutionary guard hardline
2045351648193548631,"“Azizi lied on his visa application and denied ever being a member of the Student Basij Organization ‌in Iran, which supports the [Islamic Revolutionary Guard Corps], from approximately 2006–2010,” the DHS spokesman said.

Continue reading in thread.",MB05,azizi lied on his visa application and denied ever being a member of the student basij organization in iran which supports the islamic revolutionary guard corps from approximately 2006 2010 the dhs spokesman said continue reading in thread,azizi lie visa application deny member student basij organization iran support islamic revolutionary guard corp approximately dhs spokesman say continue read thread
2045351638311800973,"The Iranian terrorist regime is not worth continuing to rule Iran, and I repeat that President Trump is (deceived) by them and imagines that this regime has changed. On the contrary, the regime is now run by the Iranian Revolutionary Guard and has become more hardline. Either",MB05,the iranian terrorist regime is not worth continuing to rule iran and i repeat that president trump is deceived by them and imagines that this regime has changed on the contrary the regime is now run by the iranian revolutionary guard and has become more hardline either,iranian terrorist regime worth continue rule iran repeat president trump deceive imago regime change contrary regime run iranian revolutionary guard hardline
2045351337479590271,"The Iranian terrorist regime is not worth continuing to rule Iran, and I repeat that President Trump is (deceived) by them and imagines that this regime has changed. On the contrary, the regime is now run by the Iranian Revolutionary Guard and has become more hardline. Either",MB05,the iranian terrorist regime is not worth continuing to rule iran and i repeat that president trump is deceived by them and imagines that this regime has changed on the contrary the regime is now run by the iranian revolutionary guard and has become more hardline either,iranian terrorist regime worth continue rule iran repeat president trump deceive imago regime change contrary regime run iranian revolutionary guard hardline
2045345292116005137,"The Iranian regime is still intact and the Revolutionary Guard and hardliners are now in-charge. 

No nukes. No nukes before the war, either. 

Iran now controls the Strait. Nobody controlled the Strait before Trump bumbled into war. 

Not one objective was achieved.",MB05,the iranian regime is still intact and the revolutionary guard and hardliners are now in charge no nukes no nukes before the war either iran now controls the strait nobody controlled the strait before trump bumbled into war not one objective was achieved,iranian regime intact revolutionary guard hardliner charge nuke nuke war iran control strait control strait trump bumble war objective achieve
2045338968556810498,"Glory to Hamas, Hezbollah, Ansarallah and the revolutionary Islamic guard of Iran. Gaza and all Palestine will be liberated from the sionist entity. Inshallah...",MB05,glory to hamas hezbollah ansarallah and the revolutionary islamic guard of iran gaza and all palestine will be liberated from the sionist entity inshallah,glory hamas hezbollah ansarallah revolutionary islamic guard iran gaza palestine liberate sionist entity inshallah
2045338928459427887,"After decades of massacres and repression, the Iranian resistance stands stronger—organized, resilient, and determined.

It has challenged the Islamic Revolutionary Guard Corps for over four decades.

The people of Iran are not going backward. They are fighting for a free,",MB05,after decades of massacres and repression the iranian resistance stands stronger organized resilient and determined it has challenged the islamic revolutionary guard corps for over four decades the people of iran are not going backward they are fighting for a free,decade massacre repression iranian resistance stand strong organize resilient determine challenge islamic revolutionary guard corp decade people iran go backward fight free
2045333525080289376,"So Iran says both Israel & USA is once again attacking them! Current Situation
Iran’s Islamic Revolutionary Guard Corps (IRGC) has announced that the Strait of Hormuz is closed, threatening to set ablaze any vessel attempting to transit the waterway following joint US-Israeli",MB05,so iran says both israel usa is once again attacking them current situation iran s islamic revolutionary guard corps irgc has announced that the strait of hormuz is closed threatening to set ablaze any vessel attempting to transit the waterway following joint us israeli,iran say israel usa attack current situation iran s islamic revolutionary guard corps irgc announce strait hormuz close threaten set ablaze vessel attempt transit waterway follow joint israeli
2045327211297665509,Let us evaluate: The Moors conquered SPAIN and occupied it for 700 years until the Spanish drove them out.  The MULLAHS and Revolutionary Guard have conquered IRAN with 2 million Lunatics controlling 90 million good and friendly people.  The Mullahs and IRG have to go!,MB05,let us evaluate the moors conquered spain and occupied it for 700 years until the spanish drove them out the mullahs and revolutionary guard have conquered iran with 2 million lunatics controlling 90 million good and friendly people the mullahs and irg have to go,let evaluate moor conquer spain occupy year spanish drive mullah revolutionary guard conquer iran million lunatic control million good friendly people mullah irg
2045323460390604964,Scholars rebel but never succeed in a decade. You Iranian intellectuals have completely underestimated how firmly the Revolutionary Guard and the Basij control Iran's grassroots. Blaming Trump now is meaningless. A month of bombing cannot change Iranian society. This shows Iran,MB05,scholars rebel but never succeed in a decade you iranian intellectuals have completely underestimated how firmly the revolutionary guard and the basij control iran s grassroots blaming trump now is meaningless a month of bombing cannot change iranian society this shows iran,scholars rebel succeed decade iranian intellectual completely underestimate firmly revolutionary guard basij control iran s grassroot blaming trump meaningless month bombing change iranian society show iran
2045323002313654724,Scholars rebel but never succeed in a decade. You Iranian intellectuals have completely underestimated how firmly the Revolutionary Guard and the Basij control Iran's grassroots. Blaming Trump now is meaningless. A month of bombing cannot change Iranian society. This shows Iran,MB05,scholars rebel but never succeed in a decade you iranian intellectuals have completely underestimated how firmly the revolutionary guard and the basij control iran s grassroots blaming trump now is meaningless a month of bombing cannot change iranian society this shows iran,scholars rebel succeed decade iranian intellectual completely underestimate firmly revolutionary guard basij control iran s grassroot blaming trump meaningless month bombing change iranian society show iran
2045321302094016860,Scholars rebel but never succeed in a decade. You Iranian intellectuals have completely underestimated how firmly the Revolutionary Guard and the Basij control Iran's grassroots. Blaming Trump now is meaningless. A month of bombing cannot change Iranian society. This shows Iran,MB05,scholars rebel but never succeed in a decade you iranian intellectuals have completely underestimated how firmly the revolutionary guard and the basij control iran s grassroots blaming trump now is meaningless a month of bombing cannot change iranian society this shows iran,scholars rebel succeed decade iranian intellectual completely underestimate firmly revolutionary guard basij control iran s grassroot blaming trump meaningless month bombing change iranian society show iran
2045320252104511645,Scholars rebel but never succeed in a decade. You Iranian intellectuals have completely underestimated how firmly the Revolutionary Guard and the Basij control Iran's grassroots. Blaming Trump now is meaningless. A month of bombing cannot change Iranian society. This shows Iran,MB05,scholars rebel but never succeed in a decade you iranian intellectuals have completely underestimated how firmly the revolutionary guard and the basij control iran s grassroots blaming trump now is meaningless a month of bombing cannot change iranian society this shows iran,scholars rebel succeed decade iranian intellectual completely underestimate firmly revolutionary guard basij control iran s grassroot blaming trump meaningless month bombing change iranian society show iran
2045314361032331745,"On January 8, 2020, Iran's Islamic Revolutionary Guard Corps shot down Ukraine International Airlines Flight 752 shortly after takeoff from Tehran, killing all 176 people on board. 
Iran used a Russian BUK antiaircraft system and tried to deny everything in spite of culpability.",MB05,on january 8 2020 iran s islamic revolutionary guard corps shot down ukraine international airlines flight 752 shortly after takeoff from tehran killing all 176 people on board iran used a russian buk antiaircraft system and tried to deny everything in spite of culpability,january iran s islamic revolutionary guard corps shoot ukraine international airline flight shortly takeoff tehran kill people board iran russian buk antiaircraft system try deny spite culpability
2045311700803666228,"Iran announces new rules for Strait of Hormuz transit

Iran’s Revolutionary Guard Navy says a new order is now in effect in the Strait of Hormuz following the Lebanon ceasefire and the current battlefield pause.",MB05,iran announces new rules for strait of hormuz transit iran s revolutionary guard navy says a new order is now in effect in the strait of hormuz following the lebanon ceasefire and the current battlefield pause,iran announce new rule strait hormuz transit iran s revolutionary guard navy say new order effect strait hormuz follow lebanon ceasefire current battlefield pause
2045310239486915006,"The entire Iran Revolutionary Guard would find it impossible to remove my head deeply buried here

From DMs",MB05,the entire iran revolutionary guard would find it impossible to remove my head deeply buried here from dms,entire iran revolutionary guard find impossible remove head deeply bury dms
2045307944019861951,"The American Wall Street Journal: 
Ships that have passed through the Strait of Hormuz in recent days have used a route determined by Iran.

Source in Islamic Revolutionary Guard Corps:
Keeping Strait of Hormuz Open ‘Conditioned on US Adherence to Ceasefire Terms’",MB05,the american wall street journal ships that have passed through the strait of hormuz in recent days have used a route determined by iran source in islamic revolutionary guard corps keeping strait of hormuz open conditioned on us adherence to ceasefire terms,american wall street journal ship pass strait hormuz recent day route determine iran source islamic revolutionary guard corp keep strait hormuz open condition adherence ceasefire term
